<?xml version="1.0"?>
<tei xml:space="preserve">
	<teiHeader>
		<fileDesc xml:id="000GRAP0O64BGFM" />
	</teiHeader>
	<text xml:lang="en">
		<front>
			<lb />
			<page>
				Page 1 of 4
				<lb />
			</page>
			<court>
				IN THE HIGH COURT OF DELHI AT NEW DELHI
				<lb />
			</court>
			<judgement_date>
				Date of Order: December 18, 2018
				<lb />
			</judgement_date>
			<petitioner>
				OM PRAKASH LAMBA &amp; ORS.
				<lb />
				.....
				
				Petitioners
				<lb />
			</petitioner>
			<extra>
				Through:
				<lb />
			</extra>
			<petitioner_lawyer>
				Mr. Ashish Tanwar &amp;
				<lb />
				Mr. Lovinder Chaudhary,
				<lb />
			</petitioner_lawyer>
			<extra>
				Advocates
				<lb />
			</extra>
			<extra>
				Versus
				<lb />
			</extra>
			<respondent>
				STATE &amp; ORS.
				<lb />
				.....
				
				Respondent
				<lb />
			</respondent>
			<extra>
				Through:
			</extra>
			<respondent_lawyer>
				Ms. Neelam Sharma
			</respondent_lawyer>
			<extra>
				,Additional
				<lb />
				Public Prosecutor for respondent
				<lb />
				No.1-State with SI Shiv Kumar.
				<lb />
				Respondents No.2 &amp; 3 in person
				<lb />
				with
			</extra>
			<respondent_lawyer>
				<lb />
				Mr. S.Chaturvedi, Advocate
				<lb />
			</respondent_lawyer>
			<petitioner>
				RAKESH @ BUNTI &amp; ORS.
				<lb />
				.....
				
				Petitioners
				<lb />
			</petitioner>
			<extra>
				Through:
			</extra>
			<petitioner_lawyer>
				Mr. S.Chaturvedi, Advocate
				<lb />
			</petitioner_lawyer>
			<extra>
				Versus
				<lb />
			</extra>
			<respondent>
				STATE &amp; ANR.
				<lb />
				.....
				
				Respondents
				<lb />
			</respondent>
			<extra>
				Through :
			</extra>
			<respondent_lawyer>
				Mr.M.P.Singh
				<lb />
			</respondent_lawyer>
			<extra>
				, Additional Public
				<lb />
				Prosecutor for respondent No.1-
				<lb />
				State with SI Shiv Kumar.
				<lb />
				Respondent No.2 in person with
				<lb />
			</extra>
			<respondent_lawyer>
				Mr. Ashish Tanwar &amp;
				<lb />
				Mr. Lovinder Chaudhary,
				<lb />
			</respondent_lawyer>
			<extra>
				<lb />
				Advocates
				<lb />
			</extra>
			<judge>
				CORAM:
				<lb />
				HON&apos;BLE MR. JUSTICE SUNIL GAUR
				<lb />
			</judge>
			<document_type>
				ORDER
				<lb />
				(ORAL)
				<lb />
			</document_type>
		</front>
	</text>
</tei>
