<?xml version="1.0"?>
<tei xml:space="preserve">
	<teiHeader>
		<fileDesc xml:id="00H9FMWQYQR35VQ" />
	</teiHeader>
	<text xml:lang="en">
		<front>
			<lb />
			<page>
				Page 1 of 3
				<lb />
			</page>
			<court>
				IN THE HIGH COURT OF DELHI AT NEW DELHI
				<lb />
			</court>
			<judgement_date>
				Date of decision: 04.12.2018
				<lb />
			</judgement_date>
			<petitioner>
				PALLAVI FIRMS &amp; NURSERIES
				<lb />
				.....
				
				
				Petitioner
				<lb />
			</petitioner>
			<extra>
				Through
			</extra>
			<petitioner_lawyer>
				Dr. Kedarnath Tripathy and Mr.
				<lb />
				B.B. Pradhan, Advs.
				<lb />
			</petitioner_lawyer>
			<extra>
				Versus
				<lb />
			</extra>
			<respondent>
				NATIONAL SEEDS CORPORATION LIMITED
				<lb />
				.....
				
				
				Respondent
				<lb />
			</respondent>
			<extra>
				Through
				<lb />
			</extra>
			<respondent_lawyer>
				Mr. Yashvardhan, Ms. Smita Kant,
				<lb />
				Mr. Abhishek Praharaj and Mr.
				<lb />
				Puneet Kumar
				<lb />
			</respondent_lawyer>
			<extra>
				, Advs.
				<lb />
			</extra>
			<judge>
				CORAM:
				<lb />
				HON&apos;BLE MR. JUSTICE RAJIV SHAKDHER
				<lb />
			</judge>
		</front>
	</text>
</tei>
