<?xml version="1.0"?>
<tei xml:space="preserve">
	<teiHeader>
		<fileDesc xml:id="00S3PU2TZZ16JR9" />
	</teiHeader>
	<text xml:lang="en">
		<front>
			<lb />
			<page>
				Page 1 of 4
				<lb />
			</page>
			<court>
				IN THE HIGH COURT OF DELHI AT NEW DELHI
				<lb />
			</court>
			<judgement_date>
				Judgment delivered on: 27 th September, 2018
				<lb />
			</judgement_date>
			<petitioner>
				M/S TARA CHAND SUMIT CONST. CO.
				<lb />
				.....
				Petitioner
			</petitioner>
			<extra>
				versus
				<lb />
			</extra>
			<respondent>
				DELHI DEVELOPMENT AUTHORITY
				<lb />
				.....
				Respondent
			</respondent>
			<extra>
				Advocates who appeared in this case:
				<lb />
				For the Petitioner
				<lb />
			</extra>
			<petitioner_lawyer>
				Ms. Stuti Jain and Mr. Akshu Jain
				<lb />
			</petitioner_lawyer>
			<extra>
				, Advocates.
				<lb />
			</extra>
			<extra>
				For the Respondent
				<lb />
			</extra>
			<respondent_lawyer>
				Ms. Kanika Singh and Mr. Sangram Singh
				<lb />
			</respondent_lawyer>
			<extra>
				, Advocates
				<lb />
				for DDA.
			</extra>
			<judge>
				CORAM:
				<lb />
				HON&apos;BLE MR. JUSTICE SIDDARTH MRIDUL
				<lb />
			</judge>
			<document_type>
				J U D G M E N T
				<lb />
			</document_type>
		</front>
	</text>
</tei>
