<?xml version="1.0"?>
<tei xml:space="preserve">
	<teiHeader>
		<fileDesc xml:id="03ad9154cb08cceac011ecfa157afb2e" />
	</teiHeader>
	<text xml:lang="en">
		<front>
			<case_number>
				<lb />
				O.M.P.(I) (COMM.) 142/2020
				<lb />
			</case_number>
			<page>
				Page 1 of
			</page>
			<lb />
			$~1
			<lb />
			*
			<lb />
			<court>
				IN THE HIGH COURT OF DELHI AT NEW DELHI
				<lb />
			</court>
			<judgement_date>
				Reserved on: 26 th August,
				<lb />
				Pronounced on: 31 st August
			</judgement_date>
			,
			<lb />
			+
			<lb />
			<case_number>
				O.M.P.(I) (COMM.) 142/2020
			</case_number>
			<extra>
				&amp;
			</extra>
			<case_number>
				4600/2020, I.A.
				<lb />
				4942/2020, I.A. 4943/2020
			</case_number>
			<lb />
			<petitioner>
				SUNIL GOEL
				<lb />
				.....
				
				Petitioner
				<lb />
			</petitioner>
			<extra>
				Through:
			</extra>
			<petitioner_lawyer>
				Mr. Raj Shekhar Rao
			</petitioner_lawyer>
			<extra>
				and
			</extra>
			<petitioner_lawyer>
				Mr.
				<lb />
				Rajesh P.,Advs.
			</petitioner_lawyer>
			<extra>
				versus
			</extra>
			<lb />
			<respondent>
				INDIABULLS HOUSING FINANCE LIMITED .
				
				
				..
				
				Respondent
				<lb />
			</respondent>
			<extra>
				Through:
			</extra>
			<respondent_lawyer>
				Mr. Sunil Dalal,
			</respondent_lawyer>
			<respondent_lawyer>
				Mr. Jaskaran
				<lb />
				Singh and Mr. Kashish Narang,
			</respondent_lawyer>
			<lb />
			<extra>
				Advs. for IBHFL
			</extra>
			<lb />
			<respondent_lawyer>
				Mr. Sandeep Sethi, Sr. Adv.
			</respondent_lawyer>
			<lb />
			<extra>
				assisted by
			</extra>
			<respondent_lawyer>
				Mr. Shalabh
				<lb />
				Singhal,
			</respondent_lawyer>
			<extra>
				Adv. for M/s Guild
				<lb />
				Builders Pvt. Ltd
			</extra>
			<lb />
			<judge>
				CORAM:
				<lb />
				HON&apos;BLE MR. JUSTICE C. HARI SHANKAR
			</judge>
			<lb />
			<document_type>
				J U D G M E N T
			</document_type>
			<lb />
		</front>
	</text>
</tei>
