<?xml version="1.0"?>
<tei xml:space="preserve">
	<teiHeader>
		<fileDesc xml:id="0A6MIWJJF61JRQV" />
	</teiHeader>
	<text xml:lang="en">
		<front>
			<lb />
			<page>
				Page 1 of 7
				<lb />
			</page>
			<court>
				IN THE HIGH COURT OF DELHI AT NEW DELHI
				<lb />
			</court>
			<judgement_date>
				Date of Decision: December 02, 2016
				<lb />
			</judgement_date>
			<petitioner>
				GYAN CHAND
				<lb />
				.....
				Appellant
				<lb />
			</petitioner>
			<extra>
				Through:
			</extra>
			<petitioner_lawyer>
				Mr.N.K.Aggarwal &amp; Ms.Nupur
				<lb />
				Sachdeva
			</petitioner_lawyer>
			<extra>
				, Advocates with appellant in
				<lb />
				person
				<lb />
			</extra>
			<extra>
				versus
			</extra>
			<lb />
			<respondent>
				KAMLESH
				<lb />
				.....
				Respondent
				<lb />
			</respondent>
			<extra>
				Through:
			</extra>
			<respondent_lawyer>
				Mr.Deepak Gupta,
			</respondent_lawyer>
			<extra>
				Advocate with
				<lb />
			</extra>
			<respondent_lawyer>
				Mr.Ankush Sharma &amp; Mr.Gaurav Dhakar,
				<lb />
			</respondent_lawyer>
			<extra>
				Advocates
				<lb />
			</extra>
			<judge>
				CORAM:
				<lb />
				HON&apos;BLE MS. JUSTICE PRATIBHA RANI
				<lb />
			</judge>
			<document_type>
				JUDGMENT (Oral)
				<lb />
			</document_type>
		</front>
	</text>
</tei>
