<?xml version="1.0"?>
<tei xml:space="preserve">
	<teiHeader>
		<fileDesc xml:id="0AK4YTDX3YETOXL" />
	</teiHeader>
	<text xml:lang="en">
		<front>
			<lb />
			<page>
				Page 1 of 9
				<lb />
			</page>
			<court>
				IN THE HIGH COURT OF DELHI AT NEW DELHI
				<lb />
			</court>
			<judgement_date>
				Date of Judgment: 27 th August, 2018
				<lb />
			</judgement_date>
			<petitioner>
				TARUN PULLANI
				<lb />
				.....
				Appellant
				<lb />
			</petitioner>
			<extra>
				Through:
			</extra>
			<petitioner_lawyer>
				Mr. Chirag Babbar,
				<lb />
			</petitioner_lawyer>
			<extra>
				Adv
			</extra>
			<extra>
				versus
				<lb />
			</extra>
			<respondent>
				SHILPA PULLANI
				<lb />
				.....
				
				Respondent
				<lb />
			</respondent>
			<extra>
				Through:
			</extra>
			<respondent_lawyer>
				Ms Anjali Sharma,
				<lb />
			</respondent_lawyer>
			<extra>
				Adv
			</extra>
			<judge>
				CORAM:
				<lb />
				HON&apos;BLE MR. JUSTICE G.S.SISTANI
				<lb />
				HON&apos;BLE MS. JUSTICE SANGITA DHINGRA SEHGAL
				<lb />
			</judge>
		</front>
	</text>
</tei>
