<?xml version="1.0"?>
<tei xml:space="preserve">
	<teiHeader>
		<fileDesc xml:id="0ANMW2SYGH3VZZ5" />
	</teiHeader>
	<text xml:lang="en">
		<front>
			<lb />
			<page>
				Page 1 of 8
				<lb />
			</page>
			<court>
				IN THE HIGH COURT OF DELHI AT NEW DELHI
				<lb />
			</court>
			<judgement_date>
				Judgment delivered on: 1 st February, 2016
				<lb />
			</judgement_date>
			<petitioner>
				DHARMENDER PAL SONI &amp; ORS
				<lb />
				.....
				Petitioner
				<lb />
			</petitioner>
			<extra>
				Represented by:
			</extra>
			<petitioner_lawyer>
				Mr. R.K. Sharma and
				<lb />
				Mr. Yogesh Chhabra, Advs.
				<lb />
			</petitioner_lawyer>
			<extra>
				versus
				<lb />
			</extra>
			<respondent>
				STATE (NCT OF DELHI) &amp; ORS
				.....
				Respondents
				<lb />
			</respondent>
			<extra>
				Represented by:
			</extra>
			<respondent_lawyer>
				Mr. Arun Kr. Sharma, APP for
				<lb />
				State with SI Sachin Tomar, PS-Pandav Nagar.
				<lb />
			</respondent_lawyer>
			<judge>
				CORAM:
				<lb />
				HON&apos;BLE MR. JUSTICE SURESH KAIT
				<lb />
			</judge>
		</front>
	</text>
</tei>
