<?xml version="1.0"?>
<tei xml:space="preserve">
	<teiHeader>
		<fileDesc xml:id="0AY9L22M781DVQ9" />
	</teiHeader>
	<text xml:lang="en">
		<front>
			<lb />
			<page>
				Page 1 of 7
				<lb />
			</page>
			<court>
				IN THE HIGH COURT OF DELHI AT NEW DELHI
				<lb />
			</court>
			<judgement_date>
				Judgment delivered on: 10 th January, 2018
				<lb />
			</judgement_date>
			<petitioner>
				DESH RAJ
				<lb />
				.....
				Appellant
				<lb />
			</petitioner>
			<extra>
				Through: Mr.
			</extra>
			<petitioner_lawyer>
				Sultan Singh,
			</petitioner_lawyer>
			<extra>
				Senior Advocate
				<lb />
				with
			</extra>
			<petitioner_lawyer>
				Mr. Motish K. Singh &amp; Mr.
				<lb />
				Saurav Sachdeva
				<lb />
			</petitioner_lawyer>
			<extra>
				, Advocates.
			</extra>
			<extra>
				versus
				<lb />
			</extra>
			<respondent>
				VIDYA DEVI &amp; ORS
				<lb />
				.....
				Respondents
				<lb />
			</respondent>
			<extra>
				Through:
			</extra>
			<respondent_lawyer>
				Mr. Sunil Khanna,
				<lb />
			</respondent_lawyer>
			<extra>
				Advocate for R-1.
			</extra>
			<respondent_lawyer>
				Mr. Amit Ojha,
				<lb />
			</respondent_lawyer>
			<extra>
				Advocate for R-2,3 &amp;
				<lb />
				5.
				<lb />
			</extra>
			<judge>
				CORAM:
				<lb />
				HON&apos;BLE MR. JUSTICE PRATHIBA M.SINGH
				<lb />
			</judge>
		</front>
	</text>
</tei>
