<?xml version="1.0"?>
<tei xml:space="preserve">
	<teiHeader>
		<fileDesc xml:id="0B16W85689B3IY0" />
	</teiHeader>
	<text xml:lang="en">
		<front>
			<lb />
			<page>
				Page 1 of 9
				<lb />
			</page>
			<court>
				IN THE HIGH COURT OF DELHI AT NEW DELHI
				<lb />
			</court>
			<judgement_date>
				Judgment reserved on: 15.3.2016
				<lb />
				Judgment delivered on: 17.3.2016
				<lb />
			</judgement_date>
			<petitioner>
				M/S TEXMACO LTD
				<lb />
				(NOW KNOWN AS M/S TEXMACO
				<lb />
				INFRASTRUCTURE &amp; HOLDING LTD).....
				Petitioner
				<lb />
			</petitioner>
			<extra>
				Through
				<lb />
			</extra>
			<petitioner_lawyer>
				Mr. J.P. Sengh, Sr. Adv. with
				<lb />
				Mr.Amit Bhasin, Adv. and Mr. Rajesh
				<lb />
			</petitioner_lawyer>
			<extra>
				Dubari, Legal Officer.
				<lb />
			</extra>
			<extra>
				Versus
				<lb />
			</extra>
			<respondent>
				CH RAM SWAROOP WRESTLING CLUB &amp; ORS
				.....
				Respondents
				<lb />
			</respondent>
			<extra>
				Through
				<lb />
			</extra>
			<respondent_lawyer>
				Mr. Rakesh Munjal,
				<lb />
			</respondent_lawyer>
			<extra>
				Sr. Adv. with
			</extra>
			<respondent_lawyer>
				Mr.R.P. S. Sirohi, Adv for R-1.
				<lb />
			</respondent_lawyer>
			<judge>
				CORAM:
				<lb />
				HON&apos;BLE MS. JUSTICE INDERMEET KAUR
				<lb />
			</judge>
		</front>
	</text>
</tei>
