<?xml version="1.0"?>
<tei xml:space="preserve">
	<teiHeader>
		<fileDesc xml:id="0B261KJ1V6A0YEY" />
	</teiHeader>
	<text xml:lang="en">
		<front>
			<lb />
			<page>
				Page 1 of 4
				<lb />
			</page>
			<court>
				IN THE HIGH COURT OF DELHI AT NEW DELHI
				<lb />
			</court>
			<judgement_date>
				Date of Judgment: 12 th October, 2018
				<lb />
			</judgement_date>
			<petitioner>
				KAILASH CHANDRA SHARMA
				<lb />
				.....
				Appellant
				<lb />
			</petitioner>
			<extra>
				Through
				<lb />
			</extra>
			<petitioner_lawyer>
				Mr. Randhir Singh and Mr. S.K.
				<lb />
				Gupta
				<lb />
			</petitioner_lawyer>
			<extra>
				,Advocates
			</extra>
			<extra>
				versus
				<lb />
			</extra>
			<respondent>
				SMT. RAGINI
				<lb />
				.....
				Respondent
				<lb />
			</respondent>
			<extra>
				Through
				<lb />
			</extra>
			<respondent_lawyer>
				Mr. Manee Mridul, Mr. Achintya
				<lb />
				Dvivedi and Mr. B.P. Pandey,
				<lb />
			</respondent_lawyer>
			<extra>
				Advocates
				<lb />
			</extra>
			<judge>
				CORAM:
				<lb />
				HON&apos;BLE MR. JUSTICE G.S.SISTANI
				<lb />
				HON&apos;BLE MS. JUSTICE SANGITA DHINGRA SEHGAL
				<lb />
			</judge>
		</front>
	</text>
</tei>
