<?xml version="1.0"?>
<tei xml:space="preserve">
	<teiHeader>
		<fileDesc xml:id="0F56CK1S0RPRHLH" />
	</teiHeader>
	<text xml:lang="en">
		<lb />
		<court>
			*IN THE HIGH COURT OF DELHI AT NEW DELHI
			<lb />
		</court>
		<judgement_date>
			%
			<lb />
			Reserved on : 22 nd May, 2018
		</judgement_date>
		<judgement_date>
			<lb />
			Date of decision : 4 th August, 2018
		</judgement_date>
		<case_number>
			+
			<lb />
			W.P.
			(C) 8125/2016 &amp; CM No.3362/2016
			<lb />
		</case_number>
		<petitioner>
			FEDERATION OF OKHLA INDUSTRIAL
			<lb />
			ASSOCIATION (REGD
			
			.)
			<lb />
			....
			
			Petitioner
			<lb />
		</petitioner>
		<extra>
			versus
			<lb />
		</extra>
		<respondent>
			LT GOVERNOR OF DELHI AND ANR .
			....
			Respondents
			<lb />
		</respondent>
		<case_number>
			+
			<lb />
			W.P.
			(C) 12088/2016 &amp; CM Nos.9316/2017, 10386/2017 &amp;
			<lb />
			14678/2017
			<lb />
		</case_number>
		<petitioner>
			APEX CHAMBER OF COMMERCE AND INDUSTRY
			<lb />
			OF NCT DELHI
			<lb />
			....
			Petitioner
		</petitioner>
		<extra>
			<lb />
			versus
			<lb />
		</extra>
		<respondent>
			LT.
			
			
			GOVERNOR OF DELHI &amp; ANR
			<lb />
			.....
			Respondents
			<lb />
		</respondent>
		<case_number>
			+
			<lb />
			W.P.
			(C) 2658/2017 &amp; CM No.11560/2017
			<lb />
		</case_number>
		<petitioner>
			DELHI FACTORY OWNERS&apos; FEDERATION .
			
			
			..
			Petitioner
		</petitioner>
		<extra>
			<lb />
			versus
			<lb />
		</extra>
		<respondent>
			LT.
			
			
			GOVERNOR OF DELHI &amp; ANR.
			<lb />
			....
			
			Respondents
			<lb />
		</respondent>
		<case_number>
			+
			<lb />
			W.P.
			(C) 3360/2017
			
			&amp;
			
			
			CM No.14703/2017
		</case_number>
		<lb />
		<petitioner>
			AUTOMOBILE
			
			TRADERS ASSOCIATION
			<lb />
			OF DELHI
			<lb />
			.....
			
			Petitioner
		</petitioner>
		<extra>
			<lb />
			versus
			<lb />
		</extra>
		<respondent>
			LT GOVERNOR OF DELHI AND ANR .
			
			
			....
			
			Respondents
		</respondent>
		<lb />
		<case_number>
			+
			<lb />
			W.P.
			(C) 3385/2017
			
			
			&amp;
			
			
			CM No.14800/2017
		</case_number>
		<lb />
		<petitioner>
			COLORWHEEL
			<lb />
			.....
			
			Petitioner
		</petitioner>
		<lb />
		<extra>
			versus
		</extra>
		<lb />
		<respondent>
			LIEUTENANT GOVERNOR &amp; ANR
			<lb />
			....
			
			Respondents
			<lb />
		</respondent>
		<case_number>
			+
			<lb />
			W.P.
			(C) 3684/2017
			
			
			&amp;
			
			
			CM No.16236/2017
			<lb />
		</case_number>
		<petitioner>
			SEVEN SEAS HOSPITALITY PVT LTD
			<lb />
			.....
			
			Petitioner
		</petitioner>
		<extra>
			versus
			<lb />
		</extra>
		>
		<page>
			Page 1 of 218
		</page>
		<respondent>
			LT GOVERNER OF DELHI AND ANR .
			
			
			....
			
			Respondents
			<lb />
		</respondent>
		<case_number>
			+
			<lb />
			W.P.
			(C) 3792/2017 &amp; CM No.16681/2017
			<lb />
		</case_number>
		<petitioner>
			DMA NURSING HOME AND MEDICAL
			<lb />
			ESTABLISHMENT FORUM
			<lb />
			...
			
			Petitioner
			<lb />
		</petitioner>
		<extra>
			versus
			<lb />
		</extra>
		<respondent>
			LT GOVERNER OF DELHI AND ORS .
			
			
			....
			
			Respondents
			<lb />
		</respondent>
		<case_number>
			+
			<lb />
			W.P.
			(C) 3987/2017
			
			
			&amp;
			
			
			CM No.17543/2017
			<lb />
		</case_number>
		<petitioner>
			MALHOTRA CABLES PVT. LTD
			<lb />
			...
			
			Petitioner
			<lb />
		</petitioner>
		<extra>
			versus
			<lb />
		</extra>
		<respondent>
			LT GOVERNER OF DELHI AND ORS .
			
			
			....
			
			Respondents
			<lb />
		</respondent>
		<case_number>
			+
			<lb />
			W.P.
			(C) 4007/2017
			
			
			&amp;
			
			
			CM No.17632/2017
			<lb />
		</case_number>
		<petitioner>
			FEDERATION
			
			OF PUBLISHERS &amp; BOOKSELLERS
			<lb />
			ASSOCIATION IN INDIA &amp; ORS
			<lb />
			....
			Petitioners
			<lb />
		</petitioner>
		<extra>
			versus
			<lb />
		</extra>
		<respondent>
			LT.
			
			
			GOVERNOR OF DELHI &amp; ANR
			<lb />
			.....
			
			Respondents
			<lb />
		</respondent>
		<case_number>
			+
			<lb />
			W.P.
			(C) 4080/2017, CM Nos.17912/2017 &amp; 20168/2017
			<lb />
		</case_number>
		<petitioner>
			DELHI VOLUNTARY HOSPITAL FORUM &amp; ANR.
			<lb />
			…….Petitioners
			<lb />
		</petitioner>
		<extra>
			versus
			<lb />
		</extra>
		<respondent>
			LT.
			
			
			GOVERNOR OF DELHI &amp; ANR
			<lb />
			.....
			
			Respondents
			<lb />
		</respondent>
		<case_number>
			+
			<lb />
			W.P.
			(C) 4102/2017
			
			
			&amp;
			
			
			CM No.17996/2017
			<lb />
		</case_number>
		<petitioner>
			NEW DELHI TRADERS ASSOCIATION
			
			
			....
			. Petitioner
			<lb />
		</petitioner>
		<extra>
			versus
			<lb />
		</extra>
		<respondent>
			LT.
			
			
			GOVERNOR OF DELHI &amp; ANR
			<lb />
			.....
			
			Respondents
			<lb />
		</respondent>
		<case_number>
			+
			<lb />
			W.P.
			(C) 4103/2017
			
			
			&amp;
			
			
			CM No.17998/2017
			<lb />
		</case_number>
		<petitioner>
			SOUTH EXTENSION TRADERS
			<lb />
			ASSOCIATION
			<lb />
			...
			. Petitioner
			<lb />
		</petitioner>
		<extra>
			versus
			<lb />
		</extra>
		<respondent>
			LT.
			
			
			GOVERNOR OF DELHI &amp; ANR
			<lb />
			.....
			
			Respondents
			<lb />
		</respondent>
		<case_number>
			+
			<lb />
			W.P.
			(C) 4106/2017
			
			
			&amp;
			
			
			CM No.18004/2017
			<lb />
		</case_number>
		<petitioner>
			NATIONAL RESTAURANT ASSO. OF INDIA.
			
			
			..
			
			Petitioner
		</petitioner>
		<extra>
			versus
			<lb />
		</extra>
		<page>
			Page 2 of 218
		</page>
		<respondent>
			LT. GOVERNOR OF DELHI &amp; ANR
			
			....
			
			Respondents
			<lb />
		</respondent>
		<case_number>
			+
			<lb />
			W.P.
			(C) 4446/2017
			
			
			&amp;
			
			
			CM No.19413/2017
		</case_number>
		<lb />
		<petitioner>
			FOOTWEAR WHOLESALERS ASSO. (REGD).. Petitioner
		</petitioner>
		<lb />
		<extra>
			versus
		</extra>
		<lb />
		<respondent>
			LT
			
			
			GOVERNOR OF DELHI AND ANR .
			
			
			....
			
			Respondents
		</respondent>
		<lb />
		<case_number>
			+
			<lb />
			W.P.
			(C) 4493/2017
			
			
			&amp;
			
			
			CM No.19640/2017
		</case_number>
		<lb />
		<petitioner>
			FEDERATION
			
			OF DELHI TEXTILE MERCHANTS
			<lb />
			..
			
			Petitioner
		</petitioner>
		<lb />
		<extra>
			versus
		</extra>
		<lb />
		<respondent>
			LT GOVERNOR OF NCT OF DELHI &amp; ANR
			<lb />
			.....
			
			Respondents
		</respondent>
		<lb />
		<case_number>
			+
			<lb />
			W.P.
			
			(C) 4867/2017 &amp; CM No.21093/2017
			<lb />
		</case_number>
		<petitioner>
			METRO CASH AND CARRY INDIA PVT. LTD
			<lb />
			..
			.Petitioner
		</petitioner>
		<lb />
		<extra>
			versus
		</extra>
		<lb />
		<respondent>
			LT.
			
			
			GOVERNOR OF DELHI &amp; ANR
			<lb />
			....
			
			Respondents
		</respondent>
		<lb />
		<case_number>
			+
			<lb />
			W.P.
			(C) 4934/2017
			
			
			&amp;
			
			
			CM No.21336/2017
		</case_number>
		<lb />
		<petitioner>
			M/S ACE
			
			FACILITIES MANAGEMENT
			<lb />
			SERVICES &amp; ANR.
			<lb />
			.....
			
			Petitioner
		</petitioner>
		<lb />
		<extra>
			versus
		</extra>
		<lb />
		<respondent>
			LT GOVERNOR OF DELHI AND ANR .
			
			
			....Respondents
		</respondent>
		<lb />
		<case_number>
			+
			<lb />
			W.P.
			
			(C) 4998/2017&amp; CM No.21608/2017
		</case_number>
		<lb />
		<petitioner>
			DELHI HINDUSTANI MERCANTILE
			<lb />
			ASSO.(REGD)
			<lb />
			.....
			.Petitioner
		</petitioner>
		<lb />
		<extra>
			versus
		</extra>
		<lb />
		<respondent>
			LT.
			
			
			GOVERNOR OF NCT OF DELHI &amp; ANR
			<lb />
			…..
			
			Respondents
		</respondent>
		<lb />
		<case_number>
			+
			<lb />
			W.P.
			
			(C) 5013/2017&amp; CM No.21650/2017
		</case_number>
		<lb />
		<petitioner>
			RAJVAIDYA SHITAL PRASAD &amp; SONS .
			
			
			....
			
			Petitioners
		</petitioner>
		<lb />
		<extra>
			versus
		</extra>
		<lb />
		<respondent>
			LT GOVERNOR OF DELHI AND ANR .
			
			
			... Respondents
		</respondent>
		<lb />
		<case_number>
			+
			<lb />
			W.P.
			
			(C) 5026/2017&amp; CM No.21663/2017
		</case_number>
		<lb />
		<petitioner>
			ASSOCIATION OF GOLD LAON
			<lb />
			COMPAINIES INDIA
			<lb />
			.....
			
			Petitioner
		</petitioner>
		<lb />
		<page>
			Page 3 of 218
			<lb />
		</page>
		<extra>
			<lb />
			versus
			<lb />
		</extra>
		<respondent>
			LT GOVERNOR OF DELHI AND ANR .
			
			
			...
			
			Respondents
		</respondent>
		<lb />
		<case_number>
			+
			<lb />
			W.P.
			
			(C) 5199/2017&amp; CM No.22137/2017
		</case_number>
		<lb />
		<petitioner>
			ECOM EXPRESS PVT LTD
			<lb />
			....
			
			Petitioner
		</petitioner>
		<lb />
		<extra>
			versus
		</extra>
		<lb />
		<respondent>
			LT GOVERNOR OF DELHI AND ANR .
			
			
			....
			
			Respondents
		</respondent>
		<lb />
		<case_number>
			+
			<lb />
			W.P.
			
			(C) 5200/2017&amp; CM No.22139/2017
		</case_number>
		<lb />
		<petitioner>
			INDIAN SPINAL INJURIES CENTRE
			<lb />
			.....
			
			Petitioner
		</petitioner>
		<lb />
		<extra>
			versus
		</extra>
		<lb />
		<respondent>
			LT GOVERNOR OF DELHI AND ANR .
			
			
			.....
			
			Respondents
		</respondent>
		<lb />
		<case_number>
			+
			<lb />
			W.P.
			
			(C) 5214/2017&amp; CM No.22167/2017
			<lb />
		</case_number>
		<petitioner>
			THOMSON PRESS (
			
			INDIA) LTD
			<lb />
			.....
			
			Petitioner
		</petitioner>
		<lb />
		<extra>
			versus
		</extra>
		<lb />
		<respondent>
			LT GOVERNOR OF DELHI AND ANR .
			
			
			....
			
			Respondents
		</respondent>
		<lb />
		<case_number>
			+
			<lb />
			W.P.
			
			(C) 5217/2017&amp; CM No.22172/2017
		</case_number>
		<lb />
		<petitioner>
			FLT LT RAJAN DHALL CHARITABLE
			<lb />
			TRUST &amp; ORS
			<lb />
			.....
			
			Petitioners
		</petitioner>
		<lb />
		<extra>
			versus
		</extra>
		<lb />
		<respondent>
			LT GOVERNOR OF DELHI AND ANR .
			
			
			...
			
			Respondents
		</respondent>
		<lb />
		<case_number>
			+
			<lb />
			W.P.
			
			(C) 5218/2017&amp; CM No.22173/2017
			<lb />
		</case_number>
		<petitioner>
			CONNER INSTITUTE OF HEALTHCARE AND
			<lb />
			RESEARCH CENTRE P LTD AND ANR .
			
			
			....
			
			Petitioners
		</petitioner>
		<lb />
		<extra>
			versus
		</extra>
		<lb />
		<respondent>
			LT GOVERNOR OF DELHI AND ANR .
			
			
			.... Respondents
		</respondent>
		<lb />
		<case_number>
			+
			<lb />
			W.P.
			
			(C) 5753/2017&amp; CM No.23956/2017
			<lb />
		</case_number>
		<petitioner>
			DEEPAK GUPTA MEMORIAL FOUNDATION
			<lb />
			....
			. Petitioner
		</petitioner>
		<lb />
		<extra>
			versus
		</extra>
		<lb />
		<respondent>
			LT.
			
			
			GOVERNOR OF DELHI &amp; ANR
			<lb />
			.....
			
			Respondents
		</respondent>
		<lb />
		<case_number>
			+
			<lb />
			W.P.
			(C) 5779/2017
		</case_number>
		<lb />
		<petitioner>
			SOCIAL JURIST
			
			
			A CIVIL RIGHTS GROUP
			
			
			.....
			
			Petitioner
		</petitioner>
		<extra>
			<lb />
			versus
			<lb />
		</extra>
		<page>
			<lb />
			Page 4 of 218
			<lb />
		</page>
		<respondent>
			<lb />
			GOVT OF NCT OF DELHI
			<lb />
			.....
			
			Respondent
		</respondent>
		<lb />
		<case_number>
			+
			<lb />
			W.P.
			
			(C) 5933/2017 and CM No.24668/2017
			<lb />
		</case_number>
		<petitioner>
			ARTEMIS MEDICARE SERVICES LIMITED.
			
			
			...
			
			Petitioner
		</petitioner>
		<lb />
		<extra>
			versus
		</extra>
		<lb />
		<respondent>
			GOVT OF NCT OF DELHI
			<lb />
			.....
			
			Respondent
		</respondent>
		<lb />
		<case_number>
			+
			<lb />
			W.P.
			
			(C) 6078/2017 and CM No.25247/2017
			<lb />
		</case_number>
		<petitioner>
			AIRPORT SERVICE PROVIDERS ASSON .
			
			
			...
			
			Petitioner
		</petitioner>
		<lb />
		<extra>
			versus
		</extra>
		<lb />
		<respondent>
			LT GOVERNOR OF THE NATIONAL CAPITAL
			<lb />
			TERRITORY OF DELHI &amp; ANR
			<lb />
			....
			
			Respondents
		</respondent>
		<lb />
		<case_number>
			+
			<lb />
			W.P.
			
			(C) 6155/2017&amp; CM No.25609/2017
			<lb />
		</case_number>
		<petitioner>
			RETAILERS ASSOCIATION OF INDIA
			<lb />
			....
			. Petitioner
		</petitioner>
		<lb />
		<extra>
			versus
		</extra>
		<lb />
		<respondent>
			LT.
			
			
			GOVERNOR OF DELHI &amp; ANR.
			<lb />
			....
			
			Respondents
		</respondent>
		<lb />
		<case_number>
			+
			<lb />
			W.P.
			
			(C) 6794/2017&amp; CM No.28326/2017
			<lb />
		</case_number>
		<petitioner>
			TENON FACILITIES
			
			
			MANAGEMENT
			<lb />
			INDIAPVTLTD
			<lb />
			.....
			
			Petitioner
		</petitioner>
		<lb />
		<extra>
			versus
		</extra>
		<lb />
		<respondent>
			LT GOVERNOR OF DELHI AND ANR .
			
			
			...
			
			Respondents
		</respondent>
		<lb />
		<case_number>
			+
			<lb />
			W.P.
			
			(C) 6815/2017&amp; CM No.28372/2017
			<lb />
		</case_number>
		<petitioner>
			RARE HOSPITALITY AND SERVICES PVT LTD
			<lb />
			...
			
			Petitioner
		</petitioner>
		<lb />
		<extra>
			versus
		</extra>
		<lb />
		<respondent>
			LT GOVERNOR OF DELHI AND ORS .
			
			
			....
			
			Respondents
		</respondent>
		<lb />
		<case_number>
			+
			<lb />
			W.P.
			(C) 6841/2017&amp; CM No.28472/2017
		</case_number>
		<lb />
		<petitioner>
			M/S SECURITRANS
			
			
			INDIA PVT LTD
			<lb />
			.....
			
			Petitioner
		</petitioner>
		<lb />
		<extra>
			versus
		</extra>
		<lb />
		<respondent>
			LT GOVERNOR OF DELHI AND ANR .
			
			
			....
			
			Respondents
		</respondent>
		<lb />
		<case_number>
			+
			<lb />
			W.P.
			
			(C) 6990/2017&amp; CM No.28997/2017
		</case_number>
		<lb />
		<petitioner>
			WRITER SAFEGUAD PVT. LTD.
			<lb />
			.....
			
			Petitioner
		</petitioner>
		<lb />
		<extra>
			versus
		</extra>
		<lb />
		<respondent>
			LIEUTENANT GOVERNOR OF DELHI &amp; ANR
			<lb />
			…. Respondents
		</respondent>
		<lb />
		<case_number>
			+
			<lb />
			W.P.
			(C) 7012/2017&amp; CM No.29106/2017
		</case_number>
		<lb />
		<petitioner>
			CMS INFO SYSTEMS LIMITED
			<lb />
			....
			
			Petitioner
		</petitioner>
		<lb />
		<extra>
			versus
		</extra>
		<lb />
		<respondent>
			LT GOVERNOR OF DELHI AND ANR .
			
			
			...
			
			Respondents
		</respondent>
		<lb />
		<case_number>
			+
			<lb />
			W.P.
			(C) 7141/2017
		</case_number>
		<lb />
		<petitioner>
			VULCAN
			
			
			EXPRESS PRIVATE LIMITED
			
			
			....
			. Petitioner
		</petitioner>
		<lb />
		<extra>
			versus
		</extra>
		<lb />
		<respondent>
			LT.
			
			
			GOVERNOR OF DELHI &amp; ANR
			<lb />
			....
			
			Respondents
		</respondent>
		<lb />
		<case_number>
			+
			<lb />
			W.P.
			
			(C) 7760/2017&amp; CM No.32053/2017
		</case_number>
		<lb />
		<petitioner>
			THE LEELA PALACE, NEW DELHI
			<lb />
			....
			. Petitioner
		</petitioner>
		<lb />
		<extra>
			versus
		</extra>
		<lb />
		<respondent>
			LT.
			
			
			GOVERNOR OF DELHI &amp; ANR
			<lb />
			....
			
			Respondents
		</respondent>
		<lb />
		<case_number>
			+
			<lb />
			W.P.
			
			(C) 8229/2017&amp; CM No.33833/2017
		</case_number>
		<lb />
		<petitioner>
			JW MARRIOT HOTEL AEROCITY AND ANR
			
			
			. Petitioner
		</petitioner>
		<lb />
		<extra>
			versus
		</extra>
		<lb />
		<respondent>
			LT.
			
			
			GOVERNOR OF DELHI &amp; ANR
			<lb />
			....
			
			Respondents
		</respondent>
		<lb />
		<case_number>
			+
			<lb />
			W.P.
			
			(C) 8622/2017&amp; CM No.35424/2017
		</case_number>
		<lb />
		<petitioner>
			JAYPEE VASANT CONTINENTAL
			<lb />
			....
			. Petitioner
		</petitioner>
		<lb />
		<extra>
			versus
		</extra>
		<lb />
		<respondent>
			LT.
			
			
			GOVERNOR OF DELHI &amp; ANR
			<lb />
			....
			
			Respondents
		</respondent>
		<lb />
		<case_number>
			+
			<lb />
			W.P.
			
			(C) 9099/2017&amp; CM No.37207/2017
		</case_number>
		<lb />
		<petitioner>
			JONES LANG LASALLE PROPERTY CONSULTANTS
			<lb />
			(INDIA) PVT
			
			. LTD.
			<lb />
			....
			. Petitioner
		</petitioner>
		<lb />
		<extra>
			versus
		</extra>
		<lb />
		<respondent>
			LT.
			
			
			GOVERNOR OF DELHI &amp; ANR
			<lb />
			....
			
			Respondents
		</respondent>
		<lb />
		<case_number>
			+
			<lb />
			W.P.
			
			(C) 9187/2017&amp; CM No.37556/2017
		</case_number>
		<lb />
		<petitioner>
			JAYPEE SIDDHARTH
			<lb />
			.....
			
			Petitioner
		</petitioner>
		<extra>
			versus
		</extra>
		<lb />
		<page>
			Page 6 of 218
		</page>
		...
		<respondent>
			LT. GOVERNOR OF DELHI &amp; ANR
			....
			Respondents
		</respondent>
		<lb />
		<case_number>
			+
			<lb />
			W.P.
			
			(C) 9221/2017&amp; CM No.37681/2017
		</case_number>
		<lb />
		<petitioner>
			INDRAPRASTHA MEDICAL CORPORATION LIMITED
			<lb />
			....
			. Petitioner
		</petitioner>
		<lb />
		<extra>
			versus
		</extra>
		<lb />
		<respondent>
			LT.
			
			
			GOVERNOR OF DELHI &amp; ANR
			<lb />
			....
			
			Respondents
		</respondent>
		<lb />
		<case_number>
			+
			<lb />
			W.P.
			
			(C) 9446/2017&amp; CM No.38428/2017
		</case_number>
		<lb />
		<petitioner>
			EIH LTD.
			<lb />
			....
			. Petitioner
		</petitioner>
		<lb />
		<extra>
			versus
		</extra>
		<lb />
		<respondent>
			LT.
			
			
			GOVERNOR OF DELHI &amp; ANR
			<lb />
			....
			
			Respondents
		</respondent>
		<lb />
		<case_number>
			+
			<lb />
			W.P.
			
			(C) 7495/2017&amp; CM No.30926/2017
		</case_number>
		<lb />
		<petitioner>
			DARCL LOGISTICS LTD.
			<lb />
			....
			. Petitioner
		</petitioner>
		<lb />
		<extra>
			versus
		</extra>
		<lb />
		<respondent>
			LT.
			
			
			GOVERNOR OF DELHI &amp; ANR
			<lb />
			...
			
			Respondents
		</respondent>
		<lb />
		<extra>
			For the petitioners
		</extra>
		<lb />
		<petitioner_lawyer>
			Mr. Gaurav Bahl,
		</petitioner_lawyer>
		<extra>
			Adv. for petitioners in
		</extra>
		<case_number>
			W.P(C) 8125/2016
		</case_number>
		<lb />
		<petitioner_lawyer>
			Mr. S.K. Dubey and Mr. Rajmangal Kumar,
		</petitioner_lawyer>
		<extra>
			Advs. for the
			<lb />
			petitioner in
		</extra>
		<case_number>
			W.P (C) nos.12088/2016, 4493/2017, 4998/2017
		</case_number>
		<lb />
		<petitioner_lawyer>
			Mr. Bhuvnesh Sehjal and Mr. Anubhav Bhasin,
		</petitioner_lawyer>
		<extra>
			Advs. in
		</extra>
		<case_number>
			W.P (C)
			<lb />
			nos.2658/2017, 4446/2017
		</case_number>
		<lb />
		<petitioner_lawyer>
			Mr. Dhruv Mehta, Sr. Adv. with Mr. Vipin Singhania,
		</petitioner_lawyer>
		<extra>
			Adv. for
			<lb />
			petitioner in
		</extra>
		<case_number>
			W.P (C) no.3360/2017
		</case_number>
		<lb />
		<petitioner_lawyer>
			Mr. Vaibhav Arora,
		</petitioner_lawyer>
		<extra>
			Adv. for the petitioners in
		</extra>
		<case_number>
			W.P (C)
			<lb />
			no.4007/2017
		</case_number>
		<lb />
		<petitioner_lawyer>
			Mr. Sandeep Vishnu and Mr. Anil Kr. Gupta,
		</petitioner_lawyer>
		<extra>
			Advs. for petitioners
			<lb />
			in
		</extra>
		<case_number>
			W.P ( C) no.4080/2017.
		</case_number>
		<lb />
		<petitioner_lawyer>
			Mr. Ankit Jain, Adv. with Mr. Sarvesh Rai,
		</petitioner_lawyer>
		<extra>
			Adv. for the petitioner
			<lb />
			in
		</extra>
		<case_number>
			W.P (C) nos.4102/2017, 4103/2017, 4106/2017
		</case_number>
		<page>
			Page 7 of 218
		</page>
		<lb />
		<petitioner_lawyer>
			Mr. Dhruv Mehta, Sr. Adv. with Mr. Vikas Dutta, Mr. Siddharth
			<lb />
			Silwal and Ms Priyanka Nayyar,
		</petitioner_lawyer>
		<extra>
			Advs. for the petitioner in
		</extra>
		4
		<case_number>
			W.P
			<lb />
			(C) no.4867/2017
		</case_number>
		<lb />
		<petitioner_lawyer>
			Mr. Puneet Saini and Mr. Kapil Hans,
		</petitioner_lawyer>
		<extra>
			Advs. for petitioner in
		</extra>
		<lb />
		<case_number>
			W.P.(C)No. 4934/2017.
		</case_number>
		<lb />
		<petitioner_lawyer>
			Mr. Harvinder Singh, Mr. K.K. Mukhija, Mr. Sandeep Sharma, Mr.
			<lb />
			S.C. Dhingra, Ms. Reeta Yagnik and Ms. Deepti Singh Sodhi,
		</petitioner_lawyer>
		<extra>
			Advs.
			<lb />
			for petitioners in
		</extra>
		<case_number>
			W.P.(C)Nos.5013/2017, 5026/2017, 5199/2017,
			<lb />
			5200/2017, 5214/2017, 5217/2017, 5218/2017 and 5253/2017.
		</case_number>
		<lb />
		<petitioner_lawyer>
			Mr. Neeraj Malhotra Sr. Adv. with Mr. Arijit Mazumdar,
		</petitioner_lawyer>
		<extra>
			Adv. in
		</extra>
		<lb />
		<case_number>
			W.P.(C)Nos.5217/2017, 5218/2017, 5753/2017, 5779/2017 and
			<lb />
			25247/2017.
		</case_number>
		<lb />
		<petitioner_lawyer>
			Mr. Ashok Agarwal and Ms. Slomita Rai,
		</petitioner_lawyer>
		<extra>
			Advs. for petitioner in
		</extra>
		<lb />
		<case_number>
			W.P.(C) 5779/2017.
		</case_number>
		<lb />
		<petitioner_lawyer>
			Mr. Rishi Agrawala and Ms. Niyati Kohli,
		</petitioner_lawyer>
		<extra>
			Advs. for petitioner in
		</extra>
		<lb />
		<case_number>
			W.P.(C) 6155/2017.
		</case_number>
		<lb />
		<petitioner_lawyer>
			Mr. Vivek Kishore,
		</petitioner_lawyer>
		<extra>
			Adv. for the petitioner in
		</extra>
		<case_number>
			W.P.(C) 6794/2017.
		</case_number>
		<lb />
		<petitioner_lawyer>
			Ms. Fareha Ahmad Khan,
		</petitioner_lawyer>
		<extra>
			Adv. for petitioner in
		</extra>
		<case_number>
			W.P.(C)
			<lb />
			6815/2017
		</case_number>
		<lb />
		<petitioner_lawyer>
			Mr. Amit Seth,
		</petitioner_lawyer>
		<extra>
			Adv. for petitioner in
		</extra>
		<case_number>
			W.P.(C) 6990/2017
		</case_number>
		<lb />
		<petitioner_lawyer>
			Mr. Alok Bhasin and Ms. Poonam Das,
		</petitioner_lawyer>
		<extra>
			Advs. for petitioner in
		</extra>
		<lb />
		<case_number>
			W.P.(C)Nos.6841/2017 and 7012/2017
		</case_number>
		<lb />
		<petitioner_lawyer>
			Mr. Vikram Dhokalia and Mr. Sahil Bakshi,
		</petitioner_lawyer>
		<extra>
			Advs. for petitioner in
		</extra>
		<lb />
		<case_number>
			W.P.(C) 7141/2017.
		</case_number>
		<lb />
		<petitioner_lawyer>
			Mr. Manu Bera,
		</petitioner_lawyer>
		<extra>
			Adv. for petitioner in
		</extra>
		<case_number>
			W.P.(C) 7495/2017.
		</case_number>
		<lb />
		<extra>
			For the respondents
		</extra>
		<lb />
		<respondent_lawyer>
			Mr. Ramesh Singh, Standing Counsel with Mr. Sandeepan Pathak,
		</respondent_lawyer>
		<lb />
		<extra>
			Adv. for respondents in
		</extra>
		<case_number>
			W.P.(C) 6155/2017
		</case_number>
		<lb />
		<respondent_lawyer>
			Mr. Sanjay Ghose
			ASC for GNCTD with Mr. Rishabh Jaitley and
			<lb />
			Ms. Urvi Mohan,
		</respondent_lawyer>
		<extra>
			Advs. in
		</extra>
		<case_number>
			W.P (C) nos.12088/2016 , 2658/2017,
			<lb />
			<page>
				Page 8 of 218
			</page>
			<lb />
			3360/2017, 3684/2017, 4080/2017, 4102/2017, 4934/2017,
			<lb />
			4998/2017, 5013/2017, 5199/2017, 5200/2017, 5214/2017,
			<lb />
			5217/2017, 5218/2017, 5779/2017, 25247/2017, 6794/2017,
			<lb />
			6815/2017, 6841/2017, 6990/2017, 7012/2017, 7141/2017,
			<lb />
			7495/2017, 7760/2017.
		</case_number>
		<lb />
		<respondent_lawyer>
			Mr. Santosh Kumar Tripathi,
		</respondent_lawyer>
		<extra>
			ASC for GNCTD in
		</extra>
		<lb />
		<case_number>
			W.P.(C)Nos.4446/2017, 4867/2017 and 5753/2017
		</case_number>
		<lb />
		<respondent_lawyer>
			Mr. Devesh Singh, ASC (Civil) GNCTD with Ms. Neelam Kholiya,
		</respondent_lawyer>
		<lb />
		<extra>
			Adv. for respondent no.1 in
		</extra>
		<case_number>
			W.P.(C) 5026/2017
		</case_number>
		<lb />
		<respondent_lawyer>
			Mr. Siddharth Dutta,
		</respondent_lawyer>
		<extra>
			Adv. for respondent in
		</extra>
		<case_number>
			W.P.(C) 5013/2017
		</case_number>
		<lb />
		<judge>
			CORAM:
			<lb />
			HON&apos;BLE THE ACTING CHIEF JUSTICE
			<lb />
			HON&apos;BLE MR. JUSTICE C. HARI SHANKAR
		</judge>
		<document_type>
			JUDGMENT
		</document_type>
	</text>
</tei>
