<?xml version="1.0"?>
<tei xml:space="preserve">
	<teiHeader>
		<fileDesc xml:id="0HF9EMDNLR45JRA" />
	</teiHeader>
	<text xml:lang="en">
		<front>
			<lb />
			<page>
				Page 1 of 2
				<lb />
			</page>
			<court>
				THE HIGH COURT OF DELHI AT NEW DELHI
				<lb />
			</court>
			<judgement_date>
				Date of Order: August 30, 2018
				<lb />
			</judgement_date>
			<petitioner>
				SUDESH BALA
				<lb />
				.....
				Petitioner
				<lb />
			</petitioner>
			<extra>
				Through:
			</extra>
			<petitioner_lawyer>
				Deepak Khosla
				<lb />
			</petitioner_lawyer>
			<extra>
				, Advocate
			</extra>
			<extra>
				Versus
				<lb />
			</extra>
			<respondent>
				GOVT OF NCT DELHI &amp; ANR.
				..
				Respondents
				<lb />
			</respondent>
			<extra>
				Through:
			</extra>
			<respondent_lawyer>
				Yeeshu Jain,
			</respondent_lawyer>
			<extra>
				Standing Counsel
				<lb />
			</extra>
			<respondent_lawyer>
				Ms.Jyoti Tyagi, Advocate
				<lb />
			</respondent_lawyer>
			<judge>
				CORAM:
				<lb />
				HON&apos;BLE MS. JUSTICE SUNIL GAUR
				<lb />
			</judge>
			<document_type>
				ORDER
				<lb />
				(ORAL)
			</document_type>
		</front>
	</text>
</tei>
