<?xml version="1.0"?>
<tei xml:space="preserve">
	<teiHeader>
		<fileDesc xml:id="106416" />
	</teiHeader>
	<text xml:lang="en">
		<front>
			<lb />
			<extra>
				1/39
				<lb />
				adms-2-06.doc
				<lb />
			</extra>
			<court>
				IN THE HIGH COURT OF JUDICATURE AT BOMBAY
				<lb />
				ADMIRALTY AND VICE ADMIRALTY JURISDICTION
				<lb />
			</court>
			<case_number>
				ADMIRALTY SUIT NO.2 OF 2006
				<lb />
			</case_number>
			<petitioner>
				Elecon Engineering Company Limited, a
				<lb />
				limited company incorporated under the
				<lb />
				Companies Act 1956 and carrying on business
				<lb />
				at Post Box No.6, Anand Sojitra Road,
				<lb />
				Vallabh Vidyanagar 388 120, Gujarat, India
			</petitioner>
			<extra>
				) ) )
				<lb />
				) ..Plaintiff
				<lb />
			</extra>
			<extra>
				V/s.
				<lb />
			</extra>
			<respondent>
				1. Rickmers Dubai a motor vessel flying
				<lb />
				panamanian flag together with her hull, tackle
				<lb />
				engine, gear, tackle, machinery, plant, apparel
				<lb />
				furniture, equipment, accessories, fittings,
				<lb />
				fixtures, bunkers, spares and appurtenances
				<lb />
				and all interested in her.
			</respondent>
			<extra>
				) ) ) ) )
				<lb />
			</extra>
			<respondent>
				2. BIBI Shipping S.A. a company organized and
				<lb />
				incorporated under the Laws of Marshall Island
				<lb />
				having its office at Marshall Island and
				<lb />
				carrying on business at Mumbai through
				<lb />
				United Liner Agencies of India Pvt Ltd., at Sapt
				<lb />
				Building 1 st floor, 18 J.N. Heredia Marg,
				<lb />
				Ballard Estate, Mumbai 400 038.
			</respondent>
			<extra>
				) ) ) ) ) )
				<lb />
			</extra>
			<respondent>
				3. Rickmers Linie GmBH &amp; Cie KG Hamburg a
				<lb />
				Company organized and incorporated under
				<lb />
				the Laws of Hamburg and having its office at
				<lb />
				Naumuhlem 9, 22763 Hamburg and also
				<lb />
				carrying on business at Mumbai through its
				<lb />
				agents United Liner Agencies of India Pvt. Ltd.,
				<lb />
				carrying on business at Sapt Building, 1 st Floor,
				<lb />
				18 J.N. Heredia Marg, Ballard Estate, Mumbai
				<lb />
				-400 038.
			</respondent>
			<extra>
				) ) ) ) ) ) )
				<lb />
			</extra>
			<respondent>
				4. United Liner Agencies of India Pvt. Ltd. a
				<lb />
				Private Limited Company incorporated under
				<lb />
				the Companies Act, 1956 and carrying on
				<lb />
				business at Sapt Building, 1 st Floor, 18 J.N.
				<lb />
				Heredia Marg, Ballard Estate, Mumbai -400
				<lb />
				038.
			</respondent>
			<extra>
				) ) ) ) )
				<lb />
			</extra>
			<respondent>
				5. Henderson Line Limited a Company
				<lb />
				organized and incorporated under the Laws of
				<lb />
				United Kingdom and carrying on business at
				<lb />
				Ocean House, The Ring, Bracknell, Berkshire,
				<lb />
				RG12 1 AW, United Kingdom and also carrying
				<lb />
				on Business at Mumbai through its Agents Exel
				<lb />
				India Pvt. Ltd., having their office at 8 th Floor,
				<lb />
				Leela Galleria, Andheri Kurla Road, Andheri
				<lb />
				(E), Mumbai -400 059.
			</respondent>
			<extra>
				) ) ) ) ) ) )
				<lb />
			</extra>
			<respondent>
				6. Excel Gmbh a Company organized and
				<lb />
				incorporated under the laws of Germany and
				<lb />
				carrying on business at Breitenweg 1 a, 28195
				<lb />
				Bremen, Germany.
			</respondent>
			<extra>
				) ) )
				<lb />
			</extra>
			<respondent>
				7. DHL Lemuir Logistics Private Limited, a
				<lb />
				Private Limited Company incorporated under
				<lb />
				the Companies Act, 1956 and carrying on
				<lb />
				business at 8 th Floor, Leela Galleria, Andheri
				<lb />
				Kurla Road, Andheri (E), Mumbai -400 059
				<lb />
				and also carrying on business at 606, Siddarth
				<lb />
				Complex, 6 th Floor, Nr. Express Hotel, R.C. Dutt
				<lb />
				Road, Alkapuri, Vadodara -390 005.
			</respondent>
			<extra>
				) ) ) ) ) ) )
				<lb />
			</extra>
			<respondent>
				8. Turbowinds NV a Company organized and
				<lb />
				incorporated under the Law of Belgium and
				<lb />
				carrying on business at Brusselsesteenweg,
				<lb />
				340A B-3090 Overjise, Belgium and also
				<lb />
				carrying on business at Prins Bisschopssingel
				<lb />
				50, 3500 Hasselt Belgium.
			</respondent>
			<extra>
				) ) ) ) )
				<lb />
			</extra>
			<respondent>
				9. United India Insurance Co. Ltd, a Limited
				<lb />
				Company incorporated under the Companies
				<lb />
				Act, 1956 and having one of its Divisional
				<lb />
				office at D.O. 1, Ram Krishna Shopping Centre,
				<lb />
				Mayfair Road, Anand -388 001 and having
				<lb />
				their Head Office at 24, Whites Road, Chennai
				<lb />
				-600 014 and its Regional Office at Stadium
				<lb />
				House, 5 th Floor, Veer Nariman Road, P.B.
				<lb />
				No.977, Bombay -400 020.
			</respondent>
			<extra>
				) ) ) ) ) ) )
				<lb />
			</extra>
			<extra>
				..Defendants
				<lb />
				----
				<lb />
			</extra>
			<petitioner_lawyer>
				Mr. Rahul Narichania, Senior Advocate a/w Ms Aditi Pawar, Mr. D. N.
				<lb />
				Motiwala and Ms Sneha Pandey i/b Motiwalla
				<lb>
				</lb>
			</petitioner_lawyer>
			<extra>
				and Co. for Plaintiff
				<lb />
			</extra>
			<respondent_lawyer>
				Ms Sneha S. Dwivedi a/w Ms Jyoti Bajpayee
				<lb />
			</respondent_lawyer>
			<extra>
				for Defendant No.9
				<lb />
				----
				<lb />
			</extra>
			<judge>
				CORAM : K.R.SHRIRAM, J.
				<lb />
			</judge>
			<judgement_date>
				RESERVED ON : 8 th AUGUST 2019
				<lb />
			</judgement_date>
			<judgement_date>
				PRONOUNCED ON : 23 rd AUGUST 2019
				<lb />
			</judgement_date>
			<document_type>
				JUDGMENT :
				<lb />
			</document_type>
		</front>
	</text>
</tei>
