<?xml version="1.0"?>
<tei xml:space="preserve">
	<teiHeader>
		<fileDesc xml:id="109872" />
	</teiHeader>
	<text xml:lang="en">
		<front>
			<page>
				1/36
			</page>
			<lb />
			<court>
				IN THE HIGH COURT OF JUDICATURE AT BOMBAY
			</court>
			<lb />
			<extra>
				CIVIL APPELLATE JURISDICTION
			</extra>
			<lb />
			<case_number>
				WRIT PETITION NO. 12156 OF 2019
			</case_number>
			<lb />
			Hanuman Nagar ( Jogeshwari) SRA CHS (Prop.) )
			<lb />
			<petitioner>
				Through its Chairman -Anant Madhukar Naik, )
				<lb />
				Having its address at CTS No. 231 (pt.), 268 &amp; 268 (1))
				<lb />
				of village Mogra, Hanuman Nagar, Natwar Nagar )
				<lb />
				Road No. 5, P.P. Dias Compound, Jogeshwari (East), )
				<lb />
				Mumbai -400 060
				<lb />
				)
			</petitioner>
			<lb />
			<extra>
				… Petitioner
			</extra>
			<lb />
			<extra>
				Versus
			</extra>
			<lb />
			<respondent>
				1.M/s. Kanchi Builders &amp; Developers, )
				<lb />
				Having its ofce at A, 202, Gogift, Adarsh Vihar )
				<lb />
				Complex, Of. Marve, Malad (West), )
				<lb />
				Mumbai -400 064 )
			</respondent>
			<lb />
			<respondent>
				2.Slum Rehabilitation Authority, )
				<lb />
				Administrative Building, Prof. Anant Kanekar Marg, )
				<lb />
				Bandra (East), Mumbai -400 051 )
			</respondent>
			<lb />
			<respondent>
				3. The Apex Grievance Redressal Committee, )
				<lb />
				Government of Maharashtra, )
				<lb />
				Old Custom House, Mumbai.
				<lb />
				)
			</respondent>
			<lb />
			<extra>
				… Respondents
			</extra>
			<lb />
			<extra>
				ALONG WITH
			</extra>
			<lb />
			<case_number>
				INTERIM APPLICATION (L) NO.96210 OF 2020
			</case_number>
			<lb />
			<petitioner_lawyer>
				Mr.D.Nalawade
			</petitioner_lawyer>
			<extra>
				i/b.
			</extra>
			<petitioner_lawyer>
				Mr. Anil Mishra
			</petitioner_lawyer>
			<extra>
				for the Petitioner.
			</extra>
			<lb />
			<respondent_lawyer>
				Mr.Jayesh Bhatt
			</respondent_lawyer>
			<extra>
				for Respondent No. 1.
			</extra>
			<lb />
			<respondent_lawyer>
				Mr.Anoop Patil
			</respondent_lawyer>
			<extra>
				for Respondent No. 2
			</extra>
			<lb />
			<respondent_lawyer>
				Mr.P.K.Dhakephalkar,
			</respondent_lawyer>
			<extra>
				Sr. Adv. a/w.
			</extra>
			<respondent_lawyer>
				Mr. J.G.Aradwad (Reddy)
			</respondent_lawyer>
			<extra>
				for Respondent No. 3.
			</extra>
			<lb />
			<page>
				2/36
			</page>
			<lb />
			<judge>
				CORAM : S.J.KATHAWALLA, &amp;
				<lb />
				R.I.CHAGLA, JJ.
			</judge>
			<lb />
			<judgement_date>
				RESERVED ON : 15TH DECEMBER, 2020
				<lb />
				PRONOUNCED ON : 29TH APRIL, 2021
			</judgement_date>
			<lb />
			<extra>
				(THOUGH VIDEO CONFERENCING)
			</extra>
			<lb />
			<document_type>
				ORAL JUDGMENT
			</document_type>
			<extra>
				(PER S.J. KATHAWALLA, J.) :
			</extra>
		</front>
	</text>
</tei>
