<?xml version="1.0"?>
<tei xml:space="preserve">
	<teiHeader>
		<fileDesc xml:id="985324" />
	</teiHeader>
	<text xml:lang="en">
		<front>
			<lb />
			<docTitle>
				<court>
					IN THE HIGH COURT OF JUDICATURE AT BOMBAY
					<lb />
					ORDINARY ORIGINAL CIVIL JURISDICTION
					<lb />
				</court>
				<case_number>
					WRIT PETITION NO. 2890 OF 2018
					<lb />
				</case_number>
				<petitioner>
					1.
					<lb />
					Jamshed Noshir Sukhadwalla
					<lb />
					of Mumbai Indian Inhabitant
					<lb />
					residing at 512 Jagannath Shankar
					<lb />
					Sheth Road, Varaya House, 1 st Floor,
					<lb />
					Mumbai -400 002.
					<lb />
				</petitioner>
				<petitioner>
					2.
					<lb />
					Behruz Nariman Irani
					<lb />
				</petitioner>
				<petitioner>
					3.
					<lb />
					Ratan Dorab Patel
					<lb />
					Petitioner Nos.2 and 3, Trustees and
					<lb />
					authorized signatories of the Shah
					<lb />
					Varzaavand Trust having its office at
					<lb />
					¼ Mehta Bldg., Khan Estate
					<lb />
					MMC Rd. Mahim -400 016.
					<lb />
				</petitioner>
				<petitioner>
					4.
					<lb />
					Ervad Dr.Rooyintan Peshotan Peer
					<lb />
					of Mumbai Indian Inhabitant
					<lb />
					residing at 23, Police Court Lane, Fort,
					<lb />
					Mumbai 400 001
					<lb />
				</petitioner>
				<petitioner>
					5.
					<lb />
					Berjis Desai
					<lb />
					of Mumbai Indian Inhabitant
					<lb />
					residing at 12 th Floor, 9A Residences,
					<lb />
					Bomanji Petit Road, Behind Parsi
					<lb />
					General Hospital, Mumbai 400 026
					<lb />
				</petitioner>
				<extra>
					.. Petitioners
					<lb />
				</extra>
				<extra>
					Vs.
					<lb />
				</extra>
				<respondent>
					1.
					<lb />
					Union of India
					<lb />
					Room No. 46, North Block,
					<lb />
					New Delhi 110 001.
					<lb />
				</respondent>
				<respondent>
					2.
					<lb />
					State of Maharashtra
					<lb />
					through the Government Pleader
					<lb />
					High Court, Bombay,
					<lb />
					Mumbai 400 032.
					<lb />
				</respondent>
				<respondent>
					3.
					<lb />
					Mumbai Metropolitan Regional
					<lb />
					Development Authority having its
					<lb />
					office at M.M.R.D.A. Office
					<lb />
					Building, BandraKurla Complex,
					<lb />
					C14 &amp; 15, E Block, Bandra (East)
					<lb />
					Mumbai 400 051.
					<lb />
				</respondent>
				<respondent>
					4.
					<lb />
					Mumbai Metro Rail Corporation
					<lb />
					being a company incorporated under the
					<lb />
					Companies Act, 1956 and having its
					<lb />
					office at Plot No.R13, E Block,
					<lb />
					1 st Block, NaMTTRI Building,
					<lb />
					Bandra Kurla Complex, Mumbai 400 051
					<lb />
				</respondent>
				<respondent>
					5.
					<lb />
					Vada Dasturji Jamasp Asa
					<lb />
				</respondent>
				<respondent>
					6.
					<lb />
					Burjor H. Antia
					<lb />
				</respondent>
				<respondent>
					7.
					<lb />
					Phiroze Katrak
					<lb />
				</respondent>
				<respondent>
					8.
					<lb />
					Sharookh Sethna
					<lb />
				</respondent>
				<respondent>
					9.
					<lb />
					Noshir Katrak
					<lb />
					Respondent Nos.5 to 9
					<lb />
					Trustees of the Zarthoshti Anjuman
					<lb />
					Atash Behram Trust having its
					<lb />
					office at
					
					Jagannath Shankar Sheth Road,
					<lb />
					Navajeevan Wadi, Sonapur,
					<lb />
					Marine Lines, Mumbai 400 002.
					<lb />
				</respondent>
				<respondent>
					10. Nadir Modi
					<lb />
				</respondent>
				<respondent>
					11. Farrokh Kavarana
					<lb />
				</respondent>
				<respondent>
					12. Hosi Dastur
					<lb />
					Respondent Nos.10 to 12 Trustees
					<lb />
					of the Hormasji Bomanji Wadia
					<lb />
					Fire Temple Charity Fund having
					<lb />
					its office at 604, Jagannath Shankar
					<lb />
					Sheth Road, Dhobi Talao,
					<lb />
					Mumbai 400 002.
					<lb />
				</respondent>
				<extra>
					..Respondents
					<lb />
				</extra>
				<petitioner_lawyer>
					Mr. Navroz Seervai, Senior Advocate a/w Mr. Shyam Mehta,
					<lb />
					Sr. Advocate a/w Mr. Zerick Dastur, Ms. Smriti Singh, Mr.
					<lb />
					Kunal Kothary, Ms. Tanvi Gaitonde i/by Zerick Dastur and
					<lb />
					ANB Legal
					<lb />
				</petitioner_lawyer>
				<extra>
					for petitioners.
					<lb />
				</extra>
				<respondent_lawyer>
					Mr. Anil C. Singh, ASG a/w Mr.Sandesh Patil, Mr. Aditya
					<lb />
					Thakkar, Ms.Indrayani Deshmukh, H.V.Tamanna and Ms.
					<lb />
					Geetika Gandhi
				</respondent_lawyer>
				<extra>
					for respondent no.1 -UOI.
					<lb />
				</extra>
				<respondent_lawyer>
					Mr. Ashutosh Kumbhakoni, AG a/w Mr. L. T. Satelkar, AGP
					<lb />
				</respondent_lawyer>
				<extra>
					for respondent no.2 -State.
					<lb />
				</extra>
				<respondent_lawyer>
					Ms. Kavita N. Solunke
					<lb />
				</respondent_lawyer>
				<extra>
					for respondent no.3 -MMRDA.
					<lb />
				</extra>
				<respondent_lawyer>
					Mr.Shrihari Aney, Sr. Adv., Mr. A.V. Anturkar, Senior
					<lb />
					Advocate a/w Mr. Prathamesh Bhargude, Mr.Ranjit Shinde,
					<lb />
					Mr. Yatin Malvankar, Mr. Ajinkya Udane, Mr.Roopadaksha
					<lb />
					Basu, Ms. Nehal Mahuli i/by
					<lb />
				</respondent_lawyer>
				<extra>
					The Law Point for respondent
					<lb />
					no.4.
				</extra>
				<respondent_lawyer>
					Mr.F.E.Devitre,   Senior   Advocate,Mr.D.D.Madan,   Senior
					<lb />
					Advocate a/w Mr. Hormaz Daruwalla, Mr. Somasekhar, Mr.
					<lb />
					H. N. Vakil, Ms. Suzan Vakil and Miss. M. Mehta i/by Mulla
					<lb />
					and Mulla and Craige Blunt and Caroe
					<lb />
				</respondent_lawyer>
				<extra>
					for respondent nos.5
					<lb />
					to 12.
					<lb />
				</extra>
				<judge>
					CORAM : NARESH H. PATIL, CJ  AND
					<lb />
					R.G. KETKAR, J.
					<lb />
				</judge>
				<judgement_date>
					RESERVED ON    : 8th October, 2018.
					<lb />
				</judgement_date>
				<judgement_date>
					PRONOUNCED  ON   :  30th November, 2018.
					<lb />
				</judgement_date>
				<document_type>
					JUDGMENT [Per Naresh H. Patil, CJ.] :
				</document_type>
			</docTitle>
		</front>
	</text>
</tei>
