<?xml version="1.0" ?>
<tei xml:space="preserve">
	<teiHeader>
		<fileDesc xml:id="13442522"/>
	</teiHeader>
	<text xml:lang="en">
		<front>
<lb/>
	Page No.1 AFR<lb/>
	<docTitle>
	<titlePart>HIGH COURT OF CHHATTISGARH BILASPUR<lb/></titlePart>
	</docTitle>

	<byline>
	<docAuthor>WA No.</docAuthor>
	</byline>

	81 of 2022<lb/>
	<docTitle>
	<titlePart>• Bali Nagwanshi, Son of Shri Buter Nagwanshi, Aged About<lb/> 54 Years, Resident of House No. 87, Sun City, Jagdalpur,<lb/> District Bastar Chhattisgarh<lb/> ----Appellant Versus<lb/></titlePart>
	</docTitle>

	<byline>
	<affiliation>1. State of Chhattisgarh, Through The Secretary, Department<lb/> of Revenue and Disaster Management, Mahanadi Bhawan,<lb/></affiliation>
	</byline>

	<address>Atal Nagar, Naya Raipur, District Raipur Chhattisgarh.<lb/></address>

	2. Dr. Ayyaj Tamboli, Collector, Bastar, earlier having office at<lb/>
	<docTitle>
	<titlePart>Jagdalpur, District Bastar Chhattisgarh.<lb/> 3. Police Station Kotwali, Jagdalpur through its Station House<lb/> Officer, Jagdalpur District Bastar Chhattisgarh.<lb/> 4. Bank of Baroda through its Branch Manager, Branch<lb/> Jagdalpur, District Bastar Chhattisgarh.<lb/> 5. Union of India, through the Secretary, Ministry of Railways,<lb/> Rail Bhawan, New Delhi-1.<lb/> 6. Bastar Railway Private Limited (Joint venture Of NMDC,<lb/> IRCON, SAIL and CMDC) through its Chief Executive<lb/> Officer, having its office at Global Exploration Centre,<lb/> NMDC, Green Valley City, Housing Board Colony,<lb/></titlePart>
	</docTitle>

	<address>Boriyakala, Raipur, District-Raipur Chhattisgarh.<lb/></address>

	----Respondents<lb/> WA No. 64 of 2022<lb/>
	<docTitle>
	<titlePart>• Bali Nagwanshi, Son of Shri Buter Nagwanshi, aged about<lb/> 54 Years, resident of House No. 87, Sun City, Jagdalpur,<lb/> District Bastar Chhattisgarh.<lb/></titlePart>
	</docTitle>

	----Appellant Versus<lb/>
	<byline>
	<affiliation>1. State of Chhattisgarh, Through The Secretary, Department<lb/> of Revenue and Disaster Management, Mahanadi Bhawan,<lb/></affiliation>
	</byline>

	<address>Atal Nagar, Naya Raipur, District Raipur Chhattisgarh.<lb/></address>

	2. Dr.
	<keyword>Ayyaj Tamboli, Collector, Bastar, having office at<lb/> Jagdalpur, District Bastar Chhattisgarh.<lb/> 3. Police Station Kotwali, Jagdalpur through its Station House<lb/> Officer, Jagdalpur District Bastar Chhattisgarh.<lb/> • Smt. Neelima Belsaria, W/o Shri T.V. Ravi, aged 36 Years,<lb/> R/o Village-Pallai, Tahsil-Jagdalpur, District Bastar,<lb/> Chhattisgarh.<lb/> ----Appellant Versus<lb/></keyword>

	1. State of Chhattisgarh Through: The Secretary to the Govt. of<lb/>
	<byline>
	<affiliation>Chhattisgarh: Department of Revenue and Disaster<lb/> Management: Mahanadi Bhawan,</affiliation>
	</byline>

	<address>Atal Nagar, Raipur, District<lb/> Raipur, Chhattisgarh.<lb/></address>

	<byline>
	<affiliation>2. Union of India Through: The Secretary to the Department of<lb/> Railway,</affiliation>
	</byline>

	<address>Raisina Road, Rail Bhawan, 1, New Delhi.<lb/> 3. The Collector Jagdalpur, District Bastar, Chhattisgarh.<lb/></address>

	<byline>
	<affiliation>4. Station House Officer Police Station-Jagdalpur,</affiliation>
	</byline>

	<address>District<lb/> Bastar, Chhattisgarh.<lb/></address>

	<note type="copyright">5. Bastar Railway Private Limited Through: Chief Executive<lb/> Officer Bastar Railway Private Limited Global Exploration<lb/> Centre, NMDC Green Valley City, Housing Board Colony,<lb/></note>

	<address>Boriyakala, Raipur, District Raipur, Chhattisgarh., District :<lb/> Raipur, Chhattisgarh<lb/></address>

	----Respondents<lb/> WA No. 115 of 2022<lb/>
	<docTitle>
	<titlePart>• Hira Lal Nayak, S/o Late Kunwar Singh Nayak, Aged 63<lb/> Years, R/o Vijay Nagar Chowk, Near Avanti Vihar Sector -2,<lb/> Tehsil and District Raipur Chhattisgarh.<lb/></titlePart>
	</docTitle>

	----Appellant Versus<lb/>
	<byline>
	<affiliation>1. State of Chhattisgarh Through Secretary, Department of<lb/> Revenue and Disaster Management Mahanadi Bhawan,<lb/></affiliation>
	</byline>

	<address>Mantralaya, Atal Nagar, Raipur, Chhattisgarh.<lb/> 2. Collector District Jagdalpur Chhattisgarh.<lb/></address>

	<byline>
	<affiliation>3. Union of India, Through Secretary, Ministry of Railway Rail<lb/> Bhawan,</affiliation>
	</byline>

	<address>Rafi Marg, New Delhi -110001.<lb/></address>

	<byline>
	<affiliation>4. Station House Officer Police Station Jagdalpur, District-<lb/>Bastar,</affiliation>
	</byline>

	<address>Chhattisgarh.<lb/></address>

	----Respondents<lb/> WA No. 129 of 2022<lb/>
	<docTitle>
	<titlePart>1. Siyaram Kurre, S/o Shri Sant Ram Kurre, aged 64 Years,<lb/> Retired Additional Collector R/o Patrakar Colony, Ring Road-<lb/>2 Bilaspur Chhattisgarh.<lb/></titlePart>
	</docTitle>

	Page No.4<lb/>
	<docTitle>
	<titlePart>2. Dindayal Mandavi, S/o Shri Bharat Singh Mandavi, aged 40<lb/> Years, At Present:Sub Divisional Officer Keshkal,<lb/> Kondagaon District-Kondagon, Chhattisgarh.<lb/> 3. Arjun Shrivastava, aged 57 Years, S/o Shri Y.L. Shrivastava<lb/> Tahsildar (In-Charge) -Lohandiguda Bastar, District Bastar<lb/> Chhattisgarh.<lb/> 4. Dharam Narayan Sahu, aged 64 Years, S/o Shri Lakhan<lb/> Sahu Retd Patwari, R/o Bhagat Singh Ward-6 Patharaguda,<lb/> Jagdalpur District Jagdapur Chhattisgarh.<lb/> ----Appellants Versus<lb/></titlePart>
	</docTitle>

	1. State of Chhattisgarh Through The Secretary to the Govt. of<lb/>
	<byline>
	<affiliation>Chhattisgarh: Department of Revenue and Disaster<lb/> Management: Mahanadi Bhawan,</affiliation>
	</byline>

	<address>Atal Nagar, Raipur<lb/> District-Raipur Chhattisgarh.<lb/></address>

	<byline>
	<affiliation>2. Union of India Through The Secretary To The Department of<lb/> Railway,</affiliation>
	</byline>

	<address>Raisina Road, Rail Bhawan, 1, New-Delhi.<lb/></address>

	<note type="copyright">3. The Collector Jagdalpur, District Bastar Chhattisgarh.<lb/> 4. Station House Officer Police Station Jagdalpur, District-<lb/>Bastar Chhattisgarh.<lb/> 5. Bastar Railway Private Limited Through: Chief Executive<lb/> Officer Bastar Railway Private Limited Global Exploration<lb/> Centre, NMDC Green Valley City, Housing Board Colony,<lb/></note>

	<address>Boriyakala, Raipur, District-Raipur Chhattisgarh.<lb/></address>

	----Respondents<lb/> WA No. 144 of 2022<lb/>
	<docTitle>
	<titlePart>• Koushal Kumar Thakur, S/o Sevak Ram Thakur, Aged About<lb/> 30 Years, R/o Village and Post Puri, Tahsil and Police<lb/> Station Charama, District-Kanker(Chhattisgarh). at present<lb/> R/o D.N.K. Colony, Kanera Road, Kondagaon, Police<lb/> Station-Kondagoan, District-Kondagoan, Chhattisgarh.<lb/></titlePart>
	</docTitle>

	----Appellant<lb/> Versus<lb/>
	<byline>
	<affiliation>1. State of Chhattisgarh Through The Secretary, Department of<lb/> Revenue and Disaster Management,</affiliation>
	</byline>

	<address>Mantralaya, Mahanadi<lb/> Bhawan, Atal Nagar, Nawa Raipur, District-Raipur<lb/> (Chhattisgarh).<lb/></address>

	<byline>
	<affiliation>2. Secretary, Union of India, Department of Railway,</affiliation>
	</byline>

	<address>Raisina<lb/> Road, Rail Bhawan, 1, New Delhi.<lb/></address>

	<byline>
	<affiliation>3. The Collector,</affiliation>
	</byline>

	<address>Jagdalpur, District-Jagdalpur Chhattisgarh.<lb/></address>

	Page No.5
		</front>
	</text>
</tei>
