<?xml version="1.0" ?>
<tei xml:space="preserve">
	<teiHeader>
		<fileDesc xml:id="13534631"/>
	</teiHeader>
	<text xml:lang="en">
		<front>

	AFR<lb/>
	<reference>HIGH COURT OF CHHATTISGARH, BILASPUR<lb/> Criminal Appeal No.1310 of 2015<lb/> Judgment reserved on : 1.3.2017<lb/> Judgment delivered on : 4.5.2017<lb/></reference>

	<docTitle>
	<titlePart>Sunil Kumar Jangdey, Aged about 26 Years, S/o Anjori Jangdey,<lb/> R/o Village Bharuwadih, P.S. Palari, Civil and Revenue District<lb/></titlePart>
	</docTitle>

	<byline>
	<docAuthor>Balodabazar Bhatapara (Chhattisgarh)<lb/></docAuthor>
	</byline>

	----Appellant versus<lb/>
	<docTitle>
	<titlePart>State of Chhattisgarh through Police Station Palari, Civil and<lb/> Revenue District Balodabazar Bhatapara (Chhattisgarh)<lb/></titlePart>
	</docTitle>

	----Respondent<lb/>
	<idno>------------------------------------------------------------------------------------------<lb/></idno>

	<byline>
	<docAuthor>For Appellant<lb/></docAuthor>
	</byline>

	:<lb/>
	<byline>
	<docAuthor>Mr. Rakesh Thakur, Advocate<lb/></docAuthor>
	</byline>

	For Respondent/State :<lb/>
	<byline>
	<docAuthor>Mr. Sanjeev Pandey, Govt.</docAuthor>
	</byline>

	Advocate<lb/>
	<idno>------------------------------------------------------------------------------------------<lb/></idno>

	<div type="abstract">Hon&apos;ble Shri Justice Anil Kumar Shukla<lb/> C.A.V. Judgment<lb/></div>

	1. Challenge in this appeal is to the judgment of conviction and<lb/> sentence dated 17.05
	<note type="copyright">.2013 passed by the First Additional<lb/> Sessions Judge, Balodabazar in Sessions Trial No.56/2012,<lb/> whereby the learned Additional Sessions Judge has convicted<lb/> and sentenced the Appellant as under:</note>

		</front>
	</text>
</tei>
