<?xml version="1.0"?>
<tei xml:space="preserve">
	<teiHeader>
		<fileDesc xml:id="143518" />
	</teiHeader>
	<text xml:lang="en">
		<front>
			<lb />
			<page>
				Page 1
			</page>
			<extra>
				REPORTABLE
				<lb />
				<court>
					<lb />
					IN THE SUPREME COURT OF INDIA
					<lb />
					CIVIL APPELLATE JURISDICTION
					<lb />
				</court>
				<case_number>
					CIVIL APPEAL NO.5252 OF 2016
					<lb />
					(ARISING OUT OF S.L.P. (CIVIL) NO. 8988 OF 2014)
					<lb />
				</case_number>
				<petitioner>
					STAR SPORTS INDIA PRIVATE LIMITED
					<lb />
				</petitioner>
				<extra>
					.....APPELLANT(S)
					<lb />
				</extra>
				<extra>
					VERSUS
				</extra>
				<respondent>
					PRASAR BHARATI &amp; ORS.
					<lb />
				</respondent>
				<extra>
					.....RESPONDENT(S)
					<lb />
				</extra>
				<document_type>
					J U D G M E N T
					<lb />
				</document_type>
			</extra>
		</front>
	</text>
</tei>
