<?xml version="1.0"?>
<tei xml:space="preserve">
	<teiHeader>
		<fileDesc xml:id="173993" />
	</teiHeader>
	<text xml:lang="en">
		<front>
			<extra>
				REPORTABLE
				<lb />
			</extra>
			<court>
				IN THE SUPREME COURT OF INDIA
				<lb />
			</court>
			<extra>
				CIVIL ORIGINAL/ APPELLATE JURISDICTION
				<lb />
			</extra>
			<case_number>
				WRIT PETITION (C) NO.940/2017
				<lb />
			</case_number>
			<petitioner>
				BIKRAM CHATTERJI &amp; ORS.
				<lb />
			</petitioner>
			<extra>
				..PETITIONER(S)
				<lb />
			</extra>
			<extra>
				VERSUS
				<lb />
			</extra>
			<respondent>
				UNION OF INDIA &amp; ORS.
				<lb />
			</respondent>
			<extra>
				..RESPONDENT(S)
				<lb />
			</extra>
			<extra>
				WRIT PETITION (C) NO.947/2017
				<lb />
				WRIT PETITION (C) NO.971/2017
				<lb />
				WRIT PETITION (C) NO.942/2017
				<lb />
				SPECIAL LEAVE PETITION (C) NO.1879/2018
				<lb />
				WRIT PETITION (C) NO.1041/2017
				<lb />
				WRIT PETITION (C) NO.1018/2017
				<lb />
				WRIT PETITION (C) NO.1116/2017
				<lb />
				WRIT PETITION (C) NO.1144/2017
				<lb />
				WRIT PETITION (C) NO.1156/2017
				<lb />
				WRIT PETITION (C) NO.1206/2017
				<lb />
				WRIT PETITION (C) NO.8/2018
				<lb />
				WRIT PETITION (C) NO.1242/2017
				<lb />
				WRIT PETITION (C) NO.58/2018
				<lb />
				WRIT PETITION (C) NO.21/2018
				<lb />
				WRIT PETITION (C) NO.52/2018
				<lb />
				WRIT PETITION (C) NO.91/2018
				<lb />
				WRIT PETITION (C) NO.56/2018
				<lb />
			</extra>
			<extra>
				WRIT PETITION (C) NO.57/2018
				<lb />
				WRIT PETITION (C) NO.74/2018
				<lb />
				WRIT PETITION (C) NO.134/2018
				<lb />
				WRIT PETITION (C) NO.131/2018
				<lb />
				WRIT PETITION (C) NO.160/2018
				<lb />
				WRIT PETITION (C) NO.164/2018
				<lb />
				WRIT PETITION (C) NO.182/2018
				<lb />
				WRIT PETITION (C) NO.199/2018
				<lb />
				WRIT PETITION (C) NO.226/2018
				<lb />
				WRIT PETITION (C) NO.245/2018
				<lb />
				WRIT PETITION (C) NO.281/2018
				<lb />
				WRIT PETITION (C) NO.306/2018
				<lb />
				WRIT PETITION (C) NO.298/2018
				<lb />
				WRIT PETITION (C) NO.246/2018
				<lb />
				WRIT PETITION (C) NO.267/2018
				<lb />
				WRIT PETITION (C) NO.288/2018
				<lb />
				WRIT PETITION (C) NO.460/2018
				<lb />
				WRIT PETITION (C) NO.353/2018
				<lb />
				WRIT PETITION (C) NO.378/2018
				<lb />
				WRIT PETITION (C) NO.742/2018
				<lb />
				WRIT PETITION (C) NO.829/2018
				<lb />
				SMC (CRL.) NO.4/2018
				<lb />
				WRIT PETITION (C) NO.1397/2018
				<lb />
			</extra>
			<document_type>
				J U D G M E N T
				<lb />
			</document_type>
		</front>
	</text>
</tei>
