<?xml version="1.0"?>
<tei xml:space="preserve">
	<teiHeader>
		<fileDesc xml:id="175297" />
	</teiHeader>
	<text xml:lang="en">
		<front>
			<lb />
			<court>
				HIGH COURT OF SIKKIM
				<lb />
			</court>
			<extra>
				Record of Proceedings through Video Conferencing
				<lb />
			</extra>
			<case_number>
				WP(C) No.48 of 2017
				<lb />
			</case_number>
			<petitioner>
				BISWAJIT GOPAL ROY
				<lb />
			</petitioner>
			<extra>
				…PETITIONER
				<lb />
			</extra>
			<extra>
				VERSUS
				<lb />
			</extra>
			<respondent>
				SIKKIM UNIVERSITY AND ORS.
				<lb />
			</respondent>
			<extra>
				…RESPONDENTS
				<lb />
			</extra>
			<judgement_date>
				Date: 25.09.2020
				<lb />
			</judgement_date>
			<judge>
				CORAM:
				THE HON&apos;BLE MR. JUSTICE ARUP KUMAR GOSWAMI, CHIEF JUSTICE …
			</judge>
		</front>
	</text>
</tei>
