<?xml version="1.0"?>
<tei xml:space="preserve">
	<teiHeader>
		<fileDesc xml:id="175241" />
	</teiHeader>
	<text xml:lang="en">
		<front>
			<lb />
			<court>
				HIGH COURT OF SIKKIM
				<lb />
			</court>
			<extra>
				Record of Proceedings through Video Conferencing
				<lb />
			</extra>
			<case_number>
				WP(C) No.17 of 2019
				<lb />
			</case_number>
			<petitioner>
				HIMALAYA DISTILLERIES LIMITED
				<lb />
			</petitioner>
			<extra>
				…PETITIONER
				<lb />
			</extra>
			<extra>
				VERSUS
				<lb />
			</extra>
			<respondent>
				STATE OF SIKKIM AND ORS …RESPONDENTS
				<lb />
			</respondent>
			<judgement_date>
				Date: 25.09.2020
				<lb />
			</judgement_date>
			<judge>
				CORAM:
				<lb />
				THE HON&apos;BLE MR. JUSTICE ARUP KUMAR GOSWAMI, CHIEF JUSTICE
				<lb />
				THE HON&apos;BLE MRS. JUSTICE MEENAKSHI MADAN RAI, JUDGE
			</judge>
		</front>
	</text>
</tei>
