<?xml version="1.0"?>
<tei xml:space="preserve">
	<teiHeader>
		<fileDesc xml:id="1950a29c5bfebfd9ed6ae36299c70efb" />
	</teiHeader>
	<text xml:lang="en">
		<front>
			<lb />
			<case_number>
				O.P. No.176 of 2015
			</case_number>
			<lb />
			<court>
				IN THE HIGH COURT OF JUDICATURE AT MADRAS
			</court>
			<lb />
			<judgement_date>
				DATED : 02.03.2020
			</judgement_date>
			<lb />
			<judge>
				CORAM
				<lb />
				THE HONOURABLE MR.JUSTICE M.SUNDAR
			</judge>
			<lb />
			<case_number>
				O.P. No.176 of 2015
			</case_number>
			<lb />
			<petitioner>
				Union of India,
				<lb />
				represented by Chief Engineer,
				<lb />
				MTP (Railways),
				<lb />
				Egmore,
				<lb />
				Chennai -600 088.
				<lb />
				... Petitioner
			</petitioner>
			<extra>
				Vs
			</extra>
			<lb />
			<respondent>
				1. B.Engineers &amp; Builders Limited,
				<lb />
				72-A, Maheswar Industrial Estate,
				<lb />
				Bhubaneswar, 751 101.
				<lb />
				2. T. Jayam
				<lb />
				3. B.Srinivasan
				<lb />
				4. B.N.S.Chalam,
				<lb />
				Senior Divisional Engineer / South,
				<lb />
				Southern Railway,
				<lb />
				Madurai
				<lb />
				(Arbitrator)
				<lb />
				....
				<lb />
				Respondents
				<lb />
				(R2 to R4 deleted vide this order)
			</respondent>
			<lb />
			<extra>
				Original Petition filed under Section 34 of the Arbitration
				<lb />
				and Conciliation Act to set aside the award dated 07.04.2011 as
				<lb />
				confirmed by the order in the application under Section 33 of the Act,
				<lb />
				dated 18.05.2011 made in relation to disputes arising out of
				<lb />
				Agreement dated 20.06.2000 bearing No.MTP/Civil/357/2000 in so far
			</extra>
			<lb />
			<page>
				1/15
			</page>
			<lb />
			<extra>
				http://www.judis.nic.in
			</extra>
			<lb />
			<case_number>
				O.P. No.176 of 2015
			</case_number>
			<lb />
			<extra>
				as that portion of the award disallowing the claims of the petitioner
				<lb />
				and the award in relation to claims 3 and 8 are concerned.
				<lb />
				For petitioner
				<lb />
				:
			</extra>
			<petitioner_lawyer>
				Mr.P.T. Ramkumar
			</petitioner_lawyer>
			<lb />
			<extra>
				Standing Counsel
			</extra>
			<lb />
			<extra>
				For respondents
				<lb />
				:
			</extra>
			<respondent_lawyer>
				Mr. A. Manoj Kumar
				<lb />
				Mr.M.Balaji for R1
				<lb />
				R2 to R4 -deleted
			</respondent_lawyer>
			<document_type>
				ORDER
			</document_type>
		</front>
	</text>
</tei>
