<?xml version="1.0"?>
<tei xml:space="preserve">
	<teiHeader>
		<fileDesc xml:id="1GG4WLWZWGG4Y6C" />
	</teiHeader>
	<text xml:lang="en">
		<front>
			<lb />
			<page>
				Page 1 of 143
				<lb />
			</page>
			<court>
				IN THE HIGH COURT OF DELHI AT NEW DELHI
				<lb />
			</court>
			<judgement_date>
				Reserved on: 24.11.2017
				<lb />
				Pronounced on: 22.12.2017
				<lb />
			</judgement_date>
			<petitioner>
				FASHION DESIGN COUNCIL OF INDIA
				<lb />
				.....
				Petitioner
				<lb />
			</petitioner>
			<extra>
				versus
				<lb />
			</extra>
			<respondent>
				GOVT. OF NCT OF DELHI AND ANR.
				..
				Respondents
				<lb />
			</respondent>
			<petitioner>
				BCCI
				<lb />
				.....
				
				Petitioner
			</petitioner>
			<extra>
				versus
				<lb />
			</extra>
			<respondent>
				GOVT. OF NCT OF DELHI AND ORS.
				..
				Respondents
			</respondent>
			<petitioner>
				GMR SPORTS PVT. LTD.
				<lb />
				.....
				Petitioner
				<lb />
			</petitioner>
			<extra>
				versus
				<lb />
			</extra>
			<respondent>
				COMMISSIONER OF EXCISE, ENTT AND LUXURY TAX
				<lb />
				AND ANR.
				..
				
				Respondents
				<lb />
			</respondent>
			<petitioner>
				DEN SOCCER PRIVATE LIMITED
				<lb />
				.....
				Petitioner
				<lb />
			</petitioner>
			<extra>
				versus
				<lb />
			</extra>
			<respondent>
				GNCTD AND ORS.
				..
				Respondents
				<lb />
			</respondent>
			<petitioner>
				PRO SPORTIFY PVT. LTD.
				<lb />
				.....
				Petitioner
				<lb />
			</petitioner>
			<extra>
				versus
			</extra>
			<respondent>
				THE COMMISSIONER OF ENTERTAINMENT TAX,
				<lb />
				GNCTD
				..
				Respondents
				<lb />
			</respondent>
			Present:
			<lb />
			<petitioner_lawyer>
				Mr. Arshad Hidaytullah, Sr. Advocate with Mr.
				<lb />
				Jitendra Singh and Mr. Saurabh S. Sinha, Advocates
				<lb />
				for petitioner/FDCI.
				<lb />
				Mr. Amit Sibal, Sr. Advocate along with Ms. Isha Jha
				<lb />
				and Ms. Ishita Srivastava, Advocates for petitioners in
				<lb />
				W.P.(C)7465/2013 &amp; 2586/2017.
				<lb />
				Mr. Kamal Sawhney with Mr. Shikhar Garg,
				<lb />
				Advocates for petitioner in W.P.(C)4966/2013.
				<lb />
				Mr. Abhinav Agnihotri, Advocate for petitioner-Den
				<lb />
				Soccer Pvt. Ltd. in W.P.(C) 2886/2015 &amp; 5994/2016.
				<lb />
				Mr. Siddharth Bambha, Advocate along with Mr.
				<lb />
				Rachit Shrivastava, Advocate for the petitioners in
				<lb />
				W.P.(C) 12287/2015.
				<lb />
				Mr. Atul Sharma with Mr. Abhinav Agnihotri and Ms.
				<lb />
				Satakshi Som, Advocates for petitioners in
				<lb />
				W.P.(C)7495/2014 &amp; 9661/2016.
				<lb />
			</petitioner_lawyer>
			<respondent_lawyer>
				Mr. Parag P. Tripathi, Sr. Advocate with Mr. Kunal
				<lb />
				Bahari,
				<lb />
				Advocates
				<lb />
				for
				<lb />
				respondent
				<lb />
				in
				<lb />
				W.P.(C)2563/2013.
				<lb />
				Mr. Naushad Ahmed Khan, ASC (Civil)/GNCTD with
				<lb />
				Ms. Aastha Nigam, Advocate for respondents in
				<lb />
				W.P.(C)4966/2013 &amp; 7465/2013.
				<lb />
				Mr. Sanjoy Ghose, Addl. Standing Counsel for
				<lb />
				GNCTD
				<lb />
				with
				<lb />
				Mr.
				<lb />
				Rishabh
				<lb />
				Jetely
				<lb />
				in
				<lb />
				W.P.(C)3626/2015.
				<lb />
				Mr. Satyakam, Addl. Standing Counsel, GNCTD for
				<lb />
				the respondent with Mr. P.K. Goel, Assistant
				<lb />
				Commissioner in W.P.(C)9153/2016 &amp; 1927/2016.
				<lb />
				Mr. Anuj Aggarwal, Addl. Standing Counsel/GNCTD
				<lb />
				with Mr. Deboshree Mukherjee, Advocate for
				<lb />
				respondents in W.P.(C) 2563/2013, 6728/2013,
				<lb />
				4792/2014, 6767/2014, 2825/2015, 2886/2015,
				<lb />
				3247/2015, 3308/2015, 6839/2015 &amp; 9166/2015.
				<lb />
				Mr. Gautam Narayan, ASC along with Mr. R.A. Iyer,
				<lb />
				Advocate for respondent in W.P.(C)12287/2015.
			</respondent_lawyer>
			<judge>
				CORAM:
				<lb />
				HON&apos;BLE MR. JUSTICE S.RAVINDRA BHAT
				<lb />
				HON&apos;BLE MS. JUSTICE DEEPA SHARMA
				<lb />
			</judge>
		</front>
	</text>
</tei>
