<?xml version="1.0"?>
<tei xml:space="preserve">
	<teiHeader>
		<fileDesc xml:id="2193d3175ccb100740a77491977feb05" />
	</teiHeader>
	<text xml:lang="en">
		<front>
			<lb />
			$~
			<lb />
			*
			<lb />
			<court>
				IN THE HIGH COURT OF DELHI AT NEW DELHI
			</court>
			<lb />
			%
			<lb />
			<judgement_date>
				Reserved on: 21.10.2020
				<lb />
				Pronounced on: 17.11.2020
			</judgement_date>
			<lb />
			<case_number>
				+
				<lb />
				W.P. (C) 4114/2020 &amp; CM No. 14769/2020
			</case_number>
			<lb />
			<petitioner>
				DR. PRADEEP SHINDE
				
				
				&amp; ORS.
				<lb />
				.....
				
				Petitioners
			</petitioner>
			<lb />
			<extra>
				Through:
			</extra>
			<lb />
			<petitioner_lawyer>
				Mr. Akhil Sibal, Sr. Advocate
				<lb />
				with Mr. Maanav Kumar, Ms.
				<lb />
				Roshni Namboodiry, Ms. Nitya
				<lb />
				Gupta, Ms. Sonali Malik and Ms.
				<lb />
				Nupur, Advocates.
			</petitioner_lawyer>
			<extra>
				versus
			</extra>
			<lb />
			<respondent>
				JAWAHARLAL NEHRU UNIVERSITY THROUGH:
				<lb />
				ITS VICE CHANCELLOR &amp; ANR.
				<lb />
				.....
				
				Respondents
			</respondent>
			<lb />
			<extra>
				Through:
			</extra>
			<respondent_lawyer>
				Ms. Monika Arora,
			</respondent_lawyer>
			<extra>
				Standing
				<lb />
				Counsel with
			</extra>
			<respondent_lawyer>
				Ms. Ankita Shah,
			</respondent_lawyer>
			<lb />
			<extra>
				Advocate for R-1.
			</extra>
			<lb />
			<respondent_lawyer>
				Mr. Ajay Digpaul, CGSC and Mr.
				<lb />
				Kamal R. Digpaul
			</respondent_lawyer>
			<extra>
				Advocate for
				<lb />
				UOI.
			</extra>
			<lb />
			<judge>
				CORAM:
				<lb />
				HON&apos;BLE MS. JUSTICE JYOTI SINGH
			</judge>
			<document_type>
				JUDGEMENT
			</document_type>
		</front>
	</text>
</tei>
