<?xml version="1.0"?>
<tei xml:space="preserve">
	<teiHeader>
		<fileDesc xml:id="227904917d138c1c933df9454af7a4fe" />
	</teiHeader>
	<text xml:lang="en">
		<front>
			<lb />
			<case_number>
				W.P(MD)No.24012 of 2019
			</case_number>
			<lb />
			<court>
				BEFORE THE MADURAI BENCH OF MADRAS HIGH COURT
			</court>
			<lb />
			<judgement_date>
				DATED:27.11.2019
			</judgement_date>
			<lb />
			<judge>
				CORAM:
				<lb />
				THE HONOURABLE MR.JUSTICE M.SUNDAR
			</judge>
			<lb />
			<case_number>
				W.P(MD)No.24012 of 2019
			</case_number>
			<lb />
			<extra>
				and
			</extra>
			<lb />
			<case_number>
				W.M.P.(MD)No.20613 of 2019
			</case_number>
			<lb />
			<petitioner>
				V.Marimuthu
				<lb />
				... Petitioner
			</petitioner>
			<lb />
			<extra>
				Vs.
			</extra>
			<lb />
			<respondent>
				1.The District Collector,
				<lb />
				Ramanathapuram District,
				<lb />
				Ramanathapuram.
			</respondent>
			<lb />
			<respondent>
				2.The Revenue Divisional Officer,
				<lb />
				Paramakudi Revenue Division,
				<lb />
				Paramakudi,
				<lb />
				Ramanathapuram District.
			</respondent>
			<lb />
			<respondent>
				3.The Joint Registrar of Co-operative Societies/
				<lb />
				Managing Director,
				<lb />
				Ramanathapuram District Central Co-operative Bank,
				<lb />
				Ramanathapuram,
				<lb />
				Ramanathapuram District.
			</respondent>
			<lb />
			<respondent>
				4.The Tahsildar,
				<lb />
				Kadaladi Taluk,
				<lb />
				Kadaladi,
				<lb />
				Ramanathapuram District.
			</respondent>
			<lb />
			<page>
				1/18
			</page>
			<lb />
			<respondent>
				5.The Village Administrative Officer,
				<lb />
				Vagaikulam Group - Office at Sayalkudi,
				<lb />
				Kadaladi Taluk,
				<lb />
				Ramanathapuram District.
			</respondent>
			<lb />
			<respondent>
				<lb />
				6.The Secretary,
				<lb />
				Pillaiyarkulam Primary Agricultural Co-operative Credit Society,
				<lb />
				Pillaiyarkulam (Post),
				<lb />
				Kadaladi Taluk,
				<lb />
				Ramanathapuram District.
				<lb />
				7.S.Amutha
				<lb />
				... Respondents
			</respondent>
			<lb />
			<extra>
				PRAYER: Writ Petition filed under Article 226 of the Constitution of India for issuance of
				<lb />
				a Writ of Mandamus, to direct the fifth respondent to issue Adangal form under the
				<lb />
				Prime Minister crop insurance Scheme to the petitioner and direct the fifth respondent
				<lb />
				to register the petitioner's   crop  insurance application  for the  year 2019-2020  within
				<lb />
				time frame in accordance with the rules and procedures framed under the scheme.
				<lb />
				For Petitioner :
			</extra>
			<petitioner_lawyer>
				Mr.Raja Karthikeyan
			</petitioner_lawyer>
			<lb />
			<extra>
				For Respondents :
			</extra>
			<respondent_lawyer>
				Mr.K.MU.Muthu
			</respondent_lawyer>
			<lb />
			<extra>
				Additional Government Pleader
				<lb />
				for R.1 to R.5
				<lb />
				:
			</extra>
			<respondent_lawyer>
				Mr.K.Rajkumar
			</respondent_lawyer>
			<lb />
			<extra>
				for Mr.C.Ramar
				<lb />
				Additional Government Pleader
				<lb />
				for R.6
			</extra>
			<lb />
			<page>
				2/18
			</page>
			<lb />
			<extra>
				:
			</extra>
			<respondent_lawyer>
				Mr.S.Krishnan
			</respondent_lawyer>
			<lb />
			<extra>
				for Mr.K.Kumaravel
				<lb />
				for R.7
			</extra>
			<lb />
			<document_type>
				ORDER
			</document_type>
		</front>
	</text>
</tei>
