<?xml version="1.0"?>
<tei xml:space="preserve">
	<teiHeader>
		<fileDesc xml:id="246459" />
	</teiHeader>
	<text xml:lang="en">
		<front>
			<lb />
			<page>
				1
			</page>
			<court>
				IN THE HIGH COURT OF JUDICATURE AT MADRAS
				<lb />
			</court>
			<judgement_date>
				DATED : 13.10.2015
			</judgement_date>
			<judge>
				CORAM
				<lb />
			</judge>
			<judge>
				THE HONOURABLE MR.JUSTICE S.MANIKUMAR
				<lb />
				AND
				<lb />
				THE HONOURABLE MR. JUSTICE M.VENUGOPAL
				<lb />
			</judge>
			<case_number>
				C.M.A. No.3273 of 2014
				<lb />
			</case_number>
			<case_number>
				M.P.Nos.1 of 2014 and 1 of 2015
				<lb />
				of 2015
				<lb />
			</case_number>
			<case_number>
				M.P.Nos.1 and 2 of 2015
				<lb />
			</case_number>
			<case_number>
				C.M.A. No.2386 of 2015
				<lb />
				and 2 of 2015
				<lb />
			</case_number>
			<case_number>
				(C.M.A. No.3273 of 2014)
				<lb />
			</case_number>
			<petitioner>
				M/s.Royal Sundaram Alliance Insurance Co. Ltd.,
				<lb />
				No.8/H-1, Mangalam Building 4 Road,
				<lb />
				Salem 636 009.
				<lb />
				... Appellant
			</petitioner>
			<lb />
			<extra>
				vs.
			</extra>
			<lb />
			<respondent>
				1. Tmt.Vennila
				<lb />
				2. Govindammal
				<lb />
				3. Perumal
				<lb />
				4. Alamelu
				<lb />
				5. Muniyammal
				<lb />
				6. Madheswaran
				<lb />
				...
				
				Respondents
				<lb />
			</respondent>
			<extra>
				Civil Miscellaneous Appeal filed under Section 173 Motor Vehicles
				<lb />
				Act, 1988 against the award and decree, dated 31.10.2013 made in
				<lb />
				M.C.O.P.No.549 of 2012, on the file of the Motor Accidents Claims
				<lb />
				Tribunal, (Additional District Court), Dharmapuri.
				<lb />
			</extra>
			<extra>
				For Appellant
				<lb />
				:
			</extra>
			<petitioner_lawyer>
				Mr.M.B.Gopalan
			</petitioner_lawyer>
			<lb />
			<extra>
				For Respondents 1 to 3
				<lb />
				:
			</extra>
			<respondent_lawyer>
				Mr.G.K.Sekar
			</respondent_lawyer>
			<lb />
			<page>
				2
			</page>
			<case_number>
				(C.M.A.
				No.723 of 2015)
				<lb />
			</case_number>
			<petitioner>
				M/s.Royal Sundaram Alliance Insurance Co. Ltd.,
				<lb />
				No.8/H-1, Mangalam Building 4 Road,
				<lb />
				Salem 636 009.
				<lb />
				... Appellant
			</petitioner>
			<lb />
			<extra>
				vs.
			</extra>
			<lb />
			<respondent>
				1. Ambiga
				<lb />
				2. Poovarasan (Minor)
				<lb />
				3. Sandhiya (Minor)
				<lb />
				4. Palaniammal
				<lb />
				5. Govindan
				<lb />
				6. M.M.Contractor,
				<lb />
				No.245, South Metha Street,
				<lb />
				Thiruvagoundanoor,
				<lb />
				Salem, Tamil Nadu.
				<lb />
				... Respondents
				<lb />
			</respondent>
			<extra>
				(Respondents 2 and 3 (Minors),
				<lb />
				rep., by the 1 st respondent)
				<lb />
				Civil Miscellaneous Appeal filed under Section 173 Motor Vehicles
				<lb />
				Act, 1988 against the award and decree, dated 10.09.2014, made in
				<lb />
				M.C.O.P.No.253 of 2014, on the file of the Motor Accidents Claims
				<lb />
				Tribunal, (Special District Court), Dharmapuri.
				<lb />
			</extra>
			<extra>
				For Appellant
				<lb />
				:
			</extra>
			<petitioner_lawyer>
				Mr.M.B.Gopalan
			</petitioner_lawyer>
			<lb />
			<extra>
				For Respondents 1 to 5
				<lb />
				:
			</extra>
			<respondent_lawyer>
				Mr.S.Sathieseelan
				<lb />
			</respondent_lawyer>
			<case_number>
				(C.M.A
				
				.No.2386 of 2015)
				<lb />
			</case_number>
			<petitioner>
				The
				
				Managing Director,
				<lb />
				Metropolitan Transport Corporation (Chennai) Ltd.,
				<lb />
				Pallavan House, Anna Salai, Chennai-2.
				<lb />
				... Appellant
				<lb />
			</petitioner>
			<extra>
				vs.
				<lb />
			</extra>
			<page>
				3
			</page>
			<respondent>
				1. B.Thaniga
				<lb />
				2. S.Dhanalakshmi
				<lb />
				3. B.Sathya
				<lb />
				4. K.Ali
				<lb />
				5. B.Anandan
				<lb />
				...
				
				Respondents
				<lb />
			</respondent>
			<extra>
				Civil Miscellaneous Appeal filed under Section 173 Motor Vehicles
				<lb />
				Act, 1988 against the award and decree, dated 22.08.2014 made in
				<lb />
				M.C.O.P.No.4193 of 2011, on the file of the Motor Accidents Claims
				<lb />
				Tribunal, (2 nd Court of Small Causes), Chennai.
				<lb />
			</extra>
			<extra>
				For Appellant
				<lb />
				:
			</extra>
			<petitioner_lawyer>
				Mr.S.Sivakumar
			</petitioner_lawyer>
			<lb />
			<extra>
				For Respondents 1 to 3
				<lb />
				:
			</extra>
			<respondent_lawyer>
				Mr.D.Velu
			</respondent_lawyer>
			<lb />
			<document_type>
				COMMON JUDGMENT
			</document_type>
			<lb />
		</front>
	</text>
</tei>
