<?xml version="1.0"?>
<tei xml:space="preserve">
	<teiHeader>
		<fileDesc xml:id="27104" />
	</teiHeader>
	<text xml:lang="en">
		<front>
			<lb />
			<page>
				Page 1 of 140
				<lb />
			</page>
			<court>
				$
				<lb />
				*
				<lb />
				IN THE HIGH COURT OF DELHI AT NEW DELHI
				<lb />
			</court>
			<judgement_date>
				Reserved on: 29 th August, 2016
				<lb />
			</judgement_date>
			<judgement_date>
				Pronounced on : 08 th February, 2017
				<lb />
			</judgement_date>
			<case_number>
				+
				<lb />
				CRL.A. 1284/2015
				<lb />
			</case_number>
			<petitioner>
				SUSHIL ARORA
				<lb />
			</petitioner>
			<extra>
				..... Appellant
				<lb />
			</extra>
			<extra>
				Through:
				<lb />
			</extra>
			<petitioner_lawyer>
				Mr. Vikas Arora and Ms. Radhika
				<lb />
				Arora,
			</petitioner_lawyer>
			<extra>
				Advocates
				<lb />
			</extra>
			<extra>
				Versus
				<lb />
			</extra>
			<respondent>
				STATE
				<lb />
			</respondent>
			<extra>
				..... Respondent
				<lb />
			</extra>
			<extra>
				Through:
				<lb />
			</extra>
			<respondent_lawyer>
				Ms. Aasha Tiwari
				<lb />
			</respondent_lawyer>
			<extra>
				, APP for State
				<lb />
			</extra>
			<lb />
			<case_number>
				+
				<lb />
				CRL.A. 53/2016
				<lb />
			</case_number>
			<petitioner>
				RAJESH PANDEY
				<lb />
			</petitioner>
			<extra>
				..... Appellant
				<lb />
			</extra>
			<extra>
				Through:
				<lb />
				<petitioner_lawyer>
					Mr. Vivek Sood, Sr. Advocate with
					<lb />
					Mr. Ashim Shridhar
					<lb />
				</petitioner_lawyer>
				<extra>
					, Advocate
					<lb />
				</extra>
				<extra>
					Versus
					<lb />
				</extra>
				<respondent>
					STATE (GOVT. OF NCT OF DELHI)
					<lb />
				</respondent>
				<extra>
					..... Respondent
					<lb />
				</extra>
				<extra>
					Through:
					<lb />
				</extra>
				<respondent_lawyer>
					Ms. Aasha Tiwari
					<lb />
				</respondent_lawyer>
				<extra>
					, APP for State
					<lb />
				</extra>
				<case_number>
					<lb />
					+
					<lb />
					CRL.A. 190/2016
					<lb />
				</case_number>
				<petitioner>
					HEMANT GARG
					<lb />
				</petitioner>
				<extra>
					..... Appellant
					<lb />
				</extra>
				<extra>
					Through:
					<lb />
				</extra>
				<petitioner_lawyer>
					Mr. K. Singhal
					<lb />
				</petitioner_lawyer>
				<extra>
					, Advocate
					<lb />
				</extra>
				<extra>
					Versus
					<lb />
				</extra>
				<respondent>
					STATE NCT OF DELHI
					<lb />
				</respondent>
				<extra>
					..... Respondent
					<lb />
				</extra>
				<extra>
					Through:
					<lb />
				</extra>
				<respondent_lawyer>
					Ms. Aasha Tiwari
					<lb />
				</respondent_lawyer>
				<extra>
					, APP for State
					<lb />
				</extra>
				<case_number>
					CRL.A. 1338/2015
					<lb />
				</case_number>
				<petitioner>
					VISHNU S/O PANCHU RAM
					<lb />
				</petitioner>
				<extra>
					..... Appellant
					<lb />
				</extra>
				<extra>
					Through:
					<lb />
				</extra>
				<petitioner_lawyer>
					Mr. M.N. Dudeja and Mr. Rajesh
					<lb />
					Kaushik,
				</petitioner_lawyer>
				<extra>
					Advocates
					<lb />
				</extra>
				<extra>
					Versus
					<lb />
				</extra>
				<lb />
				<respondent>
					STATE NCT OF DELHI
					<lb />
				</respondent>
				<extra>
					..... Respondent
					<lb />
				</extra>
				<extra>
					Through:
					<lb />
				</extra>
				<respondent_lawyer>
					Ms. Aasha Tiwari
					<lb />
				</respondent_lawyer>
				<extra>
					, APP for State
				</extra>
				<case_number>
					+
					<lb />
					CRL.A. 283/2016
					<lb />
				</case_number>
				<petitioner>
					SONVEER alias PINKU
					<lb />
				</petitioner>
				<extra>
					..... Appellant
					<lb />
				</extra>
				<extra>
					Through:
				</extra>
				<petitioner_lawyer>
					Mr. Rajeev Mohan,
				</petitioner_lawyer>
				<extra>
					Advocate
					<lb />
				</extra>
				<extra>
					Versus
					<lb />
				</extra>
				<respondent>
					STATE
					<lb />
				</respondent>
				<extra>
					..... Respondent
					<lb />
				</extra>
				<extra>
					Through:
					<lb />
				</extra>
				<respondent_lawyer>
					Ms. Aasha Tiwari
					<lb />
				</respondent_lawyer>
				<extra>
					, APP for State
					<lb />
				</extra>
				<judge>
					CORAM:
					<lb />
					HON&apos;BLE MS. JUSTICE GITA MITTAL
					<lb />
					HON&apos;BLE MR. JUSTICE R.K.GAUBA
					<lb />
				</judge>
				<document_type>
					JUDGMENT
					<lb />
				</document_type>
			</extra>
		</front>
	</text>
</tei>
