<?xml version="1.0"?>
<tei xml:space="preserve">
	<teiHeader>
		<fileDesc xml:id="367951" />
	</teiHeader>
	<text xml:lang="en">
		<front>
			1
			<lb />
			<court>
				IN THE HIGH COURT OF JUDICATURE AT MADRAS
				<lb />
			</court>
			<judgement_date>
				DATED : 11.11.2016
				<lb />
			</judgement_date>
			<judge>
				CORAM:
				<lb />
				THE HONOURABLE MR.JUSTICE S.MANIKUMAR
				<lb />
			</judge>
			<case_number>
				Writ Petition Nos.1875 and 3652 of 2013
				<lb />
				and Connected Miscellaneous Petitions
				<lb />
			</case_number>
			<petitioner>
				Tata Communications Ltd.,
				<lb />
				Through its Assistant Manager (HR),
				<lb />
				V.Geetha
				<lb />
			</petitioner>
			<extra>
				... Petitioner
				<lb />
				in W.P.No.1875 of 2013
				<lb />
			</extra>
			<petitioner>
				Bharti Airtel Ltd.,
				<lb />
				Represented by its Legal Manager,
				<lb />
				Harish Rangarajan
				<lb />
			</petitioner>
			<extra>
				... Petitioner in W.P.No.3652 of 2013
				<lb />
			</extra>
			<extra>
				Vs.
				<lb />
			</extra>
			<respondent>
				1. Telecom Regulatory Authority of India,
				<lb />
				Mahanagar Door Sanchar Bhawan,
				<lb />
				Jawahar Lal Nehru Marg,
				<lb />
				Next to Dr. Zakir Hussain College,
				<lb />
				New Delhi 110 002.
				<lb />
			</respondent>
			<respondent>
				2. Bharat Sanchar Nigam Ltd.,
				<lb />
				Rep.
				
				, by its Assistant General Manager (Legal),
				<lb />
				O/o. Chief General Manager Mtce,
				<lb />
				Southern Telecom Region,
				<lb />
				11, Link Road, Ganapathy Colony,
				<lb />
				Guindy, Chennai 600 032.
				<lb />
			</respondent>
			<respondent>
				3. Association of Competitive Telecom Operators
				<lb />
				Rep., by its Authorised Signatory,
				<lb />
				Mr.Manoj Misra,
				<lb />
				601, Nirmal Towers,
				<lb />
				26, Barakhamba Road,
				<lb />
				Connaught Place, New Delhi 110 001.
				<lb />
			</respondent>
			<extra>
				For Petitioner :
				<lb />
			</extra>
			<petitioner_lawyer>
				Mr.C.S.Vaidyanathan
				<lb />
			</petitioner_lawyer>
			<extra>
				, Senior Advocate
				<lb />
				( in W.P.No.1875/13) for
			</extra>
			<petitioner_lawyer>
				M/s.K.Harishankar
				<lb />
			</petitioner_lawyer>
			<extra>
				For Petitioner :
				<lb />
			</extra>
			<petitioner_lawyer>
				Mr.P.S.Raman
				<lb />
			</petitioner_lawyer>
			<extra>
				, Senior Advocate
				<lb />
				for
			</extra>
			<petitioner_lawyer>
				M/s.Satish Parasaran
				<lb />
			</petitioner_lawyer>
			<extra>
				For 1st Respondent
				<lb />
			</extra>
			<respondent_lawyer>
				: Mr.R.Muthukumaraswamy
				<lb />
			</respondent_lawyer>
			<extra>
				, Sr. Advocate
				<lb />
				Assisted by Dr.M.Devendran
				<lb />
				Standing Counsel for TRAI
				<lb />
			</extra>
			<extra>
				For 2nd Respondent
				<lb />
				:
			</extra>
			<respondent_lawyer>
				Mr.V.T.Gopalan
				<lb />
			</respondent_lawyer>
			<extra>
				, Senior Advocate,
				<lb />
				for Dr.S.Seethalakshmi,
				<lb />
				Standing Counsel for BSNL
				<lb />
			</extra>
			<extra>
				For 3rd Respondent
				<lb />
				:
			</extra>
			<respondent_lawyer>
				Mr.S.Parthasarathy
			</respondent_lawyer>
			<extra>
				, Senior Advocate,
				<lb />
				for
			</extra>
			<respondent_lawyer>
				M/s.Fox Mandal &amp; Associates
				<lb />
			</respondent_lawyer>
			<extra>
				For 4th Respondent
				<lb />
				:
			</extra>
			<respondent_lawyer>
				Mr.A.L.Somayaji
			</respondent_lawyer>
			<extra>
				, Senior Advocate
				<lb />
				for M/s.R.Venkatavaradhan
				<lb />
			</extra>
			<document_type>
				COMMON ORDER
			</document_type>
		</front>
	</text>
</tei>
