<?xml version="1.0"?>
<tei xml:space="preserve">
	<teiHeader>
		<fileDesc xml:id="382867" />
	</teiHeader>
	<text xml:lang="en">
		<front>
			<lb />
			<court>
				IN THE HIGH COURT OF JUDICATURE AT MADRAS
				<lb />
			</court>
			<judgement_date>
				DATED : 03.01.2017
				<lb />
			</judgement_date>
			<judge>
				CORAM
				<lb />
				THE HON&apos;BLE MR.SANJAY KISHAN KAUL, CHIEF JUSTICE
				<lb />
				AND
				<lb />
				THE HON&apos;BLE MR.JUSTICE M.SUNDAR
				<lb />
			</judge>
			<case_number>
				W.P.No.17368 of 2014
				<lb />
			</case_number>
			<petitioner>
				D.Thangamani
				<lb />
			</petitioner>
			<extra>
				.. Petitioner
				<lb />
			</extra>
			<extra>
				Vs
				<lb />
			</extra>
			<respondent>
				1. The Secretary to Government
				<lb />
				Revenue Department
				<lb />
				Secretariat,
				Fort St. George
				<lb />
				Chennai -600 009.
				<lb />
			</respondent>
			<respondent>
				2. The District Collector
				<lb />
				Cuddalore District.
				<lb />
			</respondent>
			<respondent>
				3. The District Revenue Officer
				<lb />
				Cuddalore District.
				<lb />
			</respondent>
			<respondent>
				4. The Revenue Divisional Officer
				<lb />
				Cuddalore District.
				<lb />
			</respondent>
			<respondent>
				5. The Tahsildar
				<lb />
				Kurinjipadi.
				<lb />
			</respondent>
			<respondent>
				6. The Village Administrative Officer
				<lb />
				Kurinjipadi.
				<lb />
			</respondent>
			<respondent>
				7. Vanitha
				<lb />
			</respondent>
			<respondent>
				8. Kausalya
				<lb />
			</respondent>
			<respondent>
				9. Vijaylaxmi
				<lb />
			</respondent>
			<respondent>
				10.Amsa
				<lb />
				11.
				Anjalai
				<lb />
			</respondent>
			<respondent>
				12.Viji
				<lb />
			</respondent>
			<extra>
				.. Respondents
				<lb />
			</extra>
			<extra>
				PRAYER: Petition under Article 226 of the Constitution of India
				<lb />
				seeking issuance of a writ of Certiorarified Mandamus calling for the
				<lb />
				records of the 2 nd respondent with reference to his order in Na. Ka.
				<lb />
				V2. 86588/2013, dated 5.8.2013, quash the same and direct
				<lb />
				respondents 1 to 6 to remove the encroachments made by
				<lb />
				respondents 7 to 12 in Survey No.143/12 to an extent of 0.22.5
				<lb />
				hectares in Ellappanpettai Mathura Muthukrishnapuram Village,
				<lb />
				Kurinjipadi Taluk, Cuddalore District and cancel the pattas issued to
				<lb />
				respondents 7 to 12.
				<lb />
			</extra>
			<extra>
				For Petitioner
				<lb />
				:
			</extra>
			<petitioner_lawyer>
				Mr.Abdul Majeed
				<lb />
				M/s.G.Sumitra
				<lb />
			</petitioner_lawyer>
			<extra>
				For Respondents
				<lb />
				:
			</extra>
			<respondent_lawyer>
				Ms.Vasudha Thiyagarajan
				<lb />
			</respondent_lawyer>
			<extra>
				Addl. Government Pleader
				<lb />
				for respondents 1 to 6
			</extra>
			<document_type>
				ORDER
				<lb />
			</document_type>
		</front>
	</text>
</tei>
