<?xml version="1.0"?>
<tei xml:space="preserve">
	<teiHeader>
		<fileDesc xml:id="429580" />
	</teiHeader>
	<text xml:lang="en">
		<front>
			<page>
				1
				<lb />
			</page>
			<court>
				In the High Court of Judicature at Madras
				<lb />
			</court>
			<judgement_date>
				Reserved on : 04.8.2017 &amp;
				<lb />
			</judgement_date>
			<judgement_date>
				Pronounced on : 11/8/2017
				<lb />
			</judgement_date>
			<judge>
				Coram :
				<lb />
				The Honourable Mr.Justice NOOTY.RAMAMOHANA RAO And
				<lb />
				The Honourable Mr.Justice S.M.SUBRAMANIAM
				<lb />
			</judge>
			<case_number>
				Writ Appeal No.1451 of 2015 &amp; MP.No.1 of 2015
				<lb />
			</case_number>
			<petitioner>
				1.State of Tamil Nadu, rep.
				
				by
				<lb />
				its Secretary to Government,
				
				Revenue Department,
				
				
				Fort.St.
				<lb />
				George, Chennai-9.
				<lb />
			</petitioner>
			<petitioner>
				2.The Special Commissioner &amp;
				<lb />
				Commissioner of Land
				<lb />
				Administration, Chepauk,
				<lb />
				Chennai-5.
				<lb />
			</petitioner>
			<petitioner>
				3.The District Revenue Officer,
				<lb />
				Thanjavur.
				<lb />
			</petitioner>
			<petitioner>
				4.The Revenue Divisional Officer,
				<lb />
				Thanjavur.
				<lb />
			</petitioner>
			<petitioner>
				5.The Tahsildar, Thanjavur.
				<lb />
			</petitioner>
			<petitioner>
				6.The State of Tamil Nadu, rep.by its
				<lb />
				Principal Secretary to Government,
				<lb />
				Home (Prisons) Department,
				<lb />
				Chennai-9.
				<lb />
			</petitioner>
			<petitioner>
				7.The Additional Director General of Police/
				<lb />
				Inspector General of Prisons, CMDA Tower-II,
				<lb />
				Egmore, Chennai-8.
				<lb />
				(
				
				Appellants 6 &amp; 7 are impleaded vide CMP.No.2480
				<lb />
				Of 2017 vide order dated 11.8.2017 by NRRJ &amp; SMSJ
				
				)
			</petitioner>
			<extra>
				<lb />
				...Appellants
				<lb />
			</extra>
			<extra>
				Vs
				<lb />
			</extra>
			<respondent>
				1.Shanmugha Arts, Science, Technology
				<lb />
				&amp; Research Academy (SASTRA),
				<lb />
				Deemed to be University, having its
				<lb />
				main campus at &apos;Shanmugha
				<lb />
				Campus&apos;, Thirumalaisamudram,
				<lb />
				Thanjavur-613402. HQ at Madras,
				<lb />
				rep.by its Registrar Prof.R.Kandaswamy
				<lb />
			</respondent>
			<respondent>
				2.VEE SEE BEE Trust administering
				<lb />
				Shanmugha Polytechnic, having its
				<lb />
				main campus at &apos;Shanmugha Campus&apos;
				<lb />
				Thirumalaisamudram, Thanjavur-
				<lb />
				613402, rep.by its Managing Trustee
				<lb />
				Prof.R.Sethuraman
				<lb />
			</respondent>
			<extra>
				…Respondents
			</extra>
			<extra>
				APPEAL under Clause 15 of the Letters Patent against the order dated
				<lb />
				04.9.2014 made in WP.No.9037 of 2004 &amp; WPMP.No. 10545 of 2004.
				<lb />
			</extra>
			<extra>
				For Appellants :
				<lb />
			</extra>
			<petitioner_lawyer>
				Mr.K.Muthukumarasamy, AG
				<lb />
				for Mrs.Sri Jayanthi, GP
				<lb />
			</petitioner_lawyer>
			<extra>
				For Respondents :
				<lb />
			</extra>
			<respondent_lawyer>
				Mr.G.Rajagopalan, SC for
				<lb />
				M/s.G.R.Associates &amp;
				<lb />
				Mr.N.Venkataraman, SC
			</respondent_lawyer>
			<document_type>
				JUDGMENT
				<lb />
			</document_type>
		</front>
	</text>
</tei>
