<?xml version="1.0"?>
<tei xml:space="preserve">
	<teiHeader>
		<fileDesc xml:id="448f99268f2beed09b06022b1a3ff998" />
	</teiHeader>
	<text xml:lang="en">
		<front>
			<lb />
			<extra>
				PA Nitin Jagtap -PA -Dhuri
			</extra>
			<lb />
			<page>
				1 / 166
			</page>
			<lb />
			<extra>
				WPL-3011-2020-Final.doc
			</extra>
			<lb />
			<court>
				IN THE HIGH COURT OF JUDICATURE AT BOMBAY
			</court>
			<lb />
			<extra>
				ORDINARY ORIGINAL CIVIL URISDICTION
			</extra>
			<lb />
			<case_number>
				WRIT PETITION (ST.) NO. 3011 OF 2020
			</case_number>
			<lb />
			<petitioner>
				Ms. Kangana Ranaut, )
				<lb />
				An Adult, Indian Inhabitant, )
				<lb />
				having her address as Bungalow No. 5, )
				<lb />
				Chetak Row House No. 41, )
				<lb />
				Nargis Dutt Road, Pali Hill, )
				<lb />
				Bandra, West, Mumbai -400 050
				<lb />
				)
				<lb />
				… Petitioner
			</petitioner>
			<lb />
			<extra>
				Versus
			</extra>
			<lb />
			<respondent>
				1.Municipal Corporation of Greater )
				<lb />
				Mumbai, )
				<lb />
				a local statutory body having its ofce at )
				<lb />
				Mahapalika Building, Mahapalika Marg, )
				<lb />
				Mumbai -400 001 )
			</respondent>
			<lb />
			<respondent>
				2.The Executive Engineer ( B &amp; F ), )
				<lb />
				having his ofce at H/West Ward, H/W Ward )
				<lb />
				Ofce Building, iaint Martin Road, Behind )
				<lb />
				Bandra Police itation, Bandra, West, )
				<lb />
				Mumbai -400 050 )
			</respondent>
			<lb />
			<respondent>
				3.Government of Maharashtra, )
				<lb />
				Through its iecretary, )
				<lb />
				Ministry of Home Afairs, Mantralaya, )
				<lb />
				Mumbai -400 032 )
			</respondent>
			<lb />
			<respondent>
				4.Bhagyavant Late, )
				<lb />
				An adult, Indian Inhabitant, )
				<lb />
				Having ofce at H/West Ward, )
				<lb />
				H/W Ward Ofce Building, )
				<lb />
				Saint Martin Road, Behind Bandra Police )
			</respondent>
			<lb />
			<extra>
				PA Nitin Jagtap -PA -Dhuri
			</extra>
			<lb />
			<page>
				2 / 166
			</page>
			<lb />
			<extra>
				WPL-3011-2020-Final.doc
			</extra>
			<lb />
			<respondent>
				Station, Bandra, West, Mumbai -400 050 )
			</respondent>
			<lb />
			<respondent>
				5.Sanjay Raut, )
				<lb />
				An adult, Indian Inhabitant, )
				<lb />
				&quot;Maitri&quot; Friends Colony, Bhandup, East, )
				<lb />
				Mumbai -400 042
				<lb />
				)
				<lb />
				… Respondents
			</respondent>
			<lb />
			<petitioner_lawyer>
				Dr.Birendra Saraf, Sr. Adv. a/w. Mr.Prasanna Bhangale, Ms. Monisha Mane Bhangale,
				<lb />
				Mr.Rizwan Siddiquee i/b. Siddiquee
			</petitioner_lawyer>
			<extra>
				and Associates for the Petitioner.
			</extra>
			<lb />
			<respondent_lawyer>
				Mr.Aspi Chinoy, Sr. Adv. a/w. Mr.Joel Carlos, Ms.Rupali Adhate
			</respondent_lawyer>
			<extra>
				for Respondent Nos.
				<lb />
				1 and 2.
			</extra>
			<lb />
			<respondent_lawyer>
				Ms.P.H.Kantharia, Government Pleader a/w. Ms.Jyoti Chavan,
			</respondent_lawyer>
			<extra>
				AGP for Respondent
				<lb />
				No.3.
			</extra>
			<lb />
			<respondent_lawyer>
				Mr. Anil Y. Sakhare, Sr. Adv. a/w. Ms.Rupali Adhate, Mr.Rohan Mirpurey i/b. Ms.
				<lb />
				Aruna Savla
			</respondent_lawyer>
			<extra>
				for Respondent No. 4.
			</extra>
			<lb />
			<respondent_lawyer>
				Mr.Pradeep J. Thorat a/w. Ms.Aditi i. Naikare, Mr. Aniesh i. Jadhav
			</respondent_lawyer>
			<extra>
				for Respondent
				<lb />
				No.5.
			</extra>
			<lb />
			<judge>
				CORAM
				<lb />
				:
				<lb />
				S.J.KATHAWALLA, &amp;
				<lb />
				R.I. CHAGLA, JJ.
			</judge>
			<lb />
			<judgement_date>
				RESERVED ON :
				<lb />
				5TH OCTOBER, 2020
				<lb />
				PRONOUNCED ON : 27TH NOVEMBER, 2020
			</judgement_date>
			<lb />
			<extra>
				(THROUGH VIDEO CONFERENCING)
			</extra>
			<lb />
			<document_type>
				JUDGMENT
			</document_type>
			<lb />
		</front>
	</text>
</tei>
