<?xml version="1.0"?>
<tei xml:space="preserve">
	<teiHeader>
		<fileDesc xml:id="49874" />
	</teiHeader>
	<text xml:lang="en">
		<front>
			<lb />
			<page>
				Page 1 of 225
				<lb />
			</page>
			<court>
				$~
				<lb />
				*
				<lb />
				IN THE HIGH COURT OF DELHI AT NEW DELHI
				<lb />
			</court>
			<judgement_date>
				Reserved on : 30 th May, 2019
				<lb />
			</judgement_date>
			<judgement_date>
				Date of decision : 8 th July, 2019
				<lb />
			</judgement_date>
			<case_number>
				+
				<lb />
				CS (OS) 410/2018
				<lb />
			</case_number>
			<petitioner>
				AMWAY INDIA ENTERPRISES PVT. LTD.
				<lb />
			</petitioner>
			<extra>
				…...Plaintiff
				<lb />
			</extra>
			<extra>
				Through:
				<lb />
			</extra>
			<petitioner_lawyer>
				Mr. Sudhir Chandra, Senior Advocate
				<lb />
				with Mr. Sohan Singh Rana, Mrs.
				<lb />
				Bindra Rana, Ms. Priya Adlakha, Ms.
				<lb />
				Tulip De &amp; Mr. Ashish Sharma, Ms.
				<lb />
				Ruhee
				<lb />
				Passi,
				<lb />
			</petitioner_lawyer>
			<extra>
				Advocates.
				<lb />
				(M:9818202368)
				<lb />
			</extra>
			<extra>
				versus
				<lb />
			</extra>
			<respondent>
				1MG TECHNOLOGIES PVT. LTD. &amp; ANR.
				<lb />
			</respondent>
			<extra>
				.....Defendants
				<lb />
			</extra>
			<extra>
				Through:
				<lb />
			</extra>
			<respondent_lawyer>
				Mr. Sagar Chandra, Ms. Ishani
				<lb />
				Chandra and Ms. Shubhie Wahi,
				<lb />
			</respondent_lawyer>
			<extra>
				Advocates for D-1 (M:8130910708)
				<lb />
			</extra>
			<respondent_lawyer>
				Mr. Sudarshan Rajan and Mr. Ramesh
				<lb />
				Rawat,
				<lb />
			</respondent_lawyer>
			<extra>
				Advocates
				<lb />
				for
				<lb />
				D-2.
				<lb />
				(M:9990865829) WITH
				<lb />
			</extra>
			<case_number>
				+
				<lb />
				CS (OS) 453/2018
				<lb />
			</case_number>
			<petitioner>
				AMWAY INDIA ENTERPRISES PVT. LTD.
				<lb />
			</petitioner>
			<extra>
				…...Plaintiff
				<lb />
			</extra>
			<extra>
				Through:
				<lb />
			</extra>
			<petitioner_lawyer>
				Mr. Sudhir Chandra, Senior Advocate
				<lb />
				with Mr. Sohan Singh Rana, Mrs.
				<lb />
				Bindra Rana, Ms. Priya Adlakha, Ms.
				<lb />
				Tulip De &amp; Mr. Ashish Sharma, Ms.
				<lb />
				Ruhee
				<lb />
				Passi,
				<lb />
			</petitioner_lawyer>
			<extra>
				Advocates.
				<lb />
				(M:9818202368) versus
				<lb />
			</extra>
			<respondent>
				ADINATH ENTERPRISES &amp; ORS.
				<lb />
			</respondent>
			<extra>
				.....Defendants
				<lb />
			</extra>
			<extra>
				Through:
				<lb />
			</extra>
			<respondent_lawyer>
				Mr. Siddharth Batra, Ms. Garima
				<lb />
				Sehgal and Mr. Vishwajeet Arora,
				<lb />
			</respondent_lawyer>
			<extra>
				Advocates for D-2 &amp; 3.
				<lb />
			</extra>
			<respondent_lawyer>
				Mr. Prateek Tewari
				<lb />
			</respondent_lawyer>
			<extra>
				, Advocate for D-8
				<lb />
				(M-8800576518)
				<lb />
			</extra>
			<respondent_lawyer>
				Mr.
				<lb />
				Dayan
				<lb />
				Krishnan,
				<lb />
				Senior
				<lb />
				Advocate, with Mr. Nitin Sharma,
				<lb />
				Mr. Sanjeev Seshadri &amp; Ms. Disha
				<lb />
				Sharma,
				<lb />
			</respondent_lawyer>
			<extra>
				Advocates
				<lb />
				for
				<lb />
				D-9.
				<lb />
				(M:9810621272) WITH
				<lb />
			</extra>
			<case_number>
				+
				<lb />
				CS (OS) 480/2018
				<lb />
			</case_number>
			<petitioner>
				AMWAY INDIA ENTERPRISES PVT. LTD.
				<lb />
			</petitioner>
			<extra>
				…...Plaintiff
				<lb />
			</extra>
			<extra>
				Through:
				<lb />
			</extra>
			<petitioner_lawyer>
				Mr. Rajiv Nayar, Senior Advocate,
				<lb />
				with Ms. Priya Kumar, Mr. C.D.
				<lb />
				Mulherkar, Mr. Shailabh Tiwari, Mr.
				<lb />
				Tejas Chhabra and Mr. Chanakya
				<lb />
				Diwedi,
			</petitioner_lawyer>
			<extra>
				Advocates (M:9716989180)
				<lb />
			</extra>
			<extra>
				versus
				<lb />
			</extra>
			<respondent>
				PIONEERING PRODUCTS AND ORS.
				<lb />
			</respondent>
			<extra>
				.....Defendants
				<lb />
			</extra>
			<extra>
				Through:
			</extra>
			<respondent_lawyer>
				Mr. Sandeep Sethi, Senior Advocate,
				<lb />
				with Mr. Prince Pawaiya, Ms. Prema
				<lb />
				Arora, Ms. Peri Surya Yashodhara
				<lb />
				and Mr. Karan Chopra,
			</respondent_lawyer>
			<extra>
				Advocates,
				<lb />
				GNP Legal, for Defendant no.3
				<lb />
				(9549124005)
				<lb />
			</extra>
			<respondent_lawyer>
				Mr. Saikrishna Rajagopal, Ms. Sneha
				<lb />
				Jain, Ms. Savni Dutt, Mr. Devvrat
				<lb />
				Joshi, Ms. Nilofar Absar and Ms.
				<lb />
				Abhiti Vachher
			</respondent_lawyer>
			<extra>
				, Advocates, for
				<lb />
				Defendant no.4. (9810621272)
				<lb />
			</extra>
			<respondent_lawyer>
				Ms. Amita Gupta
				<lb />
			</respondent_lawyer>
			<extra>
				, Advocate, for
				<lb />
				Defendant No.1 (9900064366) WITH
				<lb />
			</extra>
			<page>
				Page 3 of 225
				<lb />
			</page>
			<case_number>
				+
				<lb />
				CS (OS) 531/2018
				<lb />
			</case_number>
			<petitioner>
				AMWAY INDIA ENTERPRISES PVT. LTD.
				<lb />
			</petitioner>
			<extra>
				…...Plaintiff
				<lb />
			</extra>
			<extra>
				Through:
				<lb />
			</extra>
			<petitioner_lawyer>
				Ms. Priya Kumar, Mr. Shailabh
				<lb />
				Tiwari, Mr. C.D. Mulherkar, Mr.
				<lb />
				Tejas Chhabra, Mr. Chanakya
				<lb />
				Diwedi,
				<lb />
				Mr.
				<lb />
				Anand
				<lb />
				Chichra
				<lb />
			</petitioner_lawyer>
			<extra>
				Advocates.
				<lb />
			</extra>
			<extra>
				versus
				<lb />
			</extra>
			<respondent>
				FLIPKART INTERNET PVT. LTD AND ORS.
				<lb />
			</respondent>
			<extra>
				.....Defendants
				<lb />
			</extra>
			<extra>
				Through:
			</extra>
			<respondent_lawyer>
				Mr.
				<lb />
				Darpan
				<lb />
				Wadhwa,
				<lb />
			</respondent_lawyer>
			<extra>
				Senior
				<lb />
				Advocate with Mr. Ankur Sangal,
				<lb />
			</extra>
			<respondent_lawyer>
				Ms. Sucheta Roy
				<lb />
			</respondent_lawyer>
			<extra>
				, Advocates for D-1
				<lb />
			</extra>
			<extra>
				(M:9654592881) WITH
				<lb />
			</extra>
			<case_number>
				+
				<lb />
				CS (OS) 550/2018
				<lb />
			</case_number>
			<petitioner_lawyer>
				AMWAY INDIA ENTERPRISES PVT. LTD.
				<lb />
			</petitioner_lawyer>
			<extra>
				…...Plaintiff
				<lb />
			</extra>
			<extra>
				Through:
				<lb />
			</extra>
			<petitioner_lawyer>
				Mr. Sudhir Chandra, Senior Advocate
				<lb />
				with Mr. Sohan Singh Rana, Mrs.
				<lb />
				Bindra Rana, Ms. Priya Adlaka, Ms.
				<lb />
				Tulip De &amp; Mr. Ashish Sharma, Ms.
				<lb />
				Ruhee
				<lb />
				Passi,
				<lb />
			</petitioner_lawyer>
			<extra>
				Advocates.
				<lb />
				(M:9818202368)
				<lb />
			</extra>
			<extra>
				versus
				<lb />
			</extra>
			<respondent>
				BRIGHT LIFECARE PVT. LTD. &amp; ANR.
				<lb />
			</respondent>
			<extra>
				.....Defendants
				<lb />
			</extra>
			<extra>
				Through:
				<lb />
			</extra>
			<respondent_lawyer>
				Mr. Sagar Chandra, Ms. Ishani
				<lb />
				Chandra and Ms. Shubhie Wahi,
				<lb />
			</respondent_lawyer>
			<extra>
				Advocates for D-1 (M:8130910708)
				<lb />
			</extra>
			<respondent_lawyer>
				Mr. Sudarshan Rajan and Mr. Ramesh
				<lb />
				Rawat,
				<lb />
			</respondent_lawyer>
			<extra>
				Advocates
				<lb />
				for
				<lb />
				D-2.
				<lb />
				(M:9990865829)
				<lb />
			</extra>
			<page>
				Page 4 of 225
				<lb />
			</page>
			<extra>
				WITH
				<lb />
			</extra>
			<case_number>
				+
				<lb />
				CS (OS) 75/2019
				<lb />
			</case_number>
			<petitioner>
				MODICARE LTD.
				<lb />
			</petitioner>
			<extra>
				…...Plaintiff
				<lb />
			</extra>
			<extra>
				Through:
				<lb />
			</extra>
			<petitioner_lawyer>
				Mr. Amit Sibal
				<lb />
			</petitioner_lawyer>
			<extra>
				, Senior Advocate with
				<lb />
			</extra>
			<petitioner_lawyer>
				Ms. Pooja Dodd, Mr. Saksham
				<lb />
				Dhingra, Mr. Vinay Tripathi, Ms.
				<lb />
				Aditi Menon and Mr. Aman Singhal,
				<lb />
			</petitioner_lawyer>
			<extra>
				Advocates (M:9811045646)
				<lb />
			</extra>
			<extra>
				versus
				<lb />
			</extra>
			<respondent>
				AMAZON SELLER SERVICES PRIVATE
				<lb />
				LIMITED &amp; ORS.
				<lb />
			</respondent>
			<extra>
				.....Defendants
				<lb />
			</extra>
			<extra>
				Through:
				<lb />
			</extra>
			<respondent_lawyer>
				Mr. Saikrishna Rajagopal, Mr.
				<lb />
				Sidharth Chopra, Ms. Sneha Jain, Ms.
				<lb />
				Savni Dutt, Mr. Devvrat Joshi, Ms.
				<lb />
				Nilofar Absar and Mr. Abhijit
				<lb />
				Vachher,
			</respondent_lawyer>
					<extra>
						Advocates for Defendant
						<lb />
						No.1 (M:9810621272) AND
						<lb />
					</extra>
					<case_number>
						+
						<lb />
						CS (OS) 91/2019
						<lb />
					</case_number>
					<petitioner>
						ORIFLAME INDIA PVT. LTD.
						<lb />
					</petitioner>
					<extra>
						…...Plaintiff
						<lb />
					</extra>
					<extra>
						Through:
						<lb />
					</extra>

					<petitioner_lawyer>
						Mr. Balbir Singh, Senior Advocate,
						<lb />
						with Mr. Mahesh B. Chhibber, Mr.
						<lb />
						Karan Chopra, Ms. Mehak Khanna &amp;
						<lb />
						Mr. S.N. Thyagrajan, Advocates
						<lb />
					</petitioner_lawyer>
					<extra>
						(M:9818430581)
						<lb />
						<extra>
							versus
							<lb />
						</extra>
						<respondent>
							DINENDER JAIN &amp; ORS.
							<lb />
						</respondent>
						<extra>
							.....Defendants
							<lb />
						</extra>
						<extra>
							Through:
							<lb />
						</extra>
						<respondent_lawyer>
							Mr. Jayant Mehta, Mr. Manav Kumar,
							<lb />
							Ms. Nupur &amp; Mr. Sajal Jain
						</respondent_lawyer>
						<extra>
							Advocate
							<lb />
							for D-2 (M:9810233743)
							<lb />
						</extra>
						<respondent_lawyer>
							Mr. Saikrishna Rajagopal, Mr.
							<lb />
							Sidharth Chopra, Ms. Sneha Jain, Ms.
							<lb />
							Savni Dutt, Mr. Devvrat Joshi, Ms.
							<lb />
							Nilofar Absar and Mr. Abhijit
							<lb />
							Vachher,
						</respondent_lawyer>
						<extra>
							Advocates for Defendant
							<lb />
							No.6 (M:9810621272)
							<lb />
						</extra>
						<respondent_lawyer>
							Mr. Waize Ali Noor (Central Govt.
							<lb />
							Pleader)
						</respondent_lawyer>
						<extra>
							for UOI (M:8527837602)
							<lb />
						</extra>
						<judge>
							CORAM:
							<lb />
							JUSTICE PRATHIBA M. SINGH
						</judge>
						<document_type>
							JUDGMENT
							<lb />
						</document_type>
					</extra>
		</front>
	</text>
</tei>
