<?xml version="1.0"?>
<tei xml:space="preserve">
	<teiHeader>
		<fileDesc xml:id="4c1f5f9a69615810996efe8b3218dd8a" />
	</teiHeader>
	<text xml:lang="en">
		<front>
			<extra>
				REPORTABLE
			</extra>
			<lb />
			<court>
				IN THE SUPREME COURT OF INDIA
			</court>
			<lb />
			<extra>
				CIVIL ORIGINAL JURISDICTION
			</extra>
			<lb />
			<extra>
				WRIT PETITION (CIVIL) NO. 494 OF 2012
			</extra>
			<lb />
			<petitioner>
				JUSTICE K.S. PUTTASWAMY (RETD.)
				<lb />
				AND ANOTHER
				<lb />
				....
				.PETITIONER(S)
			</petitioner>
			<extra>
				VERSUS
			</extra>
			<lb />
			<respondent>
				UNION OF INDIA AND OTHERS
				<lb />
				....
				.RESPONDENT(S)
			</respondent>
			<extra>
				WITH
				<lb />
				TRANSFERRED CASE (CIVIL) NO. 151 OF 2013
				<lb />
				TRANSFERRED CASE (CIVIL) NO. 152 OF 2013
				<lb />
				WRIT PETITION (CIVIL) NO. 833 OF 2013
				<lb />
				WRIT PETITION (CIVIL) NO. 829 OF 2013
				<lb />
				TRANSFERRED PETITION (CIVIL) NO. 1797 OF 2013
				<lb />
				WRIT PETITION (CIVIL) NO. 932 OF 2013
				<lb />
				TRANSFERRED PETITION (CIVIL) NO. 1796 OF 2013
				<lb />
				CONTEMPT PETITION (CIVIL) NO. 144 OF 2014
				<lb />
				IN
				<lb />
				WRIT PETITION (CIVIL) NO. 494 OF 2012
				<lb />
				TRANSFERRED PETITION (CIVIL) NO. 313 OF 2014
				<lb />
				TRANSFERRED PETITION (CIVIL) NO. 312 OF 2014
				<lb />
				SPECIAL LEAVE PETITION (CRIMINAL) NO. 2524 OF 2014
				<lb />
				WRIT PETITION (CIVIL) NO. 37 OF 2015
				<lb />
				Writ Petition (Civil) No. 494 of 2012 &amp; connected matters
			</extra>
			<lb />
			<page>
				Page 1 of 567
			</page>
			<lb />
			<extra>
				Digitally signed by
				<lb />
				CHETAN KUMAR
				<lb />
				Date: 2018.09.27
				<lb />
				11:52:33 IST
				<lb />
				Reason:
				<lb />
				Signature Not Verified
				<lb />
				WRIT PETITION (CIVIL) NO. 220 OF
				<lb />
				CONTEMPT PETITION (CIVIL) NO. 674 OF 2015
				<lb />
				IN
				<lb />
				WRIT PETITION (CIVIL) NO. 829 OF
				<lb />
				TRANSFERRED PETITION (CIVIL) NO. 921 OF 2015
				<lb />
				CONTEMPT PETITION (CIVIL) NO. 470 OF 2015
				<lb />
				IN
				<lb />
				WRIT PETITION (CIVIL) NO. 494 OF
				<lb />
				WRIT PETITION (CIVIL) NO. 231 OF
				<lb />
				CONTEMPT PETITION (CIVIL) NO. 444 OF 2016
				<lb />
				IN
				<lb />
				WRIT PETITION (CIVIL) NO. 494 OF
				<lb />
				CONTEMPT PETITION (CIVIL) NO. 608 OF 2016
				<lb />
				IN
				<lb />
				WRIT PETITION (CIVIL) NO. 494 OF
				<lb />
				WRIT PETITION (CIVIL) NO. 797 OF
				<lb />
				CONTEMPT PETITION (CIVIL) NO. 844 OF 2017
				<lb />
				IN
				<lb />
				WRIT PETITION (CIVIL) NO. 494 OF
				<lb />
				WRIT PETITION (CIVIL) NO. 342 OF
				<lb />
				WRIT PETITION (CIVIL) NO. 372 OF
				<lb />
				WRIT PETITION (CIVIL) NO. 841 OF
				<lb />
				WRIT PETITION (CIVIL) NO. 1058 OF 2017
				<lb />
				WRIT PETITION (CIVIL) NO. 966 OF
				<lb />
				WRIT PETITION (CIVIL) NO. 1014 OF 2017
				<lb />
				WRIT PETITION (CIVIL) NO. 1002 OF 2017
				<lb />
				Writ Petition (Civil) No. 494 of 2012 &amp; connected matters
			</extra>
			<lb />
			<page>
				Page 2 of 567
			</page>
			<lb />
			<extra>
				WRIT PETITION (CIVIL) NO. 1056 OF 2017
				<lb />
				A N D
				<lb />
				CONTEMPT PETITION (CIVIL) NO. 34 OF 2018
				<lb />
				IN
				<lb />
				WRIT PETITION (CIVIL) NO. 1014 OF 2017
				<lb />
			</extra>
			<document_type>
				J U D G M E N T
			</document_type>
			<lb />
		</front>
	</text>
</tei>
