<?xml version="1.0"?>
<tei xml:space="preserve">
	<teiHeader>
		<fileDesc xml:id="53113" />
	</teiHeader>
	<text xml:lang="en">
		<front>
			<lb />
			<page>
				Page 1 of 74
				<lb />
			</page>
			<court>
				$~S~
				<lb />
				*
				<lb />
				IN THE HIGH COURT OF DELHI AT NEW DELHI
				<lb />
			</court>
			<judgement_date>
				Date of decision: 4 th February, 2022
				<lb />
			</judgement_date>
			<case_number>
				+
				<lb />
				CRL.A. 811/2013
				<lb />
			</case_number>
			<petitioner>
				DEEPAK @ DEEPU
				<lb />
			</petitioner>
			<extra>
				..... Appellant
				<lb />
			</extra>
			<extra>
				Through:
			</extra>
			<petitioner_lawyer>
				Mr. Siddharth Aggarwal
				<lb />
			</petitioner_lawyer>
			<extra>
				, Senior Advocate along with
			</extra>
			Mr. Vikas
			<lb />
			Padora, Mr. Vishwajeet Singh, Mr.
			<lb />
			Divyank Tyagi, Mr. Dipanshu
			<lb />
			Chugh, Mr. Tushar Mawkin,
			<lb />
			<extra>
				Advocates.
				<lb />
			</extra>
			<extra>
				versus
				<lb />
			</extra>
			<respondent>
				STATE NCT OF DELHI
				<lb />
			</respondent>
			<extra>
				..... Respondent
				<lb />
			</extra>
			<extra>
				Through:
				<lb />
			</extra>
			<respondent_lawyer>
				Mr. Ashish Dutta, APP for the
				<lb />
				State along with S.I. Ajeet Kumar,
				<lb />
				P.S.: Neb Sarai.
				<lb />
			</respondent_lawyer>
			<case_number>
				+
				<lb />
				CRL.A. 1485/2013
				<lb />
			</case_number>
			<petitioner>
				RAJESH @ PARVEEN
				<lb />
			</petitioner>
			<extra>
				..... Appellant
				<lb />
			</extra>
			<extra>
				Through:
			</extra>
			<petitioner_lawyer>
				Mr. G. Tushar Rao
				<lb />
			</petitioner_lawyer>
			<extra>
				, Senior
				
				Advocate along with
				<lb />
			</extra>
			<petitioner_lawyer>
				Mr. B.
				<lb />
				Badrinath
				<lb />
			</petitioner_lawyer>
			<extra>
				, Advocate (DHCLSC)
				<lb />
				along with
			</extra>
			<petitioner_lawyer>
				Mr. Mayank Sharma,
				<lb />
				Ms. Sharavena Raghul &amp; Mr.
				<lb />
				Dhruv Bhardwaj
				<lb />
			</petitioner_lawyer>
			<extra>
				, Advocates.
				<lb />
			</extra>
			<extra>
				versus
				<lb />
			</extra>
			<respondent>
				STATE
				<lb />
			</respondent>
			<extra>
				..... Respondent
				<lb />
			</extra>
			<extra>
				Through:
				<lb />
			</extra>
			<respondent_lawyer>
				Mr. Ashish Dutta
				<lb />
			</respondent_lawyer>
			<extra>
				, APP for the
				<lb />
			</extra>
			<extra>
				<lb />
				State along with S.I. Ajeet Kumar,
				<lb />
				P.S.: Neb Sarai.
				<lb />
			</extra>
			<case_number>
				+
				<lb />
				CRL.A. 1501/2013
				<lb />
			</case_number>
			<petitioner>
				DILIP @ KARAN
				<lb />
			</petitioner>
			<extra>
				..... Appellant
				<lb />
			</extra>
			<extra>
				Through:
				<lb />
			</extra>
			<petitioner_lawyer>
				Mr. S.B. Dandapani,
				<lb />
			</petitioner_lawyer>
			<extra>
				Advocate.
				<lb />
			</extra>
			<page>
				Page 2 of 74
				<lb />
			</page>
			<extra>
				versus
				<lb />
			</extra>
			<respondent>
				STATE
				<lb />
			</respondent>
			<respondent_lawyer>
				..... Respondent
				<lb />
			</respondent_lawyer>
			<extra>
				Through:
				<lb />
			</extra>
			<respondent_lawyer>
				Mr. Ashish Dutta
				<lb />
			</respondent_lawyer>
			<extra>
				, APP for the
				<lb />
				<lb />
				State along with S.I.
				
				Ajeet Kumar,
				<lb />
				P.S.: Neb Sarai.
				<lb />
			</extra>
			<case_number>
				+
				<lb />
				CRL.A. 1570/2013
				<lb />
			</case_number>
			<petitioner>
				REENA YADAV
				<lb />
			</petitioner>
			<extra>
				..... Appellant
				<lb />
			</extra>
			<extra>
				Through:
				<lb />
			</extra>
			<petitioner_lawyer>
				Ms. Inderjeet Sidhu
			</petitioner_lawyer>
			<extra>
				, Advocate
				<lb>
				</lb>
				<lb />
				(DHCLSC) along with
				<lb />
			</extra>
			<petitioner_lawyer>
				Ms.
				<lb />
				Praavita Kashyap,
			</petitioner_lawyer>
			<extra>
				Advocate on
				<lb />
				behalf of Ms. Rebecca John,
				<lb />
				Senior Advocate.
				<lb />
			</extra>
			<extra>
				versus
				<lb />
			</extra>
			<respondent>
				STATE
				<lb />
			</respondent>
			<extra>
				..... Respondent
				<lb />
			</extra>
			<extra>
				Through:
				<lb />
			</extra>
			<respondent_lawyer>
				Mr. Ashish Dutta
				<lb />
			</respondent_lawyer>
			<extra>
				, APP for the
				<lb />
				State along with S.I. Ajeet Kumar,
				<lb />
				P.S.: Neb Sarai.
				<lb />
			</extra>
			<case_number>
				+
				<lb />
				CRL.A. 88/2014
				<lb />
			</case_number>
			<petitioner>
				STATE
				<lb />
			</petitioner>
			<extra>
				..... Appellant
				<lb />
			</extra>
			<extra>
				Through:
			</extra>
			<petitioner_lawyer>
				Mr. Ashish Dutta,
				<lb />
			</petitioner_lawyer>
			<extra>
				APP for the
				<lb />
				State along with S.I. Ajeet Kumar,
				<lb />
				P.S.: Neb Sarai.
				<lb />
			</extra>
			<extra>
				versus
				<lb />
			</extra>
			<respondent>
				REENA &amp; ANR.
				<lb />
			</respondent>
			<extra>
				..... Respondents
				<lb />
			</extra>
			<extra>
				Through:
				<lb />
			</extra>
			<respondent_lawyer>
				Ms. Inderjeet Sidhu,
				<lb />
			</respondent_lawyer>
			<extra>
				Advocate
				<lb />
				(DHCLSC) along with Ms.
				<lb />
				Praavita Kashyap, Advocates for
				<lb />
				Ms.
				<lb />
				Rebecca
				<lb />
				John,
				<lb />
				Senior
				<lb />
				Advocate for R-1.
				<lb />
			</extra>
			<respondent_lawyer>
				Mr. Nikhilesh Kumar, Mr. Priyank
				<lb />
				Jain &amp; Mr. Rishab,
			</respondent_lawyer>
			<extra>
				Advocates for
				<lb />
				R-2.
				<lb />
			</extra>
			<judge>
				CORAM:
				<lb />
				HON&apos;BLE MR. JUSTICE SIDDHARTH MRIDUL
				<lb />
				HON&apos;BLE MR. JUSTICE ANUP JAIRAM BHAMBHANI
			</judge>
		</front>
	</text>
</tei>
