<?xml version="1.0"?>
<tei xml:space="preserve">
    <teiHeader>
        <fileDesc xml:id="57339" />
    </teiHeader>
    <text xml:lang="en">
        <front>
            <lb />
            <extra>
                $~
                <lb />
                *
            </extra>
            <lb />
            <court>IN THE HIGH COURT OF DELHI AT NEW DELHI</court>
            <lb />
            <judgement_date>
                Reserved on:24 th March, 2021
                <lb />
                Decided on: 5 th April, 2021
            </judgement_date>
            <lb />
            <case_number>
                I.A. 12115/2020 in
                <lb />
                +
                <lb />
                CS(COMM) 553/2020
            </case_number>
            <lb />
            <petitioner>BRITANNIA INDUSTRIES LTD</petitioner>
            <lb />
            <extra>
                ..... Plaintiff
                <lb />
                Through:
            </extra>
            <petitioner_lawyer>Mr. Sudhir Chandra</petitioner_lawyer>
            <extra>and</extra>
            <petitioner_lawyer>
                Mr.
                <lb />
                Sandeep Sethi,
            </petitioner_lawyer>
            <extra>Sr. Advs. assisted by </extra>
            <petitioner_lawyer>
                Mr.
                <lb />
                Sagar Chandra,
            </petitioner_lawyer>
            <petitioner_lawyer>
                Ms. Ishani Chandra</petitioner_lawyer>
            <extra>and</extra>
            <petitioner_lawyer>
                Ms.
                <lb />
                Shubhie Wahi,
            </petitioner_lawyer>
            <extra>
                Advs.
                <lb />
                versus
            </extra>
            <lb />
            <respondent>ITC LTD &amp; ORS.</respondent>
            <lb />
            <extra>
                ..... Defendants
                <lb />
                Through:
            </extra>
            <respondent_lawyer>Mr. Sajan Poovayya,</respondent_lawyer>
            <extra>
                Sr. Adv.
                <lb />
                with
            </extra>
            <respondent_lawyer>Mr. Saikrishna Rajagopala,</respondent_lawyer>
            <respondent_lawyer>
                Mr. Sudeep
                <lb />
                Chatterjee,
            </respondent_lawyer>
            <respondent_lawyer>Ms. Nupur Lamba,</respondent_lawyer>
            <respondent_lawyer>
                Mr.
                <lb />
                Pratibhanu Singh
            </respondent_lawyer>
            <extra>and</extra>
            <respondent_lawyer>Mr.Kiratraj Sadana,</respondent_lawyer>
            <lb />
            <extra>
                Advs. for D-1
            </extra>
            <lb />
            <case_number>
                I.A. 12125/2020 in
                <lb />
                +
                <lb />
                CS(COMM) 554/2020
            </case_number>
            <lb />
            <petitioner>BRITANNIA INDUSTRIES LTD</petitioner>
            <lb />
            <extra>
                ..... Plaintiff
                <lb />
                Through:
            </extra>
            <petitioner_lawyer>Mr. Jayant Mehta,</petitioner_lawyer>
            <extra>Sr. Adv. with</extra>
            <lb />
            <petitioner_lawyer>Mr. Sagar Chandra,</petitioner_lawyer>
            <petitioner_lawyer>Ms. Ishani Chandra</petitioner_lawyer>
            <extra>and</extra>
            <lb />
            <petitioner_lawyer>Ms. Shubhie Wahi,</petitioner_lawyer>
            <extra>
                Advs.
                <lb />
                versus
            </extra>
            <lb />
            <respondent>ITC LTD &amp; ORS.</respondent>
            <lb />
            <extra>
                ..... Defendants
                <lb />
                Through:
            </extra>
            <respondent_lawyer>Mr. Sajan Poovayya,</respondent_lawyer>
            <extra>
                Sr. Adv.
                <lb />
                with
            </extra>
            <respondent_lawyer>Mr. Sudeep Chatterjee,</respondent_lawyer>
            <respondent_lawyer>
                Ms. Nupur
                <lb />
                Lamba,
            </respondent_lawyer>
            <respondent_lawyer>Mr. Pratibhanu Singh </respondent_lawyer>
            <extra>and</extra>
            <respondent_lawyer>Mr.</respondent_lawyer>
            <lb />
            <case_number>
                I.A. 12115/2020 in CS(COMM) 553/2020 &amp;
                <lb />
                I.A. 12125/2020 in CS(COMM) 554/2020
            </case_number>
            <lb />
            <page>Page 1 of 45</page>
            <lb />
            <respondent_lawyer>Kiratraj Sadana,</respondent_lawyer>
            <extra>Advs. for D-1</extra>
            <lb />
            <judge>
                CORAM:
                <lb />
                HON&apos;BLE MR. JUSTICE C.HARI SHANKAR
            </judge>
            <lb />
            <extra>%</extra>
            <lb />
            <document_type>J U D G M E N T</document_type>
            <lb />
        </front>
    </text>
</tei>