<?xml version="1.0"?>
<tei xml:space="preserve">
	<teiHeader>
		<fileDesc xml:id="5def75ce4e907e46e845022c7be218ec" />
	</teiHeader>
	<text xml:lang="en">
		<front>
			<page>
				1
			</page>
			<lb />
			<court>
				IN THE HIGH COURT OF JUDICATURE AT MADRAS
			</court>
			<lb />
			<judgement_date>
				DATED : 11.11.2016
			</judgement_date>
			<lb />
			<judge>
				CORAM:
				<lb />
				THE HONOURABLE MR.JUSTICE S.MANIKUMAR
			</judge>
			<lb />
			<extra>
				Writ Petition Nos.1875 and 3652 of 2013
				<lb />
				and Connected Miscellaneous Petitions
			</extra>
			<lb />
			<petitioner>
				Tata Communications Ltd.,
				<lb />
				Through its Assistant Manager (HR),
				<lb />
				V.Geetha
				<lb />
				... Petitioner in W.P.No.1875 of 2013
				<lb />
				Bharti Airtel Ltd.,
				<lb />
				Represented by its Legal Manager,
				<lb />
				Harish Rangarajan
				<lb />
				... Petitioner in W.P.No.3652 of 2013
			</petitioner>
			<lb />
			<extra>
				Vs.
			</extra>
			<lb />
			<respondent>
				1. Telecom Regulatory Authority of India,
				<lb />
				Mahanagar Door Sanchar Bhawan,
				<lb />
				Jawahar Lal Nehru Marg,
				<lb />
				Next to Dr. Zakir Hussain College,
				<lb />
				New Delhi 110 002.
				<lb />
				2. Bharat Sanchar Nigam Ltd.,
				<lb />
				Rep., by its Assistant General Manager (Legal),
				<lb />
				O/o. Chief General Manager Mtce,
				<lb />
				Southern Telecom Region,
				<lb />
				11, Link Road, Ganapathy Colony,
				<lb />
				Guindy, Chennai 600 032.
				<lb />
				3. Association of Competitive Telecom Operators
				<lb />
				Rep., by its Authorised Signatory,
				<lb />
				Mr.Manoj Misra,
				<lb />
				601, Nirmal Towers,
				<lb />
				26, Barakhamba Road,
				<lb />
				Connaught Place, New Delhi 110 001.
			</respondent>
			<lb />
			<page>
				2
			</page>
			<lb />
			<respondent>
				4. Reliance Communications Ltd.,
				<lb />
				Reliance House,
				<lb />
				No.6, Haddows Road,
				<lb />
				Chennai 600 006. ... Respondents in both W.Ps.,
				<lb />
				(Respondents 2 to 4 are impleaded
				<lb />
				vide order, dated 11.11.2016 made in
				<lb />
				M.P.Nos.4 to 6 in W.P.No.1875/13 and
				<lb />
				M.P.Nos.3, 5 and 6 in W.P.No.3652/13)
			</respondent>
			<lb />
			<extra>
				Prayer in W.P.No.1875 of 2013: Writ Petition filed under Article 226
				<lb />
				of   the   Constitution   of   India   praying   for   a   Writ   of   Certiorarified
				<lb />
				Mandamus, to call for the records of the respondent, pertaining to the
				<lb />
				impugned   Regulations,   International   Telecommunication   Assess   to
				<lb />
				Essential Facilities at Cable Landing Stations (Amendment) Regulations
				<lb />
				(No.5 of 2007), dated 07.06.2007 (No.21 of 2012), dated 19.10.2012 and
				<lb />
				International   Telecommunication   Cable   Landing   Stations   Access
				<lb />
				Facilitation Charges and Co-allocation Charges Regulations, 2012 (No.27
				<lb />
				of   2012),   dated   21.12.2012,   and   after   perusing,   quash   the   same   and
				<lb />
				thereby, consequentially direct the Respondent from not giving effect to
				<lb />
				the impugned regulations.
				<lb />
				Prayer in W.P.No.3652 of 2013: Writ Petition filed under Article 226
				<lb />
				of   the   Constitution   of   India   praying   for   a   Writ   of   Certiorarified
				<lb />
				Mandamus,   to   call   for   the   records   of   the   respondent,   being   the
				<lb />
				International Telecommunication Assess to Essential Facilities at Cable
				<lb />
				Landing   Stations   (Amendment)   Regulations   (No.5   of   2007),   dated
				<lb />
				07.06.2007, as amended by the  (No.21 of 2012), dated 19.10.2012 and
				<lb />
				International   Telecommunication   Cable   Landing   Stations   Access
				<lb />
				Facilitation Charges and Co-allocation Charges Regulations, 2012 (No.27
				<lb />
				of   2012),   dated   21.12.2012,   and   after   perusing,   quash   the   same   and
				<lb />
				thereby, consequentially direct the Respondent from not giving effect to
				<lb />
				the impugned regulations.
			</extra>
			<lb />
			<extra>
				For Petitioner :
			</extra>
			<petitioner_lawyer>
				Mr.C.S.Vaidyanathan, Senior Advocate
			</petitioner_lawyer>
			<lb />
			<extra>
				( in W.P.No.1875/13)   for M/s.K.Harishankar
			</extra>
			<lb />
			<extra>
				For Petitioner :
			</extra>
			<petitioner_lawyer>
				Mr.P.S.Raman, Senior Advocate
			</petitioner_lawyer>
			<lb />
			<extra>
				for M/s.Satish Parasaran
			</extra>
			<lb />
			<page>
				3
			</page>
			<lb />
			<extra>
				For 1st Respondent
				<lb />
				:
			</extra>
			<respondent_lawyer>
				Mr.R.Muthukumaraswamy, Sr. Advocate
			</respondent_lawyer>
			<lb />
			<extra>
				Assisted by
			</extra>
			<respondent_lawyer>
				Dr.M.Devendran
			</respondent_lawyer>
			<lb />
			<extra>
				Standing Counsel for TRAI
				<lb />
				For 2nd Respondent
				<lb />
				:
			</extra>
			<respondent_lawyer>
				Mr.V.T.Gopalan, Senior Advocate,
			</respondent_lawyer>
			<lb />
			<extra>
				for Dr.S.Seethalakshmi,
				<lb />
				Standing Counsel for BSNL
				<lb />
				For 3rd Respondent
				<lb />
				:
			</extra>
			<respondent_lawyer>
				Mr.S.Parthasarathy, Senior Advocate,
			</respondent_lawyer>
			<lb />
			<extra>
				for M/s.Fox Mandal &amp; Associates
				<lb />
				For 4th Respondent
				<lb />
				:
			</extra>
			<respondent_lawyer>
				Mr.A.L.Somayaji, Senior Advocate
			</respondent_lawyer>
			<lb />
			<extra>
				for M/s.R.Venkatavaradhan
			</extra>
			<lb />
			<document_type>
				COMMON ORDER
			</document_type>
		</front>
	</text>
</tei>
