<?xml version="1.0"?>
<tei xml:space="preserve">
	<teiHeader>
		<fileDesc xml:id="6243cadadc1641f5b2167a6a874e5e28" />
	</teiHeader>
	<text xml:lang="en">
		<front>
			<lb />
			<extra>
				CIVIL APPEAL NOS. 2285-2330 OF 2019 (@ SLP(C) NOS.928-930, 932-938, 940-967 and 969-976 OF 2019)
				<lb />
				DLF HOMES PANCHKULA (P) LTD. THROUGH ITS AUTHORISED SIGNATORY MR. SHIV KUMAR VS. SUSHILA DEVI AND ANR.
			</extra>
			<page>
				1
			</page>
			<lb />
			<extra>
				Reportable
			</extra>
			<lb />
			<court>
				IN THE SUPREME COURT OF INDIA
			</court>
			<lb />
			<extra>
				CIVIL APPELLATE JURISDICTION
			</extra>
			<lb />
			<case_number>
				CIVIL APPEAL NOS.2285-2330 OF 2019
				<lb />
				(Arising out of Special Leave Petition (Civil) Nos.928-930, 932 TO 938, 940
				<lb />
				TO 967 AND 969 TO 976 of 2019)
			</case_number>
			<lb />
			<petitioner>
				DLF HOMES PANCHKULA (P) LTD. THROUGH
				<lb />
				…Appellant
			</petitioner>
			<lb />
			<respondent>
				ITS AUTHORISED SIGNATORY MR. SHIV KUMAR VERSUS
				<lb />
				SUSHILA DEVI AND ANR. ETC. …Respondents
			</respondent>
			<extra>
				WITH
				<lb />
				SPECIAL LEAVE PETITION (CIVIL) NOS.931, 939 AND 968 OF 2019
			</extra>
			<lb />
			<petitioner>
				DLF HOMES PANCHKULA (P) LTD. THROUGH ITS AUTHORISED SIGNATORY MR. SHIV KUMAR
				<lb />
				…Petitioner
			</petitioner>
			<lb />
			<extra>
				VERSUS
			</extra>
			<lb />
			<respondent>
				MRIDULA SOOD ETC.. …Respondent
			</respondent>
			<extra>
				WITH
				<lb />
				CIVIL APPEAL NO.2354 OF 2019
				<lb />
				(Arising out of
				Special Leave Petition (Civil) No.26519 of 2018)
			</extra>
			<lb />
			<petitioner>
				RAVI DATT AGGARWAL AND ORS. … Appellants
			</petitioner>
			<extra>
				VERSUS
			</extra>
			<lb />
			<respondent>
				DLF HOMES PANCHKULA PVT. LTD. AND ORS. …Respondents
			</respondent>
			<lb />
			<extra>
				CIVIL APPEAL NOS. 2285-2330 OF 2019 (@ SLP(C) NOS.928-930, 932-938, 940-967 and 969-976 OF 2019)
				<lb />
				DLF HOMES PANCHKULA (P) LTD. THROUGH ITS AUTHORISED SIGNATORY MR. SHIV KUMAR VS. SUSHILA DEVI AND ANR.
			</extra>
			<lb />
			<page>
				2
			</page>
			<lb />
			<document_type>
				J U D G M E N T
			</document_type>
		</front>
	</text>
</tei>
