<?xml version="1.0"?>
<tei xml:space="preserve">
	<teiHeader>
		<fileDesc xml:id="643881" />
	</teiHeader>
	<text xml:lang="en">
		<front>
			<lb />
			<court>
				IN THE HIGH COURT OF JUDICATURE AT MADRAS
				<lb />
			</court>
			<judgement_date>
				RESERVED ON
				<lb />
				: 24.09.2019
				<lb />
			</judgement_date>
			<judgement_date>
				PRONOUNCED ON : 04.10.2019
				<lb />
			</judgement_date>
			<judge>
				CORAM
				<lb />
				THE HONOURABLE Mr.JUSTICE P.N.PRAKASH
				<lb />
			</judge>
			<case_number>
				Criminal Appeal Nos.17, 18, 22 and 23 of 2015
				<lb />
			</case_number>
			<petitioner>
				Venkat
				<lb />
			</petitioner>
			<extra>
				.. Appellant in
				<lb />
				C.A.No.17 of 2015/A2
				<lb />
			</extra>
			<petitioner>
				G.Kumar
				<lb />
			</petitioner>
			<extra>
				.. Appellant in
				<lb />
				C.A.No.18 of 2015/A3
				<lb />
			</extra>
			<petitioner>
				M.Kanniappan
				<lb />
			</petitioner>
			<extra>
				.. Appellant in
				<lb />
				C.A.No.22 of 2015/A4
				<lb />
			</extra>
			<petitioner>
				B.Murali
				<lb />
			</petitioner>
			<extra>
				.. Appellant in
				<lb />
				C.A.No.23 of 2015/A1
				<lb />
			</extra>
			<extra>
				Vs
				<lb />
			</extra>
			<respondent>
				State rep. by
				<lb />
				Inspector of Police,
				<lb />
				Prevention of Counterfeit Currency Wing,
				<lb />
				C.B.C.I.D.,
				<lb />
				V-5 Thirumangalam Police Station,
				<lb />
				Chennai.
				<lb />
			</respondent>
			<extra>
				.. Respondent/
				<lb />
				Complainant in all C.A.s
				<lb />
			</extra>
			<extra>
				Criminal Appeals filed under Section 374(2) Cr.P.C against the
				<lb />
				judgment and order dated 15.12.2014 passed by the VI Additional Sessions
				<lb />
				Judge, Chennai in S.C.No.394 of 2007.
				<lb />
			</extra>
			<page>
				1/32
				<lb />
			</page>
			<extra>
				For Appellant in C.A.No.23 of 2015/A1 :
				<lb />
			</extra>
			<petitioner_lawyer>
				Mr.Kumar Tarejaa -Amicus Curiae
				<lb />
			</petitioner_lawyer>
			<extra>
				For Appellant in C.A.No.17 of 2015/A2 :
				<lb />
			</extra>
			<petitioner_lawyer>
				Mr.V.Gopinath
				<lb />
			</petitioner_lawyer>
			<extra>
				, Sr. Counsel
				<lb />
				for Mr.S.Suresh
			</extra>
			<extra>
				For Appellant in C.A.No.18 of 2015/A3 :
				<lb />
			</extra>
			<petitioner_lawyer>
				Mr.Sunder Mohan
				<lb />
			</petitioner_lawyer>
			<extra>
				Appellant in C.A.No.22 of 2015/A4
				<lb />
				: Died
				<lb />
			</extra>
			<extra>
				For Respondent in all C.A.s
				<lb />
			</extra>
			<respondent_lawyer>
				: Mrs.P.Kritika Kamal,
				<lb />
			</respondent_lawyer>
			<extra>
				Govt. Advocate (Crl. Side)
				<lb />
			</extra>
			<document_type>
				C O M M O N J U D G M E N T
				<lb />
			</document_type>
		</front>
	</text>
</tei>
