<?xml version="1.0"?>
<tei xml:space="preserve">
	<teiHeader>
		<fileDesc xml:id="653990" />
	</teiHeader>
	<text xml:lang="en">
		<front>
			<lb />
			<court>
				IN THE HIGH COURT OF JUDICATURE AT MADRAS
				<lb />
			</court>
			<judgement_date>
				RESERVED ON : 05.11.2019
				<lb />
			</judgement_date>
			<judgement_date>
				DELIVERED ON : 20.12.2019
				<lb />
			</judgement_date>
			<judge>
				CORAM:
				<lb />
				THE HON&apos;BLE MR. JUSTICE M.SATHYANARAYANAN
				<lb />
			</judge>
			<extra>
				AND
				<lb />
			</extra>
			<judge>
				THE HON&apos;BLE MR.JUSTICE N.SESHASAYEE
				<lb />
			</judge>
			<case_number>
				W.P.No.27289 of 2019
				<lb />
			</case_number>
			<extra>
				and
				<lb />
			</extra>
			<case_number>
				WMP.No.26718 of 2019
				<lb />
			</case_number>
			<petitioner>
				Mr.S.Muralidharan
				<lb />
			</petitioner>
			<extra>
				..
				<lb />
				Petitioner
				<lb />
			</extra>
			<extra>
				Vs.
				<lb />
			</extra>
			<respondent>
				1.Principal Chief Conservator of Forests &amp;
				<lb />
				Chief Wildlife Warden,
				<lb />
				Department of Forests,
				<lb />
				Government of Tamil Nadu,
				<lb />
				No.1, Jeenis Road, Panagal Buildings,
				<lb />
				Saidapet, Chennai-600 015.
				<lb />
			</respondent>
			<respondent>
				2.Central Leather Research Institute,
				<lb />
				Represented by its Director,
				<lb />
				Adyar, Chennai-600 020.
				<lb />
			</respondent>
			<extra>
				.. Respondents
				<lb />
			</extra>
			<extra>
				Prayer: Writ Petition filed under Article 226 of the Constitution of India
				<lb />
				praying for issuance of a Writ of Mandamus forbearing the 1 st respondent
				<lb />
				from catching deer from the campus of the 2 nd respondent or in any other
				<lb />
				places in and around Chennai.
				<lb />
			</extra>
			<extra>
				For Petitioner
				<lb />
				:
				<lb />
			</extra>
			<petitioner_lawyer>
				Mr.S.P.Chockalingam
				<lb />
			</petitioner_lawyer>
			<extra>
				For Respondents
				<lb />
				:
				<lb />
			</extra>
			<respondent_lawyer>
				Mr.S.V.Vijay Prasanth,
				<lb />
			</respondent_lawyer>
			<extra>
				Addl. Govt. Pleader (Forest) for R1
				<lb />
			</extra>
			<respondent_lawyer>
				Mr.T.Ravikumar,
				<lb />
			</respondent_lawyer>
			<extra>
				Standing Counsel for CLRI (R2) 1
				<lb />
			</extra>
			<extra>
				http://www.judis.nic.in
				<lb />
			</extra>
			<extra>
				W.P.No.27289 of 2019
				<lb />
			</extra>
			<document_type>
				O R D E R
				<document_type>
				</document_type>
			</document_type>
		</front>
	</text>
</tei>
