<?xml version="1.0" ?>
<tei xml:space="preserve">
	<teiHeader>
		<fileDesc xml:id="678111"/>
	</teiHeader>
	<text xml:lang="en">
		<front>

	1<lb/>
	<reference>W.P.Nos.22535 of 2019 &amp; batch<lb/> IN THE HIGH COURT OF JUDICATURE AT MADRAS<lb/> Reserved on<lb/> 21.01.2020<lb/> Delivered on<lb/> 24.01.2020<lb/></reference>

	CORAM:<lb/> THE HONOURABLE MR. JUSTICE N. ANAND VENKATESH<lb/> WRIT PETITION NOS.<lb/>
	<keyword>Transport Department,<lb/> Ezhilagam, Chepauk,<lb/> Chennai-600 005.<lb/> 3.The Controller of Examinations,<lb/> Tamil Nadu Public Service Commission,<lb/> Park Town Road, V.O.C.Nagar,<lb/> Park Town, Chennai-600 003.<lb/> ..Respondents<lb/></keyword>

	<reference>PRAYER in W.P.No.22535 of 2019: 3<lb/> W.P.Nos.22535 of 2019 &amp; batch<lb/> For Petitioner in W.P.No.22535 of 2019<lb/></reference>

	<docTitle>
	<titlePart>For Petitioner<lb/> : Mr.U.Karunakaran<lb/></titlePart>
	</docTitle>

	For Respondents in All WPs<lb/>
	<docTitle>
	<titlePart>For R 1 &amp; R 3<lb/> : Mr.V.T.Gopalan<lb/> Standing Counsel<lb/> for Ms.C.N.G.Niraimathi (TNPSC)<lb/> Standing Counsel<lb/></titlePart>
	</docTitle>

	<byline>
	<docAuthor>For R 2<lb/> : Mr.Vijay Narayanan<lb/></docAuthor>
	</byline>

	Advocate General<lb/> Asstd by:<lb/>
	<byline>
	<docAuthor>Mr.J.Pothiraj<lb/></docAuthor>
	</byline>

	<div type="abstract">Special Government Pleader<lb/> COMMON ORDER<lb/> 14.02.2018 was provided under Clause 6(B) of the Notification and the<lb/> same is extracted hereunder:<lb/> 6(B) EDUCATIONAL QUALIFICATION AND EXPERIENCE as on<lb/> 14.02.2018.<lb/> 9.Hence, it submitted that, the<lb/> responsibility of the genuiness of the certificate of<lb/> Driving Experience may be fixed upon the Vehicle<lb/> Owner/Fleet Operator by obtaining<lb/> a Judicial<lb/> Undertaking/Declaration from the Owner/Fleet<lb/> Operator as suggested in the Annexure to this<lb/> Memo.<lb/></div>

	Dated at Chennai this the 21 st day of<lb/>
	<date>January 2020.</date>

	ANNEXURE<lb/> DECLARATION BY THE EMPLOYER FOR DRIVING<lb/> EXPERIENCE CERTIFICATE<lb/>
	<idno>Thiru ................................, Regional Transport Officer,<lb/> ...........visited our concern on .......... and made an enquiry about Thiru<lb/> ................ Resident of ..................... regrading</idno>

	his Driving Experience<lb/> in out Concern. Thiru............ had worked as Heavy Transport Vehicles<lb/> Driver in our Concern for the period from .............. to ..................<lb/> Satisfactorily.<lb/> I, hereby declare that the above information furnished are<lb/> true and correct.<lb/> 44/58<lb/> https://www.mhc.tn.gov.in/judis/ 45<lb/> W.P.Nos.22535 of 2019 &amp; batch<lb/> Signature :<lb/> Name :<lb/> Address of the Firm:<lb/>
	<idno>-------------------<lb/>-------------------<lb/></idno>

	<note type="doctype">Mobile Number :<lb/></note>

	<docTitle>
	<titlePart>Note: Proof of My/Our Identity is enclosed.<lb/></titlePart>
	</docTitle>

	Sd/-xx<lb/> Sd/-xx
		</front>
	</text>
</tei>
