<?xml version="1.0"?>
<tei xml:space="preserve">
	<teiHeader>
		<fileDesc xml:id="682746" />
	</teiHeader>
	<text xml:lang="en">
		<front>
			<lb />
			<court>
				IN THE HIGH COURT OF JUDICATURE AT MADRAS
				<lb />
			</court>
			<judgement_date>
				Dated : 10.03.2020
				<lb />
			</judgement_date>
			<judge>
				CORAM
				THE HONOURABLE MR. JUSTICE M.SUNDAR
				<lb />
			</judge>
			<case_number>
				O.P.No.753 of 2013
				<lb />
			</case_number>
			<petitioner>
				M/s.Best and Crompton Engineers Projects Ltd.,
				<lb />
				A Company incorporated under the
				<lb />
				Companies Act, 1956,
				<lb />
				having its Head Office at
				<lb />
				No.A-20, Thiru
				<lb />
				Vi Ka Road,
				<lb />
				Near Police Station, Guindy Industrial Estate,
				<lb />
				Chennai-600 032.
				<lb />
				Represented by its Authorised Signatory.
				<lb />
				Also at:
				<lb />
				No.40/15, II Floor, &quot;Geeta Mansion&quot;,
				<lb />
				Kempegowda Road, Bangalore-560 009.
				<lb />
			</petitioner>
			<extra>
				... Petitioner
				<lb />
			</extra>
			<extra>
				-Vs -
				<lb />
			</extra>
			<respondent>
				1. M/s.Kavcon Engineers Pvt. Ltd,
				<lb />
				A Company incorporated under the
				<lb />
				Companies Act, 1956,
				<lb />
				having its Registered Office and Factory at
				<lb />
				No.20, Km, Mysore Road,
				<lb />
				Kumbalgod, Bangalore-560 074.
				<lb />
				Represented by its Managing Director
				<lb />
				Mr.Krishan Chopra.
				<lb />
			</respondent>
			<respondent>
				2. Mr.A.Balraj,
				<lb />
				Ld. Presiding Arbitrator,
				<lb />
				No.76, J-Block, 4 th Main Road,
				<lb />
				Behind 14-Shops, Anna Nagar East,
				<lb />
				Chennai-600 102.
				<lb />
			</respondent>
			<respondent>
				3. Mr.K.D.Arcot,
				<lb />
				Ld. Co-Arbitrator,
				<lb />
				No.U-46,
				<lb />
				Plot No.4185, Anna Nagar,
				<lb />
				Chennai-600 040.
				<lb />
			</respondent>
			<respondent>
				4. Mr.D.V.Nagabhushan,
				<lb />
				Ld. Co-Arbitrator,
				<lb />
				No.43/1, 4 th Main, 15 th Cross,
				<lb />
				Malleshwaram, Bangalore-560 003.
				<lb />
			</respondent>
			<extra>
				... Respondents
				<lb />
			</extra>
			<extra>
				Original Petition filed under Section 34 of the Arbitration and
				<lb />
				Conciliation Act, 1996, to set aside the impugned award dated 16.05.2013
				<lb />
				passed by the respondents 2 to 4 as against the petitioner.
				<lb />
			</extra>
			<extra>
				For Petitioner
				<lb />
				:
			</extra>
			<petitioner_lawyer>
				Ms.Vandana Raheja
				<lb />
				of M/s.Surana &amp; Surana
				<lb />
			</petitioner_lawyer>
			<extra>
				For Respondents :
				<lb />
			</extra>
			<respondent_lawyer>
				Mr.Sanjay Ramaswamy for R1
				<lb />
			</respondent_lawyer>
			<document_type>
				*** ORDER
				<lb />
			</document_type>
		</front>
	</text>
</tei>
