<?xml version="1.0" ?>
<tei xml:space="preserve">
	<teiHeader>
		<fileDesc xml:id="68494"/>
	</teiHeader>
	<text xml:lang="fr">
		<front>
<lb/>
	<reference>MAC.APP. No. 23/2019</reference>

	and connected matters<lb/> Page 1 of 42<lb/>
	<docTitle>
	<titlePart>$~13 to 74<lb/> *<lb/> IN THE HIGH COURT OF DELHI AT NEW DELHI<lb/> %<lb/> Decided on: 20.09.2019<lb/></titlePart>
	</docTitle>

	+<lb/> MAC.APP. 23/2019 &amp; CM APPL. 301/2019<lb/> ROYAL SUNDARAM GENERAL INSURANCE CO LTD<lb/> ..... Appellant<lb/> versus<lb/> RINKOO SINGH &amp; ORS<lb/> ..... Respondents<lb/> +<lb/> MAC.APP. 24/2019 &amp; CM APPL. 304/2019<lb/> ROYAL SUNDARAM GENERAL INSURANCE CO LTD ....Appellant<lb/> versus<lb/> KUSUM LATA &amp; ORS<lb/> ..... Respondents<lb/> +<lb/> MAC.APP. 27/2019 &amp; CM APPL. 398/2019<lb/> ROYAL SUNDARAM GENERAL INSURANCE CO LTD ..... Appellant<lb/> versus<lb/> PINKY &amp; ORS<lb/> ..... Respondents<lb/> +<lb/> MAC.APP. 28/2019 &amp; CM APPL. 404/2019<lb/> ROYAL SUNDARAM GENERAL INSURANCE CO LTD ..... Appellant<lb/> versus<lb/> JAMEEL &amp; ORS<lb/> ..... Respondents<lb/> +<lb/> MAC.APP. 32/2019 &amp; CM APPL. 431/2019<lb/> ROYAL SUNDARAM GENERAL INSURANCE CO LTD<lb/> ..... Appellant<lb/> versus<lb/> JAMEEL &amp; ORS<lb/> ..... Respondents<lb/> +<lb/> MAC.APP. 36/2019 &amp; CM APPL. 488/2019<lb/> ROYAL SUNDARAM GENERAL INSURANCE CO LTD<lb/> ..... Appellant<lb/> versus<lb/> RAMWATI &amp; ORS<lb/> ..... Respondents<lb/> +<lb/> MAC.APP. 38/2019 &amp; CM APPL. 501/2019<lb/> ROYAL SUNDARAM GENERAL INSURANCE CO LTD<lb/> ..... Appellant<lb/> versus<lb/> SHAISTA &amp; ORS<lb/> .... Respondents<lb/> +<lb/> MAC.APP. 39/2019 &amp; CM APPL. 503/2019<lb/> ROYAL SUNDARAM GENERAL INSURANCE CO LTD ..... Appellant<lb/> versus<lb/> VIJENDERI &amp; ORS<lb/> ..... Respondents<lb/> ROYAL SUNDARAM GENERAL INSURANCE CO LTD<lb/> .....Appellant<lb/> versus<lb/> JAMEEL &amp; ORS<lb/> ..... Respondents<lb/> +<lb/> MAC.APP. 42/2019 &amp; CM APPL. 510/2019<lb/> ROYAL SUNDARAM GENERAL INSURANCE CO LTD .....Appellant<lb/> versus<lb/> RAJENDER &amp; ORS<lb/> .....Respondents<lb/> +<lb/> MAC.APP. 49/2019<lb/> ASHOK SHARMA &amp; ORS<lb/> ..... Appellants<lb/> versus<lb/> ROYAL SUNDARAM GEN INS CO LTD &amp; ORS<lb/> ..... Respondents<lb/> +<lb/> MAC.APP. 50/2019<lb/> PINKY &amp; ORS<lb/> ..... Appellants<lb/> versus<lb/> ROYAL SUNDRAM GENERAL INSURANCE CO LTD &amp; ORS<lb/> .....Respondents<lb/> +<lb/> MAC.APP. 53/2019 &amp; CM APPL. 962/2019<lb/> ROYAL SUNDARAM GENERAL INSURNACE CO LTD ..... Appellant<lb/> versus<lb/> CHARU &amp; ORS<lb/> ..... Respondents<lb/> +<lb/> MAC.APP. 55/2019 &amp; CM APPL. 992/2019<lb/> ROYAL SUNDARAM GENERAL INSURNACE CO LTD<lb/> .... Appellant<lb/> versus<lb/> GANESH CHANDRA SHARMA &amp; ORS<lb/> .... Respondents<lb/> +<lb/> MAC.APP. 371/2019<lb/> GANESH CHAND SHARMA &amp; ANR<lb/> ..... Appellants<lb/> versus<lb/> ROYAL SUNDARAM GENERAL INSURANCE CO LTD &amp; ORS<lb/> ..... Respondents<lb/> +<lb/> MAC.APP. 56/2019 &amp; CM APPL. 1052/2019<lb/> ROYAL SUNDARAM GENERAL INSURNACE CO LTD ..... Appellant<lb/> versus<lb/> ASLAM &amp; ORS<lb/> ..... Respondents<lb/> +<lb/> MAC.APP. 65/2019 &amp; CM APPL. 1291/2019<lb/> MAC.APP. No. 23/2019 and connected matters<lb/> Page 3 of 42<lb/> ROYAL SUNDARAM GENERAL INSURNACE CO LTD ..... Appellant<lb/> versus<lb/> MAHESH CHAND &amp; ORS<lb/> ..... Respondents<lb/> +<lb/> MAC.APP. 370/2019<lb/> MAHESH CHAND (SINCE DECEASED) THR LRS &amp; ANR ..... Appellants<lb/> versus<lb/> ROYAL SUNDARAM GENERAL INSURANCE CO LTD &amp; ORS<lb/> ..... Respondents<lb/> +<lb/> MAC.APP. 66/2019<lb/> SHAISTA &amp; ANR<lb/> ..... Appellants<lb/> versus<lb/> ROYAL SUNDRAM GENERAL INSURANCE CO LTD &amp; ORS<lb/> ..... Respondents<lb/> +<lb/> MAC.APP. 68/2019 &amp; CM APPL. 1353/2019<lb/> ROYAL SUNDARAM GENERAL INSURNACE CO LTD .....Appellant<lb/> versus<lb/> DHARAM VEER &amp; ORS<lb/> ..... Respondents<lb/> +<lb/> MAC.APP. 71/2019<lb/> KUNTI DEVI &amp; ANR<lb/> ..... Appellants<lb/> versus<lb/> ROYAL SUNDARAM GEN INS CO LTD &amp; ORS<lb/> ..... Respondents<lb/> +<lb/> MAC.APP. 75/2019<lb/> PINKI &amp; ORS<lb/> .....Appellants<lb/> versus<lb/> ROYAL SUNDARAM GEN INS CO LTD &amp; ORS<lb/> ..... Respondents<lb/> +<lb/> MAC.APP. 76/2019<lb/> SHAISTA &amp; ORS<lb/> .....Appellants<lb/> versus<lb/> ROYAL SUNDRAM GENERAL INSURNACE CO LTD &amp; ORS<lb/> ..... Respondents<lb/> +<lb/> MAC.APP. 79/2019<lb/> SHERPAL<lb/> .....Appellant<lb/> versus<lb/> ROYAL SUNDARAM GEN INS CO LTD &amp; ORS<lb/> .....Respondents<lb/> +<lb/> MAC.APP. 80/2019 &amp; CM APPL. 1494/2019<lb/> ROYAL SUNARAM GENERAL INSURANCE CO LTD<lb/> ..... Appellant<lb/> MAC.APP. No. 23/2019 and connected matters<lb/> Page 4 of 42<lb/> versus<lb/> ANGURI &amp; ORS .<lb/> ....Respondents<lb/> +<lb/> MAC.APP. 81/2019<lb/> PINKY &amp; ORS<lb/> .....Appellants<lb/> versus<lb/> ROYAL SUNDRAM GENERAL INSURANCE CO LTD &amp; ORS<lb/> ..... Respondents<lb/> +<lb/> MAC.APP. 82/2019 &amp; CM APPL. 1555/2019<lb/> ROYAL SUNDARAM GENERAL INSURANCE CO LTD ..... Appellant<lb/> versus<lb/> ANIL KUMAR &amp; ORS<lb/> .....Respondents<lb/> +<lb/> MAC.APP. 83/2019 &amp; CM APPL. 1558/2019<lb/> ROYAL SUNDARAM GENERAL INSURANCE CO LTD<lb/> .....Appellant<lb/> versus<lb/> URMILA &amp; ORS<lb/> .....Respondents<lb/> +<lb/> MAC.APP. 84/2019<lb/> SHERPAL<lb/> .....Appellant<lb/> versus<lb/> ROYAL SUNDARAM GEN INS CO LTD &amp; ORS<lb/> .....Respondents<lb/> +<lb/> MAC.APP. 85/2019<lb/> RAJENDER<lb/> .....Appellant<lb/> versus<lb/> ROYAL SUNDARAM GEN INS CO LTD &amp; ORS<lb/> .....Respondents<lb/> +<lb/> MAC.APP. 86/2019<lb/> RAMWATI &amp; ORS<lb/> .....Appellants<lb/> versus<lb/> ROYAL SUNDRAM GENERAL INSURANCE CO LTD &amp; ORS<lb/> ..... Respondents<lb/> +<lb/> MAC.APP. 87/2019 &amp; CM APPL. 1723/2019<lb/> ROYAL SUNDARAM GENERAL INSURANCE CO LTD<lb/> .....Appellant<lb/> versus<lb/> RAJWATI &amp; ORS<lb/> ....Respondents<lb/> +<lb/> MAC.APP. 89/2019<lb/> RAJENDER<lb/> .....Appellant<lb/> versus<lb/> ROYAL SUNDARAM GEN INS CO LTD &amp; ORS<lb/> .....Respondents<lb/> ROYAL SUNDARAM GENERAL INSURANCE CO LTD<lb/> .....Appellant<lb/> versus<lb/> SHAISTA &amp; ORS<lb/> .....Respondents<lb/> +<lb/> MAC.APP. 91/2019 &amp; CM APPL. 1814/2019<lb/> ROYAL SUNDARAM GENERAL INSURANCE CO LTD .....Appellant<lb/> versus<lb/> ASHOK &amp; ORS<lb/> .....Respondents<lb/> +<lb/> MAC.APP. 92/2019 &amp; CM APPL. 1829/2019<lb/> ROYAL SUNDARAM GENERAL INSURANCE CO LTD<lb/> .....Appellant<lb/> versus<lb/> RAJENDER &amp; ORS<lb/> .....Respondents<lb/> +<lb/> MAC.APP. 93/2019 &amp; CM APPL. 2089/2019<lb/> ROYAL SUNDARAM GENERAL INSURANCE CO LTD .....Appellant<lb/> versus<lb/> KUNTI DEVI &amp; ORS<lb/> .....Respondents<lb/> +<lb/> MAC.APP. 96/2019 &amp; CM APPL. 2174/2019<lb/> ROYAL SUNDARAM GENERAL INSURANCE CO LTD<lb/> .....Appellant<lb/> versus<lb/> DHAPO @ LONGSHREE &amp; ORS<lb/> .....Respondents<lb/> +<lb/> MAC.APP. 97/2019 &amp; CM APPL. 2177/2019<lb/> ROYAL SUNDARAM GENERAL INSURANCE CO LTD<lb/> .....Appellant<lb/> versus<lb/> ASHOK SHARMA &amp; ORS<lb/> .....Respondents<lb/> +<lb/> MAC.APP. 98/2019 &amp; CM APPL. 2187/2019<lb/> ROYAL SUNDARAM GENERAL INSURANCE CO LTD<lb/> .....Appellant<lb/> versus<lb/> SHAISTA &amp; ORS<lb/> .....Respondents<lb/> +<lb/> MAC.APP. 99/2019 &amp; CM APPL. 2197/2019<lb/> ROYAL SUNDARAM GENERAL INSURANCE CO LTD .....Appellant<lb/> versus<lb/> NAMRA &amp; ORS<lb/> .....Respondents<lb/> +<lb/> MAC.APP. 104/2019<lb/> CHARU &amp; ORS<lb/> .....Appellants<lb/> MAC.APP. No. 23/2019 and connected matters<lb/> ROYAL SUNDARAM GENERAL INSURANCE CO LTD<lb/> .....Appellant<lb/> versus<lb/> PINKY &amp; ORS<lb/> .....Respondents<lb/> +<lb/> MAC.APP. 107/2019 &amp; CM APPL. 2291/2019<lb/> ROYAL SUNDARAM GENERAL INSURANCE CO LTD .....Appellant<lb/> versus<lb/> PINKY &amp; ORS<lb/> .....Respondents<lb/> +<lb/> MAC.APP. 108/2019 &amp; CM APPL. 2294/2019<lb/> ROYAL SUNDARAM GENERAL INSURANCE CO LTD .....Appellant<lb/> versus<lb/> SHERPAL &amp; ORS<lb/> .....Respondents<lb/> +<lb/> MAC.APP. 109/2019<lb/> ASLAM &amp; ORS<lb/> .....Appellants<lb/> versus<lb/> ROYAL SUNDARAM GEN INS CO LTD &amp; ORS<lb/> ....Respondents<lb/> +<lb/> MAC.APP. 111/2019 &amp; CM APPL. 2328/2019<lb/> ROYAL SUNDARAM GENERAL INSURANCE CO LTD<lb/> .....Appellant<lb/> versus<lb/> SHERPAL &amp; ORS<lb/> .....Respondents<lb/> +<lb/> MAC.APP. 112/2019<lb/> SHAISTA<lb/> .....Appellant<lb/> versus<lb/> ROYAL SUNDRAM GENERAL INSURANCE CO LTD &amp; ORS<lb/> ..... Respondents<lb/> +<lb/> MAC.APP. 113/2019<lb/> SHERPAL &amp; ORS<lb/> .....Appellants<lb/> versus<lb/> ROYAL SUNDARAM GEN INS CO LTD &amp; ORS<lb/> .....Respondents<lb/> +<lb/> MAC.APP. 115/2019 &amp; CM APPL. 2355/2019<lb/> ROYAL SUNDARAM GENERAL INSURANCE CO LTD<lb/> .....Appellant<lb/> versus<lb/> PAWAN KUMAR &amp; ORS<lb/> .....Respondents<lb/> ROYAL SUNDARAM GENERAL INSURANCE CO LTD<lb/> .....Appellant<lb/> versus<lb/> SHERPAL &amp; ORS<lb/> .....Respondents<lb/> +<lb/> MAC.APP. 142/2019<lb/> RAJWATI &amp; ORS<lb/> .....Appellants<lb/> versus<lb/> ROYAL SUNDARAM GEN INS CO LTD &amp; ORS<lb/> .....Respondents<lb/> +<lb/> MAC.APP. 146/2019<lb/> SHERPAL<lb/> .....Appellant<lb/> versus<lb/> ROYAL SUNDARAM GEN INS CO LTD &amp; ORS<lb/> .....Respondents<lb/> +<lb/> MAC.APP. 151/2019<lb/> URMILA<lb/> .....Appellant<lb/> versus<lb/> ROYAL SUNDARAM GEN INS CO LTD &amp; ORS<lb/> .....Respondents<lb/> +<lb/> MAC.APP. 152/2019<lb/> ASHOK<lb/> .....Appellant<lb/> versus<lb/> ROYAL SUNDARAM GEN INS CO LTD &amp; ORS<lb/> .....Respondent<lb/> +<lb/> MAC.APP. 153/2019<lb/> DHARMPAL<lb/> .....Appellant<lb/> versus<lb/> ROYAL SUNDRAM GENERAL INSURANCE CO LTD &amp; ORS<lb/> ..... Respondents<lb/> +<lb/> MAC.APP. 154/2019<lb/> NAMRA<lb/> .....Appellant<lb/> versus<lb/> ROYAL SUNDARAM GEN INS CO LTD &amp; ORS<lb/> .....Respondents<lb/> +<lb/> MAC.APP. 158/2019<lb/> SOM<lb/> .....Appellant<lb/> versus<lb/> ROYAL SUNDARAM GENERAL INSURANCE CO LTD &amp; ORS<lb/> ..... Respondents<lb/> +<lb/> MAC.APP. 166/2019<lb/> KAMLESH<lb/> .....Appellant<lb/> ROYAL SUNDARAM GENERAL INSURANCE CO LTD &amp; ORS<lb/> .....Respondents<lb/> +<lb/> MAC.APP. 168/2019<lb/> YASH @ JASSU<lb/> .....Appellant<lb/> versus<lb/> ROYAL SUNDARAM GENERAL INSURANCE CO LTD &amp; ORS<lb/> ..... Respondents<lb/> +<lb/> MAC.APP. 261/2019<lb/> VIJENDERI &amp; ANR<lb/> .....Appellants<lb/> versus<lb/> ROYAL SUNDARAM GEN INS CO LTD &amp; ORS<lb/> .....Respondents<lb/> +<lb/> MAC.APP. 348/2019 &amp; CM APPL. 11352-53/2019<lb/> KUSUM LATA &amp; ORS<lb/> .....Appellants<lb/> versus<lb/> ROYAL SUNDARAM GEN INS CO LTD &amp; ORS<lb/> .....Respondents Appearances<lb/> Through:<lb/>
	<byline>
	<docAuthor>Ms. Suman Bagga and Mr. Pankaj Gupta,<lb/></docAuthor>
	</byline>

	<byline>
	<affiliation>Advocates for Insurance Company.<lb/></affiliation>
	</byline>

	<reference>Mr. Anshuman Bal, Advocate for appellants in Item<lb/> Nos. 23, 24,31, 33-38, 41-45, 54, 58, 60, 61 &amp; 64-<lb/>74 and<lb/> for<lb/> claimants<lb/> in<lb/> Item Nos.<lb/> 19,20,22,25,28,32,37,39,40,44 &amp;<lb/> 46-52.<lb/> Mr. Munish Kumar Sharma, Advocate for<lb/> appellants in Item Nos. 27 &amp; 30 and for claimants<lb/> in Item Nos. 26 &amp; 29.<lb/> Mr. Ankur Saboo, Advocate for Owner and Driver.<lb/> Ms. Garima Prashad, Standing Counsel for State of<lb/> Uttar Pradesh.<lb/></reference>

	CORAM:<lb/> HON&apos;BLE MR. JUSTICE NAJMI WAZIRI
		</front>
	</text>
</tei>
