<?xml version="1.0"?>
<tei xml:space="preserve">
	<teiHeader>
		<fileDesc xml:id="6e33906268970482ee9979f1b237cebb" />
	</teiHeader>
	<text xml:lang="en">
		<front>
			<lb />
			<case_number>
				W.P.Nos.22915, 22917, 22920, 22922, 22925, 22927, 22929, 22932 and 22935 of 2021
			</case_number>
			<lb />
			<court>
				IN THE HIGH COURT OF JUDICATURE AT MADRAS
			</court>
			<lb />
			<judgement_date>
				DATED: 27.10.2021
			</judgement_date>
			<judge>
				CORAM
				<lb />
				THE HON&apos;BLE Mr.JUSTICE M.SUNDAR
			</judge>
			<lb />
			<case_number>
				W.P.Nos.22915, 22917, 22920, 22922, 22925, 22927, 22929, 22932 and
				<lb />
				22935 of 2021
			</case_number>
			<lb />
			<case_number>
				W.P.No.22915 of 2021
			</case_number>
			<extra>
				:-
			</extra>
			<lb />
			<petitioner>
				S.Ramesh,
				<lb />
				Shop No.4079,
				<lb />
				Door No.141-A, Vellalar Street,
				<lb />
				Adambakkam,
				<lb />
				Chennai-600 088.
				<lb />
				...Petitioner
			</petitioner>
			<lb />
			<extra>
				-Vs.-
			</extra>
			<lb />
			<respondent>
				1. The Tamil Nadu State Marketing Corporation Limited, (TASMAC),
				<lb />
				Rep.by its Managing Director,
				<lb />
				&quot;Thalamuthu Natarajan Maaligai&quot;,
				<lb />
				Gandhi-Irwin Road,
				<lb />
				Egmore, Chennai-600 008.
			</respondent>
			<lb />
			<respondent>
				2. The Tamil Nadu State Marketing Corporation Limited, (TASMAC),
				<lb />
				Rep.by its Senior Regional Manager,
				<lb />
				LLA Building, Anna Salai, Chennai-600 002.
			</respondent>
			<lb />
			<respondent>
				3. The Tamil Nadu State Marketing Corporation Limited, (TASMAC),
				<lb />
				Rep.by its District Manager,
				<lb />
				Kancheepuram (North)
				<lb />
				Industrial Estate, Thirumazhisai,
				<lb />
				Kancheepuram District-600 123.
				<lb />
				... Respondents
			</respondent>
			<lb />
			<page>
				1/36
			</page>
			<lb />
			<extra>
				Writ Petition filed under Article 226 of the Constitution of India
				<lb />
				praying to issue a Writ of Mandamus, to direct the respondents to
				<lb />
				forthwith extend the Bar License Period of the Petitioner for the
				<lb />
				TASMAC wine shop No.4079 corresponding to the closure period due to
				<lb />
				COVID 19 Pandemic, by considering and passing necessary orders on
				<lb />
				the representation of the petitioner dated 22.09.2021.
				<lb />
				For Petitioner in all W.P.s
				<lb />
				:
			</extra>
			<lb />
			<petitioner_lawyer>
				Mr.K.Selvaraj
			</petitioner_lawyer>
			<lb />
			<extra>
				For Respondents in all W.P.s
				<lb />
				:
			</extra>
			<lb />
			<respondent_lawyer>
				Mr.K.Sathishkumar
			</respondent_lawyer>
			<lb />
			<extra>
				standing counsel for
				<lb />
				Mr.P.Arumurugarajan
				<lb />
				standing counsel for TASMAC
				<lb />
				******
			</extra>
			<lb />
			<document_type>
				C O M M O N O R D E R
			</document_type>
		</front>
	</text>
</tei>
