<?xml version="1.0"?>
<tei xml:space="preserve">
	<teiHeader>
		<fileDesc xml:id="739172" />
	</teiHeader>
	<text xml:lang="en">
		<front>
			<lb />
			<court>
				BEFORE THE MADURAI BENCH OF MADRAS HIGH COURT
				<lb />
			</court>
			<judgement_date>
				RESERVED ON : 01.02.2021
				<lb />
			</judgement_date>
			<judgement_date>
				DELIVERED ON : 09.02.2021
				<lb />
			</judgement_date>
			<judge>
				CORAM
				<lb />
				THE HONOURABLE MR.JUSTICE N.SATHISH KUMAR
				<lb />
			</judge>
			<case_number>
				A.S.(MD)No.86 of 2012
				<lb />
			</case_number>
			<petitioner>
				Soundhararajan
				<lb />
			</petitioner>
			<extra>
				..Appellant/11th Defendant
				<lb />
			</extra>
			<extra>
				Vs.
				<lb />
			</extra>
			<respondent>
				1.M.Dhanachakravarthi (died)
				<lb />
			</respondent>
			<extra>
				...1st Respondent / Plaintiff
				<lb />
			</extra>
			<respondent>
				M.Kamala (deceased)
				<lb />
				Ammu @ Kalaichelvi (deceased)
				<lb />
				Chinnakulanthai (deceased)
				<lb />
			</respondent>
			<respondent>
				2.Selvaraj
				<lb />
			</respondent>
			<respondent>
				3.Deveraj
				<lb />
			</respondent>
			<respondent>
				4.Thirugnanachelvi
				<lb />
			</respondent>
			<respondent>
				5.Kasthhuri
				<lb />
			</respondent>
			<respondent>
				6.Shanthakumari
				<lb />
			</respondent>
			<respondent>
				7.Easwaran
				<lb />
			</respondent>
			<respondent>
				8.Narendran
				<lb />
			</respondent>
			<respondent>
				9.Keerthi
				<lb />
			</respondent>
			<respondent>
				10.Aarthi
				<lb />
			</respondent>
			<respondent>
				11.Arun
				<lb />
			</respondent>
			<extra>
				..Respondents 2 to 11 /Defendants 4 to 10 &amp; 12 to 14
				<lb />
			</extra>
			<page>
				1/52
				<lb />
			</page>
			<respondent>
				12.Shanthi
				<lb />
			</respondent>
			<extra>
				..12th Respondent
				<lb />
			</extra>
			<extra>
				(1st respondent died. Respondents 9 to 11 who are already on record are
				<lb />
				the legal heirs of the deceased first respondent, vide memo in USR.
				<lb />
				5383/2017, dated 08.12.2015 is recorded, vide Court Order, dated
				<lb />
				24.10.2016.)
				<lb />
				(12th respondent is brought on record as legal heirs of the deceased first
				<lb />
				respondent, vide Court Order, dated 26.08.2019, made in CMP No.7592
				<lb />
				of 2019.)
				<lb />
				PRAYER: Appeal filed under Section 96 read with Order 41 Rule 1 of
				<lb />
				the Civil Procedure Code, against the judgment and decree dated
				<lb />
				18.04.2012, made in O.S. No.4 of 2005 on the file of Additional District
				<lb />
				Judge, Fast Track Court, Dindigul.
				<lb />
			</extra>
			<extra>
				For Appellant
				<lb />
				:
			</extra>
			<petitioner_lawyer>
				Mr.S.Balamurugan
			</petitioner_lawyer>
			<extra>
				For R-1
				<lb />
				: died
				<lb />
			</extra>
			<extra>
				For R-2 to R-8
				<lb />
				: No Appearance
				<lb />
			</extra>
			<extra>
				For R-9 to R-12
				<lb />
				:
			</extra>
			<respondent_lawyer>
				Mr.S.Meenakshi Sundaram,
				<lb />
			</respondent_lawyer>
			<extra>
				Senior Counsel
				<lb />
				for Mr.C.Jeyaprakash
				<lb />
			</extra>
			<extra>
				----
				<lb />
			</extra>
			<document_type>
				JUDGMENT
				<lb />
			</document_type>
		</front>
	</text>
</tei>
