<?xml version="1.0"?>
<tei xml:space="preserve">
	<teiHeader>
		<fileDesc xml:id="772900" />
	</teiHeader>
	<text xml:lang="en">
		<front>
			<lb />
			<court>
				IN THE HIGH COURT OF JUDICATURE AT MADRAS
				<lb />
			</court>
			<judgement_date>
				Judgment Reserved on
				<lb />
				03.08.2021
				<lb />
			</judgement_date>
			<judgement_date>
				Judgment Delivered on
				<lb />
				17.08.2021
				<lb />
			</judgement_date>
			<judge>
				CORAM
				<lb />
				THE HONOURABLE MR.JUSTICE R.SUBRAMANIAN
				<lb />
			</judge>
			<case_number>
				C.S.No.878 of 2015
				<lb />
			</case_number>
			<petitioner>
				1.Kanni Uvaraj
				<lb />
			</petitioner>
			<petitioner>
				2.Poorvika Mobiles Private Limited,
				<lb />
				No.30, Arcot Road,
				<lb />
				Kodambakkam,
				<lb />
				Chennai -600 024.
				<lb />
				Rep. by its Director Uvaraj
				<lb />
			</petitioner>
			<extra>
				... Plaintiffs
				<lb />
			</extra>
			<extra>
				Vs.
				<lb />
			</extra>
			<respondent>
				Poorliya Mobiles World And Electronics
				<lb />
				No.58 D, North Main Road,
				<lb />
				Vallioor, Tirunelveli District,
				<lb />
				Tamil Nadu -627 117.
				<lb />
				Rep. by its Proprietor, J.Muthukrishnan
				<lb />
			</respondent>
			<extra>
				... Defendant
				<lb />
			</extra>
			<extra>
				PRAYER : Plaint filed under Order IV Rule 1 of Original Side Rules read
				<lb />
				with Order VII Rule 1 of the Code of Civil Procedure and read with Sections
				<lb />
				27, 28, 29, 134 and 135 of the Trademarks Act, 1999 read with Section 51,
				<lb />
				55 and 62 of the Copyrights Act, 1957 praying to grant a judgment and
				<lb />
				decree on the following terms:-
				<lb />
			</extra>
			<page>
				Page No.1/34
				<lb />
			</page>
			<extra>
				(a) A perpetual injunction restraining the defendant by themselves or
				<lb />
				their directors, men, partners, proprietors, stockists, dealers,
				<lb />
				servants, agents, franchises, successors in interest, licensees,
				<lb />
				assignees, representatives or any of them from in any manner
				<lb />
				infringing the plaintiff's registered Trade and service mark
				<lb />
				'POORVIKA MOBILE WORLD' by use of the Trade and service mark
				<lb />
				'POORLIYA MOBILES WORLD' or POORVIKA/ POORLIYA per se
				<lb />
				with or without any logo/ artwork or any mark deceptively similar
				<lb />
				to that of the plaintiff's registered Trade Mark or in any other
				<lb />
				manner whatsoever;
				<lb />
			</extra>
			<extra>
				(b)A perpetual injunction restraining the defendant by themselves or
				<lb />
				their directors men, partners, proprietors, stockists, dealers,
				<lb />
				servants, agents, franchises, successors in interest, licensees,
				<lb />
				assignees, representatives or any of them from in any manner
				<lb />
				infringing the plaintiff's copyright in the label 'POORVIKA
				<lb />
				MOBILE WORLD' by the use by the defendant of the mark
				<lb />
				'POORLIYA MOBILES WORLD', POORLIYA per se with or without
				<lb />
				any accompanying logo/artwork or any other deceptively similar
				<lb />
				Trade Mark label or by use of similar/ identical colour scheme, art
				<lb />
				work, lettering style or in any other manner whatsoever;
				<lb />
			</extra>
			<extra>
				(c) The defendant be ordered to surrender to plaintiff for destruction
				<lb />
				all name boards, packing materials, visiting cards, letterheads,
				<lb />
				printer bills, cartons, sachets and all the goods bearing the
				<lb />
				Trademark 'POORLIYA MOBILES WORLD' or any mark deceptively
				<lb />
				similar to that of the plaintiff's registered Trade Mark and artistic
				<lb />
				work 'POORVIKA MOBILE WORLD';
				<lb />
			</extra>
			<extra>
				(d)The defendant be ordered to prepare and submit an account of
				<lb />
				profits made by them by the unlawful use of the Registered Trade
				<lb />
				Mark of the plaintiff and thereafter to pass a final decree upon
				<lb />
				ascertaining the accounts, in favour of the plaintiff and against the
				<lb />
				defendants;
				<lb />
			</extra>
			<extra>
				(e) The defendant be ordered to pay punitive damages for the
				<lb />
				unlawful act complained of and
				<lb />
			</extra>
			<extra>
				(f) for the costs of the suit
			</extra>
			<extra>
				For Plaintiffs :
				<lb />
			</extra>
			<petitioner_lawyer>
				Mr.K.Sukumaran
				<lb />
			</petitioner_lawyer>
			<extra>
				for Mr.K.Rajasekaran
				<lb />
			</extra>
			<extra>
				For Defendant :
			</extra>
			<respondent_lawyer>
				: Mr.S.Subbiah,
				<lb />
			</respondent_lawyer>
			<extra>
				Senior Counsel
				<lb />
				for Mrs.Elizabeth Ravi
				<lb />
			</extra>
			<document_type>
				J U D G M E N T
				<lb />
			</document_type>
		</front>
	</text>
</tei>
