<?xml version="1.0"?>
<tei xml:space="preserve">
	<teiHeader>
		<fileDesc xml:id="788244" />
	</teiHeader>
	<text xml:lang="en">
		<front>
			<lb />
			<court>
				IN THE HIGH COURT OF JUDICATURE AT MADRAS
				<lb />
			</court>
			<judgement_date>
				DATED : 07.10.2021
				<lb />
			</judgement_date>
			<judge>
				CORAM:
				<lb />
				THE HON&apos;BLE MR.JUSTICE M.NIRMAL KUMAR
				<lb />
			</judge>
			<case_number>
				W.P.No.13658 of 2021
				<lb />
				and W.M.P.No.14516 of 2021
				<lb />
			</case_number>
			<petitioner>
				M/s.Sakthi Sugars Limited,
				<lb />
				Rep. by its Senior General Manager,
				<lb />
				Sakthi Nagar-638 315,
				<lb />
				Bhavani Taluk, Erode District.
				<lb />
			</petitioner>
			<extra>
				...
				<lb />
				Petitioner
				<lb />
				Vs
				<lb />
			</extra>
			<respondent>
				1.The Superintendent of Police,
				<lb />
				Erode District,Erode-638 001.
				<lb />
			</respondent>
			<respondent>
				2.The Deputy Superintendent of Police,
				<lb />
				Bhavani Sub Division,
				<lb />
				Bhavani, Erode District.
				<lb />
			</respondent>
			<respondent>
				3.The Inspector of Police,
				<lb />
				Bhavani Police Station,Erode District.
				<lb />
			</respondent>
			<respondent>
				4.The Sub Inspector of Police
				<lb />
				Appakoodal Police Station,
				<lb />
				Bhavani Sub Division, Erode District.
				<lb />
			</respondent>
			<respondent>
				5.Appakoodal-Semur Sugarcane
				<lb />
				Transport Lorry Owners&apos;
				<lb />
				Association (Regn.No.63/2011)
				<lb />
				rep. by its President
				<lb />
				B.Annadurai, Appakoodal,
				<lb />
				Bhavani Taluk, Erode District.
				<lb />
			</respondent>
			<extra>
				... Respondents
				<lb />
			</extra>
			<extra>
				PRAYER: Writ petition has been filed under Article 226 of the Constitution of
				<lb />
				India, to issue Writ of Mandamus directing the respondents 1 to 4 to provide
				<lb />
			</extra>
			<page>
				Page No.1 of 8
				<lb />
			</page>
			<extra>
				police protection to the tractors/lorries/vehicles and workers engaged for
				<lb />
				transportation of sugarcane cultivated from different agricultural fields to the
				<lb />
				petitioner&apos;s factory premises and ensure smooth atmosphere in and around the
				<lb />
				factory premises at Sakthi Nagar, Bhavani Taluk, Erode District by considering
				<lb />
				the petitioner&apos;s representations dated 14.05.2020, 15.06.2020 and 28.04.2021.
				<lb />
			</extra>
			<extra>
				For Petitioner
				<lb />
				:
				<lb />
			</extra>
			<petitioner_lawyer>
				Mr.N.Manokaran
				<lb />
			</petitioner_lawyer>
			<extra>
				For Respondent
				<lb />
				:
				<lb />
			</extra>
			<respondent_lawyer>
				Mr.A.Damodaran
				<lb />
			</respondent_lawyer>
			<extra>
				Nos.1 to 4
				<lb />
				Additional Public Prosecutor
				<lb />
				For Respondent
				<lb />
				:
				<lb />
			</extra>
			<respondent_lawyer>
				Mr.M.Guruprasad
				<lb />
			</respondent_lawyer>
			<document_type>
				ORDER
				<lb />
			</document_type>
		</front>
	</text>
</tei>
