<?xml version="1.0"?>
<tei xml:space="preserve">
	<teiHeader>
		<fileDesc xml:id="796664" />
	</teiHeader>
	<text xml:lang="en">
		<front>
			<lb />
			<extra>
				C.S.No.299 of 2020
				<lb />
				&amp; O.A.Nos.564 &amp; 565 of 2020 &amp;
				<lb />
				A.No.2603 of 2020
				<lb />
			</extra>
			<court>
				IN THE HIGH COURT OF JUDICATURE AT MADRAS
				<lb />
			</court>
			<judgement_date>
				Reserved on
				<lb />
				: 21.10.2021
				<lb />
			</judgement_date>
			<judgement_date>
				Pronounced on
				<lb />
				:25.10.2021
				<lb />
			</judgement_date>
			<judge>
				Coram:
				<lb />
				THE HONOURABLE DR. JUSTICE G. JAYACHANDRAN
				<lb />
			</judge>
			<case_number>
				C.S.No.299 of 2020
				<lb />
				and
				<lb />
				O.A.Nos.564 &amp; 565 of 2020
				<lb />
				and
				<lb />
				A.No.2603 of 2020
				<lb />
			</case_number>
			<petitioner>
				1.Aqua Pump Industries,
				<lb />
				rep by its Managing Partner
				<lb />
				Mr.Ramaswamy Kumaravelu,
				<lb />
				Thudiyalure Post, Coimbatore 641 034.
				<lb />
				Having their branch office at
				<lb />
				New No.10, Old No.26,
				<lb />
				Errabalu Chetty Street, Parrys Corner,
				<lb />
				Chennai 600 001.
				<lb />
			</petitioner>
			<petitioner>
				2.Aqua Sub Engineering
				<lb />
				rep. By its Managing Partner,
				<lb />
				Mr.Ramaswamy Kumaravelu,
				<lb />
				Thudiyalure Post, Coimbatore 641 034,
				<lb />
				Having their branch office at
				<lb />
				New No.10, Old No.26,
				<lb />
				Errabalu Chetty Street, Parrys Corner,
				<lb />
				Chennai 600 001.
				<lb />
			</petitioner>
			<extra>
				.. Plaintiffs
				<lb />
			</extra>
			<extra>
				/versus/
				<lb />
			</extra>
			<page>
				1/19
				<lb />
			</page>
			<extra>
				https://www.mhc.tn.gov.in/judis/
				<lb />
			</extra>
			<respondent>
				1.Ashok Kumar Jaiswal
				<lb />
				C/o Arryan Future Aqua Engineering Pvt. Ltd.,
				<lb />
				2258, Opposite Pratap Market,
				<lb />
				Damoh Road,
				<lb />
				Jabalpur 482 002, Madhyapradesh
				<lb />
			</respondent>
			<respondent>
				2.Arryan Future Aqua Engineering Pvt.Ltd.,
				<lb />
				2258, Opposite Pratap Market,
				<lb />
				Damoh Road,
				<lb />
				Jabalpur 482 002,
				<lb />
				Madhya Pradesh.
				<lb />
			</respondent>
			<extra>
				.. Defendants
				<lb />
			</extra>
			<extra>
				Prayer :-Civil Suit has been filed under Order IV, Rule 1 O.S. Rules and
				<lb />
				Order VII, Rule 1 of the C.P.C., read with Sections 27, 134 and 135 of the Trade
				<lb />
				Marks Act, 1999, praying to pass a judgment and decree for :-
				<lb />
				(a). granting a permanent injunction, restraining the Defendants, by itself,
				<lb />
				their servants, agents, distributors, or anyone claiming through them from
				<lb />
				manufacturing, selling, advertising and offering for sale using the marks AQUA
				<lb />
				GROUP INDUSTRIES or any other mark identical or deceptively similar to the
				<lb />
				Plaintiffs registered Trade Marks
				<lb />
				,
				<lb />
				AQUATEX,
				<lb />
				AQUASUB,
				<lb />
				AQUASUB ENGINEERING, AQUAPUMP &amp; AQUAPUMP INDUSTRIES,
				<lb />
				AQUA GROUP INDUSTRIES as such or prefix or suffix in Submersible Pumps,
				<lb />
			</extra>
			<extra>
				Electric Motors or any other pumps or motors and its spares or in any other goods
				<lb />
				manufactured and sold by the Defendants or its trading style or in any media and
				<lb />
				use the same in invoices, letter heads and visiting cards or by using any other trade
				<lb />
				mark which is in any way visually, phonetically and deceptively similar to the
				<lb />
				Plaintiffs&apos; registered Trade Marks
				<lb />
				AQUATEX, AQUASUB,
				<lb />
				AQUASUB ENGINEERING, AQUAPUMP &amp; AQUAPUMP INDUSTRIES.,
				<lb />
			</extra>
			<extra>
				made by the defendants, after the defendants have rendered accounts;
				<lb />
				(e). directing the defendants to pay to the plaintiffs the costs of the suit.
				<lb />
			</extra>
			<extra>
				For Plaintiffs
				<lb />
				:
			</extra>
			<petitioner_lawyer>
				M/s Gladys Daniel
				<lb />
			</petitioner_lawyer>
			------
			<lb />
			<document_type>
				J U D G M E N T
				<lb />
			</document_type>
		</front>
	</text>
</tei>
