<?xml version="1.0"?>
<tei xml:space="preserve">
	<teiHeader>
		<fileDesc xml:id="798935" />
	</teiHeader>
	<text xml:lang="en">
		<front>
			<lb />
			<court>
				IN THE HIGH COURT OF JUDICATURE AT MADRAS
				<lb />
			</court>
			<judgement_date>
				DATED: 27.10.2021 CORAM
				<lb />
			</judgement_date>
			<judge>
				THE HON&apos;BLE Mr.JUSTICE M.SUNDAR
				<lb />
			</judge>
			<case_number>
				W.P.Nos.23053, 23055, 23056 and 23058 of 2021
				<lb />
			</case_number>
			<petitioner>
				S.Sakthivel,
				<lb />
				Shop No.4127,
				<lb />
				No.210, Aarthi Nagar, Agaram Main Road,
				<lb />
				Selaiyur,
				<lb />
				Kancheepuram District.
				<lb />
			</petitioner>
			<extra>
				...Petitioner in W.P.No.23053 of
				<lb />
			</extra>
			<petitioner>
				S.Sakthivel,
				<lb />
				Shop No.4137,
				<lb />
				Door No.25, Aarthi Nagar, Agaram Main Road,
				<lb />
				Selaiyur, Kancheepuram District. ...Petitioner in W.P.No.23055 of 2021
				<lb />
				S.Sakthivel,
				<lb />
				Shop No.4323,
				<lb />
				Door No.10, Irumbuliyur,
				<lb />
				Abirami Nagar, West Tambaram,
				<lb />
				Kancheepuram District.
				<lb />
			</petitioner>
			<extra>
				...Petitioner in W.P.No.23056 of 2021
				<lb />
			</extra>
			<petitioner>
				S.Parthiban,
				<lb />
				Shop No.4035,
				<lb />
				Door No.10, Periyar Nagar, Kunrathur Main Road,
				<lb />
				Kancheepuram District.
				<lb />
			</petitioner>
			<extra>
				...Petitioner in W.P.No.23058 of
				<lb />
			</extra>
			<extra>
				-Vs.-
				<lb />
			</extra>
			<respondent>
				1. The Tamil Nadu State Marketing Corporation Limited, (TASMAC),
				<lb />
				Rep.
				by its Managing Director,
				&quot;Thalamuthu Natarajan Maaligai&quot;,
				<lb />
				Gandhi-Irwin Road, Egmore, Chennai-600 008.
				<lb />
			</respondent>
			<page>
				1/26
				<lb />
			</page>
			<respondent>
				2. The Tamil
				
				Nadu State Marketing Corporation Limited, (TASMAC),
				<lb />
				Rep.by its Senior Regional Manager,
				<lb />
				LLA Building, Anna Salai, Chennai-600 002.
				<lb />
			</respondent>
			<respondent>
				3. The Tamil Nadu State Marketing Corporation Limited, (TASMAC),
				<lb />
				Rep.by its District Manager,
				<lb />
				Kancheepuram (North)
				<lb />
				Industrial Estate, Thirumazhisai,
				<lb />
				Kancheepuram District-600 123.
				<lb />
			</respondent>
			<extra>
				... Respondents in all W.P.s
				<lb />
			</extra>
			<extra>
				Writ Petitions filed under Article 226 of the Constitution of India
				<lb />
				praying to issue a Writ of Mandamus, to direct the respondents to
				<lb />
				forthwith extend the Bar License Period of the Petitioner for the
				<lb />
				TASMAC wine shop Nos.4127, 4137, 4323 and 4035 respectively
				<lb />
				corresponding to the closure period due to COVID 19 Pandemic, by
				<lb />
				considering and passing necessary orders on the representation of the
				<lb />
				petitioner dated 25.09.2021.
				<lb />
			</extra>
			<extra>
				For Petitioner in all W.P.s
				<lb />
				:
				<lb />
			</extra>
			<petitioner_lawyer>
				Mr.K.Selvaraj
				<lb />
			</petitioner_lawyer>
			<extra>
				For Respondents in all W.P.s
				<lb />
				:
				<lb />
			</extra>
			<respondent_lawyer>
				Mr.K.Sathishkumar
				<lb />
			</respondent_lawyer>
			<extra>
				standing counsel for
				<lb />
				Mr.P.Arumurugarajan
				<lb />
				standing counsel for TASMAC
				<lb />
			</extra>
			<extra>
				******
				<lb />
			</extra>
			<document_type>
				C O M M O N O R D E R
			</document_type>
		</front>
	</text>
</tei>
