<?xml version="1.0"?>
<tei xml:space="preserve">
	<teiHeader>
		<fileDesc xml:id="799167" />
	</teiHeader>
	<text xml:lang="en">
		<front>
			<lb />
			<court>
				BEFORE THE MADURAI BENCH OF MADRAS HIGH COURT
				<lb />
			</court>
			<judgement_date>
				DATED : 18.11.2021
				<lb />
			</judgement_date>
			<judge>
				CORAM
				<lb />
				THE HON&apos;BLE MR. JUSTICE M.SUNDAR
				<lb />
			</judge>
			<case_number>
				W.P(MD)No.20632 of 2021
				<lb />
			</case_number>
			<petitioner>
				S.Mampatti Panchayat
				<lb />
				Represented by its President,
				<lb />
				Thamaraiselvam.
				<lb />
			</petitioner>
			<extra>
				... Petitioner
				<lb />
			</extra>
			<extra>
				Vs.
				<lb />
			</extra>
			<respondent>
				1.The Secretary,
				<lb />
				Rural Development and Panchayatraj
				<lb />
				Department,
				<lb />
				St. George Fort,
				<lb />
				Chennai -600 009.
				<lb />
			</respondent>
			<respondent>
				2.The Director of Rural Development
				<lb />
				and Panchayatraj,
				<lb />
				Directorate of Rural Development,
				Panagal Maligai,
				<lb />
				Chennai -600 015.
				<lb />
			</respondent>
			<respondent>
				3.The District Collector,
				<lb />
				Sivagangai District,
				<lb />
				Sivagangai.
				<lb />
			</respondent>
			<respondent>
				4.The Block Development Officer,
				<lb />
				Singampunari,
				<lb />
				Sivagangai District.
				<lb />
			</respondent>
			<extra>
				... Respondents
				<lb />
			</extra>
			<page>
				1/20
				<lb />
			</page>
			<extra>
				PRAYER: Petition filed under Article 226 of the Constitution of India, for
				<lb />
				the issuance of a Writ of Mandamus, directing the respondents to pass on
				<lb />
				order to collect professional tax from the staffs and teachers of the Eriyur
				<lb />
				Government Higher Secondary School, by the petitioner&apos;s panchayat based
				<lb />
				on his representation dated 09.10.2021.
				<lb />
			</extra>
			<extra>
				For Petitioner
				<lb />
				:
				<lb />
			</extra>
			<petitioner_lawyer>
				Mr.M.Subash Babu
				<lb />
			</petitioner_lawyer>
			<extra>
				For Respondents
				<lb />
				:
				<lb />
			</extra>
			<respondent_lawyer>
				Mr.C.Satheesh,
				<lb />
			</respondent_lawyer>
			<extra>
				Government Advocate for R1 to R3
				<lb />
			</extra>
			<respondent_lawyer>
				Mr.N.Muthuviyajan,
				<lb />
			</respondent_lawyer>
			<extra>
				Special Government Pleader for R4
				<lb />
			</extra>
			<document_type>
				O R D E R
				<lb />
			</document_type>
		</front>
	</text>
</tei>
