<?xml version="1.0"?>
<tei xml:space="preserve">
	<teiHeader>
		<fileDesc xml:id="816483" />
	</teiHeader>
	<text xml:lang="en">
		<front>
			<page>
				1
				<lb />
			</page>
			<court>
				BEFORE THE MADURAI BENCH OF MADRAS HIGH COURT
				<lb />
			</court>
			<judgement_date>
				DATE: 20.12.2021
				<lb />
			</judgement_date>
			<judge>
				CORAM
				<lb />
				THE HON&apos;BLE MRS.JUSTICE V.BHAVANI SUBBAROYAN
				<lb />
			</judge>
			<case_number>
				S.A (MD) No.752 of 2016
				<lb />
				and
				<lb />
				CMP(MD) No.11930 of 2016
				<lb />
			</case_number>
			<petitioner>
				Nagaraj
				<lb />
			</petitioner>
			<extra>
				....Appellant
				<lb />
			</extra>
			<extra>
				vs.
				<lb />
			</extra>
			<respondent>
				1. AAmeena Ammal
				<lb />
			</respondent>
			<respondent>
				2. Sathaiah
				<lb />
			</respondent>
			<extra>
				...Respondents
				<lb />
			</extra>
			<extra>
				PRAYER:Second Appeal filed under Section 100 of the Code of Civil Procedure
				<lb />
				against the judgment and decree in A
				
				.S. No.33 of 2014 dated 27.11.2014 on the
				<lb />
				file of the Sub Court, Pudukottai confirming the judgment and decree dated
				<lb />
				29.11.2013 in O.S. No.6 of 2005 on the file of the learned District Munsif,
				<lb />
				Aranthangi, Pudukottai
			</extra>
			<extra>
				For Appellant :
				<lb />
			</extra>
			<petitioner_lawyer>
				Mr. K. Baalasundharam
			</petitioner_lawyer>
			<extra>
				For Respondents :
				<lb />
			</extra>
			<respondent_lawyer>
				Mr. N.Balakrishnan
				<lb />
			</respondent_lawyer>
			<extra>
				for R1
				<lb />
			</extra>
			<document_type>
				JUDGMENT
				<lb />
			</document_type>
		</front>
	</text>
</tei>
