<?xml version="1.0"?>
<tei xml:space="preserve">
	<teiHeader>
		<fileDesc xml:id="823610" />
	</teiHeader>
	<text xml:lang="en">
		<front>
			<lb />
			<court>
				BEFORE THE MADURAI BENCH OF MADRAS HIGH COURT
				<lb />
			</court>
			<judgement_date>
				DATED: 02.02.2022
				<lb />
			</judgement_date>
			<judge>
				CORAM:
				<lb />
				THE HONOURABLE MR.JUSTICE M.SUNDAR
				<lb />
			</judge>
			<petitioner>
				S.M.Seeni Mohamed
				<lb />
			</petitioner>
			<extra>
				... Petitioner
				<lb />
			</extra>
			<extra>
				Vs.
				<lb />
			</extra>
			<respondent>
				1.The Chief Secretary,
				Government of Tamil Nadu,
				<lb />
				St. George Fort,
				<lb />
				Secretariat,
				<lb />
				Chennai -9.
				<lb />
			</respondent>
			<respondent>
				2.The Chief Secretary,
				<lb />
				Tamil Nadu Waqf Board,
				<lb />
				Vallal Seethakathi Nagar,
				<lb />
				Chennai.
			</respondent>
			<respondent>
				3.The District Collector,
				<lb />
				Ramnad District,
				<lb />
				Ramnad.
				<lb />
			</respondent>
			<page>
				1/35
				<lb />
			</page>
			<respondent>
				4.The Deputy Superintendent of Police,
				<lb />
				Rameshwaram,
				<lb />
				Ramnad.
				<lb />
			</respondent>
			<respondent>
				5.Abdul Hameed
				<lb />
			</respondent>
			<respondent>
				6.Abdul Kalam
				<lb />
			</respondent>
			<respondent>
				7.Avul Meera
				<lb />
			</respondent>
			<respondent>
				8.Uthuman Ali
				<lb />
			</respondent>
			<respondent>
				9.Habeeb Rahmathullah
				<lb />
			</respondent>
			<extra>
				... Respondents
				<lb />
			</extra>
			<extra>
				P RAYER: Writ Petition filed under Article 226 of the Constitution
				<lb />
				of India for issuance of Writ of Mandamus, directing the
				<lb />
				respondents 1 to 4 to take appropriate action against the
				<lb />
				respondents 5 to 9 on the basis of the petitioner&apos;s representation
				<lb />
				dated 26.06.2014.
				<lb />
			</extra>
			<extra>
				For Petitioner
				<lb />
				:
				<lb />
			</extra>
			<petitioner_lawyer>
				Mr.Naresh Prabhu
				<lb />
			</petitioner_lawyer>
			<extra>
				for Mr.S.M.A.Jinnah
				<lb />
			</extra>
			<extra>
				For Respondents 1, 3&amp;4 :
			</extra>
			<respondent_lawyer>
				Mr.M.Lingadurai
				<lb />
			</respondent_lawyer>
			<extra>
				Special Government Pleader
				<lb />
			</extra>
			<extra>
				For Respondent No.2
				<lb />
				:
			</extra>
			<respondent_lawyer>
				Mr.Mohamed Hashim
				<lb />
			</respondent_lawyer>
			<extra>
				for Mr.N.Mohideen Basha
				<lb />
			</extra>
			<extra>
				Standing Counsel
				<lb />
			</extra>
			<extra>
				For Respondents 5 to 9 :
				<lb />
			</extra>
			<respondent_lawyer>
				Mr.Nawaz
				<lb />
			</respondent_lawyer>
			<extra>
				for M/s. Ajmal Associates
				<lb />
			</extra>
			<page>
				2/35
				<lb />
			</page>
			<document_type>
				O R D E R
				<lb />
			</document_type>
		</front>
	</text>
</tei>
