<?xml version="1.0" ?>
<tei xml:space="preserve">
	<teiHeader>
		<fileDesc xml:id="8247920"/>
	</teiHeader>
	<text xml:lang="en">
		<front>

	1
	<byline>
	<affiliation>AFR<lb/> HIGH COURT OF CHHATTISGARH,</affiliation>
	</byline>

	<address>BILASPUR<lb/></address>

	<reference>Writ Petition No. 4028 of 2006<lb/> Judgment Reserved on: 07.07.2016<lb/> Judgment delivered on: 26.08.2016<lb/></reference>

	<docTitle>
	<titlePart>Ku. Varsha Dongre D/o Shri Sukhiram Dongre, Aged About 23<lb/> Years R/o Civil Lines Kawardha, District-Kabirdham, Chhattisgarh<lb/></titlePart>
	</docTitle>

	----Petitioner Versus<lb/>
	<byline>
	<affiliation>1.<lb/> State Of Chhattisgarh Through The Chief Secretary D.K.S.<lb/></affiliation>
	</byline>

	<address>Bhawan, Raipur, Chhattisgarh.<lb/></address>

	<byline>
	<affiliation>2.<lb/> The Chhattisgarh Public Service Commission, Through Its<lb/> Secretary Shankar Nagar,</affiliation>
	</byline>

	<address>Raipur, Chhattisgarh.<lb/></address>

	<byline>
	<affiliation>3.<lb/> The Chairman, Chhattisgarh Public Service Commission,</affiliation>
	</byline>

	<address>Shankar<lb/> Nagar, Raipur, Chhattisgarh<lb/> 4.<lb/> Usha Kiran Barai R/o Harvinder Readymade Stores, 27 Kholi Vikas<lb/> Nagar, Bilaspur, Chhattisgah 495001<lb/> 5.<lb/></address>

	<note type="funding">Sarika Ramtake R/o C/o Shri N. Ramteke 23/3, Nehru Nagar, East<lb/> Bhilai Nagar, District-Durg, Chhattisgarh 490020<lb/> 6.<lb/> Ajay Sharma R/o Q/no. 19/ E Street No. 16, Sector-2, Bhilai Nagar,<lb/></note>

	<address>District-Durg, Chhattisgarh 490001<lb/> 7.<lb/></address>

	<byline>
	<docAuthor>Manoj Kumar Larorker R/o Sanichari Bazar</docAuthor>
	</byline>

	,
	<address>Appapura, Near Police<lb/> Line Durg, District-Durg, Chhattisgarh 491001<lb/> 8.<lb/></address>

	<byline>
	<docAuthor>Ku. Padmini Bhoi R/o Nav Durga Chowk, Ravi Nagar, Behind<lb/></docAuthor>
	</byline>

	<byline>
	<affiliation>Pujari School,</affiliation>
	</byline>

	<address>Raja Talab, Raipur, Chhattisgarh 492001<lb/> 9.<lb/></address>

	<reference>Ku. Jayshree Jain R/o Shree Mahamaya General Store, Main<lb/> Road, Bishrampur, District-Surguja, Chhattisgarh 497226<lb/> 10. Smt. Chandan Sanjay Tripathi R/o Shri Sanjay Tripathi, Forest<lb/> Colony R.O. Lormi, District-Bilaspur, Chhattisgarh 495001<lb/> 11. Priyanka Thawait R/o C/o Mr. Manharan Lal Thaiwait, Village Man<lb/> Road Pamgarh, District Janjgir-Champa, Chhattisgarh 495554<lb/> 12. Fariya Aalam R/o Smt. Lmlsat Siddiquie Street Civil Line, Link<lb/> Road, Bilaspur, District Bilaspur, Chhattisgarh 495001<lb/> 13. Roktima Rai C/o Ravindra Nath, D.P. Rai Bhawan, New Sarkanda,<lb/> Bengali Para, Bilaspur, District Bilaspur, Chhattisgarh 495001 2<lb/> 14. Deepak Kumar Agrawal R/o C/o Mittal General Store, Village-<lb/>Pondi Uprora, Tehsil-Katghora, District-Korba, Chhattisgarh<lb/> 15. Sanjay Kannoje R/o Ward No.02, Garibabandh, P.O. Gariyabandh,<lb/> District-Raipur, Chhattisgarh 493889<lb/> 16. Ku. Tulika Prajapati R/o Near Government Hospital Manipur Ward<lb/> 26, Bathupara, Ambikapur, District Surguja, Chhattisgarh 497001<lb/> 17. Sukhnath Mochi R/o Janak Cycle Store P.O. Lormi Block-0,<lb/> Bilaspur, District Bilaspur, Chhattisgarh 495001<lb/> 18. Bhagwan Singh Uiky C/o Smt. Saroj Dubey Village Dubatiya<lb/> Bilaspur, 495119<lb/></reference>

	19
	<byline>
	<docAuthor>. Ku.<lb/> Leena<lb/> Dhruv<lb/> R/o<lb/> D/o<lb/> I.R.<lb/> Dhruv<lb/></docAuthor>
	</byline>

	Telephone<lb/>
	<address>Exchange,Bhatapara, District Raipur, Chhattisgarh 493118<lb/> 20. Ku. Santan Devi Jangde, R/o M I G-60 Nehru Nagar, Bilaspur,<lb/> District Bilaspur, Chhattisgarh 495001<lb/> 21. Nivedita Pal R/o Rajeev Vihar Seepat Road, Behind Kiesri<lb/> Complex, Bilaspur, District Bilaspur, Chhattisgarh 495001<lb/></address>

	<byline>
	<docAuthor>22. Illa Tiwari R/o C/o R.L.Pandey, C M O Nagar Palika</docAuthor>
	</byline>

	,
	<address>Akaltara,<lb/> District Janjgir-Champa, Chhattisgarh<lb/></address>

	<byline>
	<docAuthor>23. Om Prakash Sharma R/o House No. A1/</docAuthor>
	</byline>

	<byline>
	<affiliation>29 Irrigation Colony Darri<lb/></affiliation>
	</byline>

	<address>Korba, District Korba, Chhattisgarh<lb/></address>

	<byline>
	<docAuthor>24. Neeraj Kumar Chandrakar C/o Shri B.B.Likhar, D-37 Pt. R.S.S.U.<lb/> Rohini Puram, Raipur, Chhattisgarh<lb/> 25. Gayatri Singh R/o C/o Mumtaz Ali,</docAuthor>
	</byline>

	<byline>
	<affiliation>In Front Of Surya Bhawan,<lb/></affiliation>
	</byline>

	<address>Juna-Bilaspur, District Bilaspur, Chhattisgarh<lb/></address>

	<byline>
	<docAuthor>26. Kamleshwar Prasad Chandel R/o D-11, Aashirwad Bhawan,<lb/></docAuthor>
	</byline>

	<reference>Adarsh Nagar, Durg, District Durg, Chhattisgarh 491001<lb/> 27. Neeha Pandey R/o House No. B-11, Priyadarshani Nagar,<lb/> Bilaspur, District Bilaspur, Chhattisgarh 495001<lb/> 28. Megha Temburker R/o A.D.J. Civil Line, Balod-Durg, Chhattisgarh<lb/> 29. Manisha Thakur R/o Housing Board Colony, Lal Bagh,<lb/> Rajnandgaon, District Rajnandgaon, Chhattisgarh 491441<lb/> 30. Jyoti Singh R/o Near Police Station, Post-Khadgaman Chirmiri,<lb/> District-Koriya, Chhattisgarh, 497449<lb/> 31. Prashant Lal R/o Q.No. F-12, Civil Lines Gandhi Chowk,<lb/> Ambikapur, District-Surguja, Chhattisgarh, 497001<lb/> 32. Diwakar Singh Rathor R/o S/o D.S. Rathore, Ward No. 10, Nagar<lb/> Panchayat Lormi, District Bilaspur, Chhattisgarh 495115 3<lb/> 33. Suomya Chourisya R/o At-2a/</reference>

	<byline>
	<affiliation>2 Pump House Colony,</affiliation>
	</byline>

	<address>Korba,<lb/> District-Korba, Chhattisgarh 495677<lb/></address>

	<byline>
	<docAuthor>34. Bhavesh Kumar Dubey R/o C/o Smt. Saroj Dubey,</docAuthor>
	</byline>

	<address>Village-<lb/>Dubatiya, District Bilaspur, Chhattisgarh 495119<lb/> 35. Minikashi Shukla R/o At-Jorapara, New Sarkanda, Bilaspur,<lb/> District Bilaspur, Chhattisgarh 495001<lb/></address>

	<byline>
	<docAuthor>36. Shradha Trivedi R/o C/o S.N.Trivedi H-2/</docAuthor>
	</byline>

	<byline>
	<affiliation>50 Narmada Nagar,<lb/></affiliation>
	</byline>

	<address>Bilaspur, District Bilaspur, Chhattisgarh 495001<lb/></address>

	<byline>
	<docAuthor>37. Mohammad Imran Khan R/o M.Q. Khan,</docAuthor>
	</byline>

	<byline>
	<affiliation>Near Chhattisgarh<lb/> College,</affiliation>
	</byline>

	<address>Byron Bazar, Raipur, District Raipur, Chhattisgarh 492001<lb/> 38. Ku. Jotsana Tiwari R/o 56 Kadambani Nagar, Dhamdha Road<lb/> Durg, District Durg, Chhattisgarh 491001<lb/> 39. Neeraj Kumar Mishra R/o House No. A-11, Basera Colony,<lb/> Bhartiya Nagar, Biaspur, District Bilaspur, Chhattisgarh 495001<lb/></address>

	<byline>
	<docAuthor>40. Sushil Kumar Gajbheya R/o Pappu Aata Chakki Koorin-Bhatha<lb/> Stadium Raod, Rajnandgaon, District Rajnandgaon, Chhattisgarh<lb/> 41. Rajeev Singh Chouhan R/o C/o S.S. Sengar Profees, T.C.B.<lb/></docAuthor>
	</byline>

	<byline>
	<affiliation>College Of Agriculture &amp; Research State Sarkanda Form Bilaspur,<lb/></affiliation>
	</byline>

	<address>Chhattisgarh 495001<lb/></address>

	42. Shardha Thaiwait R/
	<note type="copyright">o C/o S.K. Chourasiya Near Old Bus Stand,<lb/></note>

	<address>Janjgir, District Janjgir-Champa, Chhattisgarh 495668<lb/></address>

	<byline>
	<affiliation>43. Satendra Shah R/o Beside Patwari Office, Shanti Lodge Road,<lb/></affiliation>
	</byline>

	<address>Juna Bilaspur, District Bilaspur, Chhattisgarh 495001<lb/></address>

	44.
	<note type="funding">Chandra Prabha R/o Qtr. No. 11/ C Street No.-16, Sector-2 Bhilai,<lb/> District-Durg, Chhattisgarh<lb/> 45. Deepak Singh R/o C/o Dau Singh Rai, Near Old Bus Stand, Behind<lb/> Of Old Rojgar,</note>

	<address>Karyalaya Purani Basti, Korba, District Korba,<lb/> Chhattisgarh 495678<lb/></address>

	<reference>46. Ravi Netam R/o Near New Jain Temple Civil Lines No.7 Jagdalpur<lb/> District Bastar, Chhattisgarh 494001<lb/> 47. Sushama Thakur R/o 262-B/11 S.A. Type, North Avenue Dalli<lb/> Rajhara, District Durg, Chhattisgarh 491228<lb/> 48. Gandhilal Bharadwaj R/o Village P.O. Hasad, Via-Birna-</reference>

	<byline>
	<affiliation>Near<lb/> Electric Office,</affiliation>
	</byline>

	<address>Hasod, Janjgir, District Janjgir-Champa,<lb/> Chhattisgarh 495661<lb/> 49. Vijay Sen Sharma R/o Besera Colony, Bharti Nagar, Bilaspur,<lb/> District Bilaspur, Chhattisgarh 495001</address>

	4<lb/>
	<byline>
	<docAuthor>50. Sonal Khanduja R/o Dr. Sanjeev Khanduja, Gandhi Chowk,<lb/></docAuthor>
	</byline>

	<address>Bilaspur, District Bilaspur, Chhattisgarh 495001<lb/></address>

	<byline>
	<affiliation>51. Soniya Nayak C/o Tuteja Tutorials Punjabi Colony, Dayalband,<lb/></affiliation>
	</byline>

	<address>Bilaspur, District Bilaspur, Chhattisgarh 495001<lb/> 52. Gopal Verma R/o Village P.O. Bhainsa, Via-Hathband, Raipur,<lb/> District-Raipur, Chhattisgarh 493113<lb/></address>

	<byline>
	<affiliation>53. Rakhi Goyal R/o Pragati Enterprises Near S.B.I. Gandhiganj,<lb/></affiliation>
	</byline>

	<address>Raigarh, Chhattisgarh 496001<lb/> 54. Chhatram Mhilong R/o Village Faraswani, District Janjgir-Champa,<lb/> Chhattisgarh 495688<lb/></address>

	<byline>
	<affiliation>55. Ajay Kumar Dewangan R/okesarpara, Uttar Chkradhar Nagar,<lb/></affiliation>
	</byline>

	<address>Raigarh, District Raigarh, Chhattisgarh 496001<lb/></address>

	<note type="funding">56. Yachana Tambe R/o Street No. 26, Qr. No. 7/ B Nandani Nagar,<lb/></note>

	<address>Durg, District Durg,chhattisgarh 490036<lb/></address>

	<byline>
	<docAuthor>57. Bhawana Netam R/o D/o Dr. Anand Netam, Dak Banglow Ward,<lb/></docAuthor>
	</byline>

	<address>Dhamtari, District-Dhamtari, Chahttisgarh 493773<lb/> 58. Karuna Minj R/o New Basti-1, Raja Talab, Raipur, District Raipur,<lb/> Chhattisgarh 492001<lb/></address>

	<byline>
	<docAuthor>59. Ratan Kumar Aaich R/o C/o Shitali Vestralya, Post Kapsi, District<lb/> Kanker, Chhattisgarh 494771<lb/> 60. Arvind Kumar Patle R/o H I G R/ B 15,</docAuthor>
	</byline>

	<reference>Parijat Extension, Nehru<lb/> Nagar, District Bilaspur, Chhattisgarh 495001<lb/> 61. Neetu Notani R/o Jai Santoshi Maa Niwas, Old Power House Main<lb/> Road, Torwa, District-Bilaspur, Chhattisgarh 495001<lb/> 62. Nohar Singh Thakur R/o Plot No. 70, Borsi Road, New Adarsh<lb/> Nagar, Durg, District Durg, Chhattisgarh<lb/> 63. Balmukund Tamboli R/o Post Village-Chhatona, District-Bilaspur,<lb/> Chhattisgarh 495222<lb/> 64. Gurpreet Kaur Hora R/o Post Sargaon, Via Bilha, District Bilaspur,<lb/> Chhattisgarh 495224<lb/> 65. Sunil Kumar Singh R/o Duttarcade Phase 2, Second Floor, Plot<lb/> No.7, South Civil Line, Jabalpur (M.P.) 482001<lb/> 66. Seema Agrawal R/o C/o Shri Shiv Kumar Agrawal, Near Ram<lb/> Mandir, Sakti, District Janjgir-Champa, Chhattisgarh, 495539<lb/> 67. Pawan Kumar Gupta R/o Khanuja Colony, Tahsil Dindori (M.P.) 481880 5<lb/> 68. Ismat Jahangdani R/o D/o Mansur Ahmed Dani, Basna General<lb/> Store, Basna, District Mahasamund, Chhattisgarh 493554<lb/> 69. Heralal Dewangan R/o Ii/18 C.M.P.F. Colony, Near Telephone<lb/> Exchange, Rajkishore Nagar, District Bilaspur, Chhattisgarh 495001<lb/> 70. Jitendra Nagesh R/o C/o Radha Dewangan, Mahadev Ghat Road,<lb/></reference>

	<address>Shiv Mandir Ward-3, Jagdalpur, District-Bastar, Chhattisgarh 494001<lb/> 71. Anju Nayak R/o Block Colony, Bastar, District-Bastar,<lb/> Chhattisgarh 494223<lb/></address>

	<byline>
	<affiliation>72. Kiran Markam R/o Dindyal Updhaya Nagar,</affiliation>
	</byline>

	<address>Sector-3, M I G 114 A,<lb/> Raipur, District Raipur, Chhattisgarh 492010<lb/></address>

	<reference>73. Chandresh Singh Shishodiya R/o Civil Line, Qr. No. 18, Near<lb/> Bharat Talkies, Dharamjaigarh, District Raigarh, Chhattisgarh<lb/> 74. Kiran Kaoshal Old Pipe Factory Road, New Shanti Nagar, Raipur, Chhattisgarh<lb/> 75. Sunil Choudhary R/o C/o K.L. Choudhary, Dy. Commissioner, Land<lb/> Record, Bilaspur, District Bilaspur, Chhattisgarh 495001<lb/> 76. Vivek Kumar Upadhaya R/o 555 C, Baghambari Gaddi, Allahpur,<lb/> Allahbad (U.P.) 211006<lb/> 77. Muktanand Khuten R/o C/o Dewangan Bhawan, Nayapara,<lb/> Titurdih, Durg, Chhattisgarh<lb/> 78. Ramesh Kumar Sahu R/o S/o B.Sahu, Vice Principal, Government<lb/> Girls Higher Secondary School, District Bilaspur, Chhattisgarh 495001<lb/> 79. Renu Prakash R/o Qtr. No. 2/ B St. No. 23, Sector-2, Bhilai Nagar,<lb/> District-Durg, Chhattisgarh<lb/> 80. Priyanka Thakur R/o Dr. No. C-19, Awanti Vihar,</reference>

	<address>Sector-1,<lb/> Telibandha, Raipur, Chhattisgarh<lb/></address>

	<byline>
	<affiliation>81. Shaile Thakur R/o Laxmi Nagar, Near Nahar Dawda Colony,<lb/></affiliation>
	</byline>

	<address>Raipur, Chhattisgarh<lb/></address>

	<byline>
	<docAuthor>82. Suodagar Singh Tandey R/o Block No.-4, Karamchari Awas,<lb/></docAuthor>
	</byline>

	<byline>
	<affiliation>Damakheda,</affiliation>
	</byline>

	<address>Via-Simga, District-Raipur, Chhattisgarh 492101<lb/> 83. Ajay Birthare R/o Kedia Colony-Pendra Road, District-Bilaspur, Chhattisgarh<lb/></address>

	<byline>
	<docAuthor>84. Bharti Singh Rajput R/o Rajapara,</docAuthor>
	</byline>

	<byline>
	<affiliation>Post Office Chhuri,</affiliation>
	</byline>

	<address>Tahsil-<lb/>Katghora, District-Korba, Chhattisgarh 6<lb/></address>

	<byline>
	<affiliation>85. Govind Singh Kumti R/o Government Higher Secondary School,<lb/></affiliation>
	</byline>

	<address>Sukma, District-Dantewada, Chhattisgarh<lb/></address>

	<byline>
	<docAuthor>86. Vikas Maheshwari R/o Kachhari Chowk,</docAuthor>
	</byline>

	<byline>
	<affiliation>Near Co-Operative Bank,<lb/></affiliation>
	</byline>

	<address>Manjhapara, District Kanker, Chhattisgarh 494334<lb/> 87. Sunita Kesharwani R/o Jagatram Chhabra, Punjabi Colony,<lb/> Dayalband, Bilaspur, Chhattisgarh<lb/></address>

	<byline>
	<docAuthor>88. Mahesh Singh Rajput R/o Village Manjgaon, Post Lormi, District-<lb/>Bilaspur, Chhattisgarh<lb/> 89. Amit Kumar Gupta R/o Khanooja Colony, Dindori (M.P.) 481880<lb/> 90. Shailendra Kumar Bandoniya R/o M I G 27, Dr. S.P.M. Nagar,<lb/> Damoh (M.P.) 470661<lb/> 91. Sudhanshu Saxena R/o E6/97 Arrera Colony, Bhopal (M.P.)<lb/> 92. Smt. Poonam Mishra R/o Shivaji Chowk, Santoshi Nagar, Raipur, Chhattisgarh<lb/> 93. Jageshwar Prasad Kaushal R/o C/o N.K. Patel, Near Jain Kirana<lb/> Store, Pt. Ravishakar Nagar, Kukurbeda, Raipur, Chhattisgarh<lb/> 94. Prakash Kumari Tondon R/o 296/ K Vishali Sector</docAuthor>
	</byline>

	,
	<address>Bhilai Nagar,<lb/> District-Durg, Chhattisgarh<lb/></address>

	<byline>
	<affiliation>95. Kumari Rajani Bhagat R/o In Front Of Prince Of Peas School,<lb/></affiliation>
	</byline>

	<address>Bhojpur, District Janjgir-Champa, Chhattisgarh, 495671<lb/> 96. Geeta Rajput R/o Awantika Colony, Qr. No. D-11, Jagdalpur,<lb/> District-Bastar, Chhattisgarh<lb/></address>

	<byline>
	<docAuthor>97. Ban Singh R/o Vivekanand Ashram, Raipur, Chhattisgarh<lb/> 98. Prakesh Gupta R/o Ram Kund, Raipur, Chhattisgarh<lb/> 99. Meena Mishra R</docAuthor>
	</byline>

	<byline>
	<affiliation>/o In Front Of Convent School,</affiliation>
	</byline>

	<address>Bishrampur,<lb/> Satpata, District-Surguja, Chhattisgarh 497226<lb/> 100. Prashant Shukla Mungeli Road, Village-Pandariya, District-<lb/>Bilaspur, Chhattisgarh 495337<lb/></address>

	101.
	<byline>
	<docAuthor>Rajendra Ku. Jaiswal R/o Mungeli Road, Nahar Ke Paas, Lormi,<lb/></docAuthor>
	</byline>

	<byline>
	<affiliation>District-Bilaspur,</affiliation>
	</byline>

	<address>Chhattisgarh<lb/></address>

	<byline>
	<docAuthor>102. Gyatri Kumar Sarthi R/o Brahmanpara</docAuthor>
	</byline>

	,
	<address>Bhatgaon, District-Raipur,<lb/> Chhattisgarh 493222<lb/></address>

	<byline>
	<affiliation>103. Nilmani Toppo R/o Postal Colony,</affiliation>
	</byline>

	<address>Kotra Road, Raigarh, Chhattisgarh<lb/></address>

	<byline>
	<docAuthor>104. Bharat Singh R/o C/o Mr. Lakhan Singh Dhruve,</docAuthor>
	</byline>

	<byline>
	<affiliation>Village-<lb/>Aurabandha, Post-Beghakapa, Tehsil-Lormi, District-Bilaspur,<lb/></affiliation>
	</byline>

	<address>Chhattisgarh, 495115 7<lb/></address>

	<byline>
	<docAuthor>105. Nitin Kumar Khanduja R/o Mannu Chowk, Tikrapara,</docAuthor>
	</byline>

	<byline>
	<affiliation>In Front Of<lb/> Matriya Chhahya,</affiliation>
	</byline>

	<address>Bilaspur, Chhattisgarh<lb/></address>

	<byline>
	<docAuthor>106. Ajay Kumar Agrawal R/o M.G.Road, Bazar Ward, Mahasamund,<lb/> Chhattisgarh 493445<lb/> 107. Ashok Kumar R/o C/o Mukesh Electrical Shop, Main Road Banki<lb/> Mongara, Korba, Chhattisgarh 495447<lb/> 108. Amit Kumar Shrivastava R/o C/o N.L. Shrivastava, Gaya Vihar,<lb/></docAuthor>
	</byline>

	<address>Sarkanda, Bilaspur, Chhattisgarh<lb/> 109. Aditya Sharma R/o Subhadra Sadan, Opp. Tripura Medicos, Vidya<lb/> Nagar, Bilaspur, Chhattisgarh<lb/></address>

	<byline>
	<docAuthor>110. Ajay Kumar Pandey R/o C/o M.D. Sharma, Qr. No. 54/2074, Shanti<lb/> Vihar Colony, Daganiya, Raipur, Chhattisgarh<lb/> 111. Ravendra Ku. Pandey R/o S/o R.C.Pandey,</docAuthor>
	</byline>

	<byline>
	<affiliation>Post-Jarve Hardi,<lb/></affiliation>
	</byline>

	<address>Bilaspur, Chhattisgarh<lb/></address>

	<byline>
	<docAuthor>112. Rakesh Kumar Singh Rathor R/o C/o Shri O.P.Rathor</docAuthor>
	</byline>

	,
	<address>Sindhi<lb/> Colony, Champa, District Janjgir-Champa, Chhattisgarh<lb/></address>

	<reference>113. Vimla Devi Dixit R/o F-20 Near, Panchsheel, Nagar, Behind C.G.<lb/> Club, Raipur, Chhattisgarh<lb/> 114. Ganga Upadhya R/o Behind Balaji Mandir, Jashpur Nagar, District<lb/> Jashpur, Chhattisgarh 496331<lb/> 115. Anjali Shrivastava R/o House No. 350, Gandhi Nagar, Bilaspur, Chhattisgarh<lb/> 116. Richa Mishra R/o C/5 Ratan Nagar, Madan Mahal, Jabalpur (M.P.)<lb/> 117. Nishtha Pandey R/o Qr. No. Nb-2, C.S.E.B. Colony (Old) Tifra<lb/> Bilaspur, Chhattisgarh 495001<lb/> 118. Sirajuddin Kureshi R/o L I G-14, Indrawati Colony, Raja Talab,<lb/> Raipur, Chhattisgarh<lb/> 119. Dindayal Patel R/o Village Post-Tundra, Via-Katangi, Tahsil-<lb/>Kashdol, District Raipur, Chhattisgarh 493344<lb/> 120. Samidha Pandey R/o Ram Temple Road, Tilak Nagar, In Front Of<lb/> Bharat Press, Tilak Nagar Bilaspur, Chhattisgarh 495001<lb/> 121. Janardan Singh Kaurav R/o Kaurav Sadan, House No.66, River<lb/> View Colony, Morar, Gwalior (M.P.) 474006<lb/></reference>

	<byline>
	<affiliation>122. Pankaj Kumar Shukla R/o Shukla Kirana Store,</affiliation>
	</byline>

	<address>Belghana, District-<lb/>Bilaspur, Chhattisgarh<lb/></address>

	<byline>
	<docAuthor>123. Suryakiran Tiwari R/o C/o Dinesh Tiwari,</docAuthor>
	</byline>

	<byline>
	<affiliation>Nayab Tehsildar,<lb/></affiliation>
	</byline>

	<address>Champa, District-Janjgir-Champa, Chhattisgarh<lb/></address>

	<byline>
	<docAuthor>124. Gopal Prasad Sharma R/o C/o Bhishambhar Yadav,</docAuthor>
	</byline>

	<byline>
	<affiliation>Near Of Soil<lb/> Survey Office,</affiliation>
	</byline>

	<address>Barchhapara, Sarkanda, Bilaspur, Chhattisgarh<lb/></address>

	<docTitle>
	<titlePart>125. Raksha Nadha Seikh R/o Income Tax Office, College Road, Baitul<lb/> (M.P.) 460001<lb/></titlePart>
	</docTitle>

	<byline>
	<docAuthor>126. Nilesh Jain R/o M I G-29 Anand Nagar, Adhartal, Jabalpur (M.P.)<lb/> 127. Umesh Kumar Agrawal R/o S/o Shri Shyam Murti Agrawal,<lb/> Agrawalpara, Tehsil-Arang, District-Raipur, Chhattisgarh 493441<lb/> 128. Rajendranath Tiwari R/o C/o A.K.Tripathi, L I G-28, Indrawati<lb/> Colony, Raipur, Chhattisgarh<lb/> 129. Roshani Tiwari R/o C/o Dr. G.N.Tiwari, Jawahar Nagar, Kharsiya,<lb/></docAuthor>
	</byline>

	<byline>
	<affiliation>District-Raigarh,</affiliation>
	</byline>

	<address>Chhattisgarh 495663<lb/> 130. Arvind Kumar Vani R/o Behind Block Colony, Pamgarh, District-<lb/>Janjgir-Champa, Chhattisgarh 495554<lb/></address>

	<byline>
	<docAuthor>131. Vijay Kumar Tamboli R/o S/o Shri B.P.Tamboli,</docAuthor>
	</byline>

	<byline>
	<affiliation>Village-Chhatarna,<lb/></affiliation>
	</byline>

	<address>Post-Hiri Mines, Chhatarna, Bilaspur, Chhattisgarh<lb/></address>

	<byline>
	<affiliation>132. Ravikant Jaiswal R/o C/o Paresh Rajput, Chandani Chowk,<lb/></affiliation>
	</byline>

	<address>Kududand, Bilaspur, Chhattisgarh<lb/> 133. Vidya Kashyap R/o Katiya Para, Bajrang Chowk, Juna Bilaspur,<lb/> Bilaspur, Chhattisgarh<lb/></address>

	<reference>134. Gulapa Sahu R/o C/o M.R.Sahu, Lucky Provision Store, Dhamtari<lb/> Road, Deopuri, Raipur, Chhattisgarh 492015<lb/> 135. Thakur Ram Ratre R/o Village-Mulle, Post-Jeetam Gaon, Via-<lb/>Kurud, District-Dhamtari, Chhattisgarh 493663<lb/> 136. Mahendra Kumar Kuldeep R/o Behind Police Station,<lb/> Bhanupratappur, District-Kanker, Chhattisgarh 494669<lb/> 137. Sunil Kumar R/o House No.2/1435, Keshav Singh Marg, Chandani<lb/> Chowk, Kududand, Bilaspur, Chhattisgarh<lb/> 138. Deep Masih R/o Post-Bhainso,</reference>

	<address>Tehsil-Ramgarh, District-Janjgir-<lb/>Champa, Chhattisgarh 495553<lb/> 139. Nirupama Lonhare R/o Kunjvihar Colony, Qr. No. 6, Kmala College<lb/> Road, Rajnandgaon, Chhattisgarh<lb/></address>

	<byline>
	<docAuthor>140. Nidhi Kumar Soni R/o L I G-260, Veer Swarnkar Nagar, Tatiband<lb/> Raipur, Chhattisgarh<lb/> 141. Tapan Kumar Sori R/o 195/ A Rua Bandha Sector, Bhilai Nagar,<lb/></docAuthor>
	</byline>

	<byline>
	<affiliation>District-Durg,</affiliation>
	</byline>

	<address>Chhattisgarh<lb/> 142. Nirmala Thakur R/o House No. 5r, M I G-774, Sector-2, Pt.<lb/> Dindayal Upadhaya Nagar Raipur, Chhattisgarh<lb/></address>

	<byline>
	<docAuthor>66. Ku. Shraddha Thawait D/o Shri Satyendra Kumar Chourasia, Aged<lb/></docAuthor>
	</byline>

	About 28 Years R
	<byline>
	<affiliation>/o Behind Co-Operative Bank, Gandhi Chowk,<lb/></affiliation>
	</byline>

	<address>Janjgir, Distt. Janjgir-Champa, Chhattisgarh<lb/></address>

	----Respondents<lb/>
	<docTitle>
	<titlePart>For Petitioners<lb/> : In person.<lb/> For Respondents<lb/> : Dr. N.K. Shukla, Senior Advocate with Shri<lb/></titlePart>
	</docTitle>

	<byline>
	<docAuthor>B.D. Guru, Advocate, Shri Jugal Kishore<lb/> Gilda, Advocate General, Shri Kishore<lb/> Bhaduri, Shri Awadh Tripathi, Shri Sunil<lb/> Otwani, Shri Rajeev Shrivastava, Shri Ashish<lb/> Shrivastava, Shri Prafull N. Bharat, Shri H.C.<lb/> Shukla, Shri Manoj Paranjpe, Shri Prateek<lb/> Sharma, Shri Ashok Kumar Shukla, Shri<lb/> Atanu Ghosh, Shri Abhishek Sinha, Shri</docAuthor>
	</byline>

	15<lb/>
	<byline>
	<docAuthor>Parag Kotecha, Shri Anand Shukla, Shri<lb/> Sandeep Dubey, Shri Jitendra Pali, Shri<lb/> Aditya Tiwari, Shri Mateen Siddiqui, Ms.<lb/> Hamida Siddiqui, Shri Sourabh Dangi, Shri<lb/> Utkal Pradhan, Shri Arvind Dubey, Shri<lb/> Ravindra Agrawal, Shri Anant Bajpai, Shri<lb/> Pawan Kesharwani, Shri Vivek Shrivastava,<lb/></docAuthor>
	</byline>

	<byline>
	<affiliation>Shri Aman Kesharwani,</affiliation>
	</byline>

	<address>Shri Vivek Bhakta<lb/></address>

	and Shri Shailesh Puriya, Advocates for the<lb/> respective Respondents.<lb/> Hon&apos;ble Shri Deepak Gupta, Chief Justice
		</front>
	</text>
</tei>
