<?xml version="1.0"?>
<tei xml:space="preserve">
	<teiHeader>
		<fileDesc xml:id="83912" />
	</teiHeader>
	<text xml:lang="en">
		<front>
			<lb />
			<page>
				1
			</page>
			<extra>
				BEFORE
			</extra>
			<court>
				THE SPECIAL COURT CONSTITUTED UNDER THE
				<lb />
				SPECIAL COURT (TRIAL OF OF FENCES RELATING TO
				<lb />
				TRANSACTIONS IN SECURITIES) ACT, 1992 AT BOMBAY
			</court>
			<lb />
			<case_number>
				SUIT NO. 6 OF 1994
			</case_number>
			<lb />
			<petitioner>
				Standard Chartered Bank,
				<lb />
				a Company incorporated under
				<lb />
				the provisions of the laws of
				<lb />
				England and Wales and havi ng
				<lb />
				its Registered Office at 1,
				<lb />
				Aldermanbury Square, London
				<lb />
				EC2V 7SB, carrying on banking
				<lb />
				business in India and having
				<lb />
				one of its branches at 23-25,
				<lb />
				Mahatma Gandhi Road, Fort,
				<lb />
				Bombay -400 023.
			</petitioner>
			<lb />
			<extra>
				)
				<lb />
				)
				<lb />
				)
				<lb />
				)
				<lb />
				)
				<lb />
				)
				<lb />
				)
				<lb />
				)
				<lb />
				)
				<lb />
				)
				<lb />
				)
				<lb />
				..... Plaintiffs.
			</extra>
			<lb />
			<extra>
				Versus
			</extra>
			<lb />
			<respondent>
				(1) Andhra Bank Financial Services )
				<lb />
				Limited, a Company incorporated )
				<lb />
				under the provisions of the
				<lb />
				)
				<lb />
				Companies Act, 1956, having its
				<lb />
				)
				<lb />
				Registered Office at Andhra Bank )
				<lb />
				Buildings, Sultan Bazar, Hyderabad)
				<lb />
				-500 195 and one of its branch )
				<lb />
				offices at 11 Homi Mody Street,
				<lb />
				)
				<lb />
				Bansilal Building, 3rd Floor, Fort,
				<lb />
				)
				<lb />
				Bombay -400 023. )
			</respondent>
			<lb />
			<respondent>
				(2) Hiten P. Dalal, Bombay
				<lb />
				Indian Inhabitant, residing at
				<lb />
				201, Shanti Towers, Military Road,
				<lb />
				Maro!, Andheri (West), Bombay -
				<lb />
				400 059.
				<lb />
				)
				<lb />
				)
				<lb />
				)
				<lb />
				)
				<lb />
				)
				<lb />
				)
				<lb />
				)
			</respondent>
			<lb />
			<respondent>
				(3) Canara Bank, a nationalised
				<lb />
				)
				<lb />
				bank, constituted under the )
			</respondent>
			<lb />
			<extra>
				This Order is modified/corrected by Speaking to Minutes Order dated 14/10/2010
			</extra>
			<lb />
			<page>
				2
			</page>
			<lb />
			<respondent>
				provisions of the Banking
				<lb />
				)
				<lb />
				Companies (Acquisition &amp; Transfer )
				<lb />
				of Undertakings) Act, 1970,
				<lb />
				)
				<lb />
				having its head office at 112, J.C. )
				<lb />
				Road, Banga lore 560 002, as the )
				<lb />
				Principal Trustee of Ca nbank
				<lb />
				)
				<lb />
				Mutual Fund, a Trust having its
				<lb />
				)
				<lb />
				office at Orient House, 3rd
				<lb />
				)
				<lb />
				Floor, Adi Marzban Path, Ballard
				<lb />
				)
				<lb />
				Estate, Bombay -400038
				<lb />
				)
				<lb />
				)
			</respondent>
			<lb />
			<respondent>
				(4) V.R. Gupte
				<lb />
				)
			</respondent>
			<lb />
			<respondent>
				(5) Mrs. lshar Judge Ahluwalia
				<lb />
				)
			</respondent>
			<lb />
			<respondent>
				(6) M.N. Karnath
				<lb />
				)
			</respondent>
			<lb />
			<respondent>
				(7) N.V. Karnath
				<lb />
				)
			</respondent>
			<lb />
			<respondent>
				(8) P.R. Nayak
				<lb />
				)
			</respondent>
			<lb />
			<respondent>
				(9) D.M. Nanjundeppa
				<lb />
				)
			</respondent>
			<lb />
			<respondent>
				(10) M.M. Kh anna
				<lb />
				)
				<lb />
				)
				<lb />
				all being Trustees at the relevant )
				<lb />
				time/presently of the Can bank
				<lb />
				)
				<lb />
				Mutual Fund, a registered Trust,
				<lb />
				)
				<lb />
				having its office at Oriental House )
				<lb />
				2nd Floor, Adi Marzban Path,
				<lb />
				)
				<lb />
				Ballard Estate, Bombay -400 038 )
			</respondent>
			<lb />
			<extra>
				)
			</extra>
			<lb />
			<respondent>
				(11) The Custodian appointed
				<lb />
				)
				<lb />
				under the Special Court Act, 1992 )
				<lb />
				having office at 10 t h floor, Nari man )
				<lb />
				Bhavan, Nariman Point, Vinay K.
				<lb />
				)
				<lb />
				Shah Marg, Mumbai 400 021
				<lb />
				)
			</respondent>
			<extra>
				.... Defendants.
			</extra>
			<lb />
			<petitioner_lawyer>
				Mr. Ram jeth malani,
			</petitioner_lawyer>
			<extra>
				Senior Counsel with
			</extra>
			<petitioner_lawyer>
				Mr. T.K, .Cooper,
			</petitioner_lawyer>
			<lb />
			<petitioner_lawyer>
				Ms. Mehernaaz Sam Wadia i/b Hariani &amp; Co.
			</petitioner_lawyer>
			<extra>
				for the Plaintiffs.
			</extra>
			<lb />
			<respondent_lawyer>
				Mr. A.L. Pandya
			</respondent_lawyer>
			<extra>
				with
			</extra>
			<respondent_lawyer>
				Ms. Nina Kapadia
			</respondent_lawyer>
			<lb />
			<extra>
				i.b
			</extra>
			<respondent_lawyer>
				M/s Pandya
			</respondent_lawyer>
			<lb />
			<extra>
				Gandhy &amp; Co for Defendant No. l.
			</extra>
			<lb />
			<respondent_lawyer>
				Mr. M.P.S.Rao,
			</respondent_lawyer>
			<extra>
				Senior Advocate with
			</extra>
			<respondent_lawyer>
				Mr. Sunil Kale
			</respondent_lawyer>
			<lb />
			<extra>
				for
				<lb />
				Defendant No.2.
			</extra>
			<lb />
			<extra>
				This Order is modified/corrected by Speaking to Minutes Order dated 14/10/2010
			</extra>
			<lb />
			<page>
				3
			</page>
			<lb />
			<respondent_lawyer>
				Mr. Rohit Kapadia,
			</respondent_lawyer>
			<extra>
				Senior Counsel with
			</extra>
			<respondent_lawyer>
				Mr. Shaunak Thakker
			</respondent_lawyer>
			<lb />
			<extra>
				with
			</extra>
			<lb />
			<respondent_lawyer>
				Mr Pradeep Sancheti,
			</respondent_lawyer>
			<extra>
				Senior Advocate with
			</extra>
			<respondent_lawyer>
				Mr.
				<lb />
				Shreeniwas Deshmukh,
				Mr. Nilesh Parekh, Mr. Gandhar
				<lb />
				Raikar &amp; Ms. M. Sophia
			</respondent_lawyer>
			<extra>
				i/b
			</extra>
			<respondent_lawyer>
				M/s Mulla &amp; Mulla &amp;
			</respondent_lawyer>
			<extra>
				CBC for
				<lb />
				Defendant Nos. 3 to 10.
			</extra>
			<lb />
			<respondent_lawyer>
				Mr. J.Chandran
			</respondent_lawyer>
			<extra>
				with
			</extra>
			<respondent_lawyer>
				Ms. Shilpa Bhate
			</respondent_lawyer>
			<extra>
				i/b
			</extra>
			<respondent_lawyer>
				P.M. &amp; Mithi &amp; Co.
			</respondent_lawyer>
			<lb />
			<extra>
				for Defendant No.11/Custodian.
			</extra>
			<lb />
			<judge>
				Coram: V.M. KANADE, J.
				<lb />
				Judge, Special Court.
			</judge>
			<lb />
			<judgement_date>
				Date : 13 th July, 2010.
			</judgement_date>
			<lb />
			<document_type>
				JUDGMENT
			</document_type>
			<extra>
				:-
			</extra>
			<lb />
		</front>
	</text>
</tei>
