<?xml version="1.0"?>
<tei xml:space="preserve">
    <teiHeader>
        <fileDesc xml:id="839673" />
    </teiHeader>
    <text xml:lang="en">
        <front>
            <lb />
            <court>IN THE HIGH COURT OF JUDICATURE AT MADRAS</court>
            <lb />
            <judgement_date>DATED: 14.03.2022</judgement_date>
            <lb />
            <judge>
                CORAM
                <lb />
                THE HON&apos;BLE Mr.JUSTICE M.SUNDAR
            </judge>
            <lb />
            <case_number>W.P.No.5761 of 2022</case_number>
            <lb />
            <petitioner>
                K.V.Sankara Subramanian
                <lb />
                Managing Trustee
                <lb />
                Annadhanam Chatram at Kadayanallur
                <lb />
                belongs to Chozhia Brahmins of Kadayanallur Village
                <lb />
                D.No.6 Karimanickaperumal Koil East Street
                <lb />
                Kadayanallur -627 751.
                <lb />
                Kadayanallur Taluk, Tirunelveli District.
            </petitioner>
            <lb />
            <extra>
                ... Petitioner
                <lb />
                -Vs.-
            </extra>
            <lb />
            <respondent>
                1. The Secretary to Government
                <lb />
                Hindu Religious and Charitable Endowment Department
                <lb />
                Fort St.George, Chennai-600 009.
            </respondent>
            <lb />
            <respondent>
                2. The Commissioner
                <lb />
                Hindu Religious and Charitable Endowment
                <lb />
                Nungambakkam
                <lb />
                Chennai-600 034.
            </respondent>
            <lb />
            <respondent>
                3. The Executive Officer
                <lb />
                Chozhia Brahmins Annadhanam Trust at Kadayanallur/
                <lb />
                Arulmigu Gopalakrishnaswamy Temple
                <lb />
                Krishnapuram, Tenkasi Taluk
                <lb />
                Tirunelveli District.
            </respondent>
            <lb />
            <extra>
                .. Respondents
                </extra>
            <lb />
            <page>1/13</page>
            <lb />
            <extra>
                Prayer:-
                <lb />
                Writ Petition filed under Article 226 of the Constitution of India
                <lb />
                praying to issue a Writ of Mandamus, directing the 1st respondent herein
                <lb />
                to consider and dispose of the revision petition dated 27.07.2017 filed by
                <lb />
                the petitioner and followed by the reminder dated 03.02.2020 within the
                <lb />
                time frame.
                <lb />
                For Petitioner
                <lb />
                :
            </extra>
            <lb />
            <petitioner_lawyer>Mr.G.Nagarajan</petitioner_lawyer>
            <lb />
            <extra>For Respondents :</extra>
            <lb />
            <respondent_lawyer>Mr.N.R.R.Arun Natarajan</respondent_lawyer>
            <lb />
            <extra>
                Special Government Pleader
                <lb />
                for R1 &amp; R2
                <lb />
                Mr.R.Bharanidharan, for R3
                <lb />
                **
            </extra>
            <lb />
            <document_type>
                O R D E R
            </document_type>
        </front>
    </text>
</tei>