<?xml version="1.0"?>
<tei xml:space="preserve">
	<teiHeader>
		<fileDesc xml:id="83985" />
	</teiHeader>
	<text xml:lang="en">
		<front>
			<lb />
			<court>
				IN THE SPECIAL COURT {TRIAL OF OFFENCES RELATING TO
				<lb />
				TRANSACTIONS IN SECURITIES) AT BOMBAY
				<lb />
			</court>
			<case_number>
				MISCELLANEOUS PETITION N0.41 OF 1999
				<lb />
			</case_number>
			<petitioner>
				The Custodian appointed under
				<lb />
				the Special Court {Trial of
				<lb />
				Of fences relating to transactions
				<lb />
				in securities)Ac t,1992 having his
				<lb />
				Mumbai Off ice at 9th floor,
				<lb />
				Nariman Bhavan, Vinay K.Shah Marg,
				<lb />
				Nariman Point,
				Mumbai -400021.
				<lb />
			</petitioner>
			<extra>
				. .. Petitioner
				<lb />
			</extra>
			<extra>
				vs .
				<lb />
			</extra>
			<respondent>
				1.Harshad S.Mehta {Deceased)
				<lb />
			</respondent>
			<respondent>
				l(a) Mrs.Jyoti H.Mehta,
				<lb />
			</respondent>
			<respondent>
				l(b) Mrs . Rasi la S.Mehta,
				<lb />
			</respondent>
			<respondent>
				l(c) Mr .Aatur H.Mehta
				<lb />
			</respondent>
			<respondent>
				2. Shri.Ashwin S.Mehta
				<lb />
			</respondent>
			<respondent>
				3. Shri.Hitesh S.Mehta
				<lb />
			</respondent>
			<respondent>
				4. Smt .Jyoti H.Mehta
				<lb />
			</respondent>
			<respondent>
				5. Smt.Deepika A. Mehta
				<lb />
			</respondent>
			<respondent>
				6. Smt.Pratima H.Mehta
				<lb />
				Indian Inhabitants, having their
				<lb />
				off ice at 1205-6
				<lb />
				Maker Chambers V, 221,
				<lb />
				Nariman Point, Mumbai -400021.
				<lb />
			</respondent>
			<respondent>
				7. M/s.Aatur Holdings Pvt .Ltd.
				<lb />
				a Company incorporated under the
				<lb />
				Companies Act, 1956 and having
				<lb />
				its office at 1205-6 Maker
				<lb />
				Chambers V, 221 Nar iman point,
				<lb />
				Mumbai-40002l .
				<lb />
			</respondent>
			<respondent>
				8. Commissioner of Income Tax .
				<lb />
				(Central-II,Mumbai having his
				<lb />
				Office at Aayakar Bhavan ,
				<lb />
				M.K.Road, Mumba i•-400020.
				<lb />
			</respondent>
			<respondent>
				9. Sudhir Mehta,
				<lb />
				having his office at
				<lb />
				1205- 6 , Maker Chambers V,
				<lb />
				221, Narirnan Point,
				<lb />
				Mumbai-400021 .
				<lb />
			</respondent>
			<respondent>
				10. Standard Chartered Bank
				<lb />
				(now owning and operating the
				<lb />
				business formerly known as ANZ
				<lb />
				Grindlays Bank Ltd. &amp; later
				<lb />
				Standard Chartered Grindlays
				<lb />
				Bank) a company incorporated
				<lb />
				under the provis ions of the
				<lb />
				laws of England and Wales and
				<lb />
				having its registered office
				<lb />
				at Aldermanbury Square ,
				<lb />
				London EC 2V 7S� carrying
				<lb />
				on banking business in India
				<lb />
				and having one of its branches
				<lb />
				at 23-25, Mahatma Gandhi Road
				<lb />
				Mumbai -4 00001 .
				<lb />
			</respondent>
			<respondent>
				10. Standard Chartered Bank
				<lb />
				(now owning and operating the
				<lb />
				business formerly known as ANZ
				<lb />
				Grindlays Bank Ltd. &amp; later
				<lb />
				Standard Chartered Grindlays
				<lb />
				Bank) a company incorporated
				<lb />
				under the provis ions of the
				<lb />
				laws of England and Wales and
				<lb />
				having its registered office
				<lb />
				at Aldermanbury Square ,
				<lb />
				London EC 2V 7S� carrying
				<lb />
				on banking business in India
				<lb />
				and having one of its branches
				<lb />
				at 23-25, Mahatma Gandhi Road
				<lb />
				Mumbai -4 00001 .
				<lb />
			</respondent>
			<respondent>
				11. State Bank of India, A
				<lb />
				Corporation incorporated under
				<lb />
				the provisions of the State
				<lb />
				Bank of India Act , 1955 having
				<lb />
				its Local Head Office at
				<lb />
				State Bank Bhavan, Madam Cama
				<lb />
				Road, Fort, Mumbai-40002 1.
				<lb />
			</respondent>
			<respondent>
				12 . SBI Capital Markets Ltd. a
				<lb />
				Company incorporated under the
				<lb />
				Companies Act , 1 956 and having
				<lb />
				its registered office at 202,
				<lb />
				Maker Tower, Cu f fe Parade
				<lb />
				Mumbai 4 00005.
				<lb />
			</respondent>
			<extra>
				. .. Respondents.
				<lb />
			</extra>
			<petitioner_lawyer>
				Mr .G.R.Joshi @ Mr . Shiraz Rustomjee &amp; Ms . Leena
				Adhvaryu &amp; Ms . Shilpa Bhate i /b. M/s .P.M .&amp;Mithi &amp;
			</petitioner_lawyer>
			<extra>
				Co ., for the Custodian/Peti tioner .
			</extra>
			<respondent_lawyer>
				Mr .I.H . Syed i /b.R .A. Shaikh
				<lb />
			</respondent_lawyer>
			<extra>
				, for the Respondents 1
				<lb />
				to 7,9 .
				<lb />
			</extra>
			<respondent_lawyer>
				Mr . B .M.Chatterjee
				<lb />
			</respondent_lawyer>
			<extra>
				, for Income Tax Dept . -Respdt-8 .
			</extra>
			<respondent_lawyer>
				Mr . Zal Andhyaruj ina with Ms . Amrita i/b . Dave &amp;
				Giri sh,
				<lb />
			</respondent_lawyer>
			<extra>
				for Respondent no . 10.
				<lb />
			</extra>
			<respondent_lawyer>
				Ms . Pratibha Mehta
			</respondent_lawyer>
			<extra>
				i /b. Little &amp;Co ., for Respondent
				<lb />
				nos . 1 1 , 12 /SBI .
				<lb />
			</extra>
			<respondent_lawyer>
				Mr . Pradeep Sancheti
				<lb />
			</respondent_lawyer>
			<extra>
				i /b. Mulla &amp; Mulla, for Canfina
				<lb />
			</extra>
			<judge>
				CORAM: D .K.DESHMUKB,J.
				<lb />
			</judge>
			<judgement_date>
				DATED: 30 April,2010
				<lb />
			</judgement_date>
			<document_type>
				JUDGMENT
				<lb />
			</document_type>
		</front>
	</text>
</tei>
