<?xml version="1.0" ?>
<tei xml:space="preserve">
	<teiHeader>
		<fileDesc xml:id="8593593"/>
	</teiHeader>
	<text xml:lang="en">
		<front>

	AFR<lb/>
	<reference>HIGH COURT OF CHHATTISGARH, BILASPUR<lb/> Criminal Appeal No.645 of 2004<lb/> Judgment Reserved on : 12.12. 2017<lb/> Judgment Delivered on : 31.1.2018<lb/></reference>

	<docTitle>
	<titlePart>1. Rustam, S/o Gujararam, aged about 22 years, R/o Laxmipur,<lb/> Khunthanpara, Ambikapur, District Surguja, Chhattisgarh<lb/> 2. Ganesh, S/o Sukhdev, aged about 19 years, R/o Darridand,<lb/> Ambikapur, District Surguja, Chhattisgarh<lb/> 3. Samat, S/o Amarsai Bhuinya, aged about 18 years, R/o Laxmipur<lb/> Mathpara, Ambikapur, District Surguja, Chhattisgarh<lb/> 4. Bhisam @ Bhima, S/o Barmat Bhuinya, aged about 26 years,<lb/> occupation Mechanic, R/o Darripara, Ambikapur, District Surguja, Chhattisgarh<lb/></titlePart>
	</docTitle>

	----Appellants versus<lb/>
	<docTitle>
	<titlePart>State of Chhattisgarh through the District Magistrate Ambikapur,<lb/> District Surguja, Chhattisgarh<lb/> ---Respondent<lb/></titlePart>
	</docTitle>

	<idno>-----------------------------------------------------------------------------------------------------</idno>

	<docTitle>
	<titlePart>-<lb/>For Appellants No.1, 2 and 4 : Shri Gautam Khetrapal and<lb/> Shri Jitendra Shrivastava, Advocates<lb/> For Appellant No.3<lb/> : Ms. Hamida Siddique, Advocate<lb/> For Respondent/State<lb/> : Shri Avinash Kumar Mishra, Panel Lawyer<lb/></titlePart>
	</docTitle>

	<idno>------------------------------------------------------------------------------------------------------<lb/></idno>

	<docTitle>
	<titlePart>Hon&apos;ble Shri Justice Pritinker Diwaker<lb/> Hon&apos;ble Shri Justice Arvind Singh Chandel<lb/></titlePart>
	</docTitle>

	C.A.V. JUDGMENT
		</front>
	</text>
</tei>
