<?xml version="1.0" ?>
<tei xml:space="preserve">
	<teiHeader>
		<fileDesc xml:id="8607899"/>
	</teiHeader>
	<text xml:lang="en">
		<front>

	AFR<lb/>
	<reference>HIGH COURT OF CHHATTISGARH, BILASPUR<lb/> Criminal Appeal No.482 of 1999<lb/> Judgment Reserved on : 5.12.2017<lb/> Judgment Delivered on : 27.2.2018<lb/></reference>

	<docTitle>
	<titlePart>1. Homan, son of Khorbehra, aged about 25 years,<lb/> 2. Hirmat Bai, wife of Khorbehra, aged about 50 years,<lb/> Both residents of Village Kesla, Police Station Aarang, District Raipur<lb/></titlePart>
	</docTitle>

	----Appellants versus<lb/>
	<docTitle>
	<titlePart>State of Madhya Pradesh (now Chhattisgarh)<lb/> ---Respondent<lb/></titlePart>
	</docTitle>

	<idno>-----------------------------------------------------------------------------------------------------</idno>

	<docTitle>
	<titlePart>-<lb/>For Appellants<lb/> : Shri P.P. Sahu and Shri Rajkumar Pali, Advocates<lb/> For Respondent/State : Shri Ravindra Agrawal, Panel Lawyer<lb/></titlePart>
	</docTitle>

	<idno>------------------------------------------------------------------------------------------------------<lb/></idno>

	<docTitle>
	<titlePart>Hon&apos;ble Shri Justice Arvind Singh Chandel<lb/></titlePart>
	</docTitle>

	<byline>
	<docAuthor>C.A.V. JUDGMENT</docAuthor>
	</byline>

		</front>
	</text>
</tei>
