<?xml version="1.0"?>
<tei xml:space="preserve">
	<teiHeader>
		<fileDesc xml:id="866160" />
	</teiHeader>
	<text xml:lang="en">
		<front>
			<lb />
			<court>
				IN THE HIGH COURT OF JUDICATURE AT MADRAS
				<lb />
			</court>
			<judgement_date>
				Reserved on: 08.04.2021
				<lb />
			</judgement_date>
			<judgement_date>
				Pronounced on: 19.04.2021
				<lb />
			</judgement_date>
			<judge>
				CORAM THE HONOURABLE DR.JUSTICE G.JAYACHANDRAN
				<lb />
			</judge>
			<extra>
				Original Application No.16 of 2021
				<lb />
				in
				<lb />
				Civil Suit No.5 of 2021
				<lb />
			</extra>
			<petitioner>
				Aadarsha Chitralaya Pvt.Ltd.,
				<lb />
				A Company incorporated under the Companies Act 1956,
				<lb />
				Having its office at
				<lb />
				Old No.20, New No.12, Flat No.A1,
				<lb />
				Ramanathan Street, Kambar Nagar,
				<lb />
				Mahalingapuram, Chennai-600 034.
				<lb />
			</petitioner>
			<extra>
				...
				<lb />
				Applicant/Plaintiff
				<lb />
			</extra>
			<extra>
				Vs
				<lb />
			</extra>
			<respondent>
				1.Arivahagan Venkatachalam
				<lb />
			</respondent>
			<respondent>
				2.M/s.Allin Pictures,
				<lb />
				No.35 B, 1
				st Street, Logananthan Nagar,
				<lb />
				Choolaimedu,
				<lb />
				Chennai-600 094.
				<lb />
			</respondent>
			<extra>
				...
				<lb />
				Respondents/Defendants
				<lb />
			</extra>
			<extra>
				Prayer:-This Application is filed under Order XIV Rule 8 of Original Side Rules
				<lb />
				read with Order XXXIX Rule 1 &amp; 2 and under Sections 151 of CPC prayed to
				<lb />
				grant an order of ad interim injunction, restraining the respondents/defendants,
				<lb />
				their men, agents, employees or anyone acting through or under them, from
				<lb />
			</extra>
			<extra>
				proceeding with the production, promotion or release of any film based on the
				<lb />
				script annexed herewith as Plaint Document No.3, under the title &quot;&apos;&apos;Zindabad&apos;&quot; or
				<lb />
				any other title, during the pendency of the present suit proceedings.
				<lb />
			</extra>
			<extra>
				For Applicant
				<lb />
				:
			</extra>
			<petitioner_lawyer>
				Mr.Satish Parasaran
				<lb />
			</petitioner_lawyer>
			<extra>
				, Sr.Counsel
				<lb />
				for Mr.R.Parthasarathy
			</extra>
			<extra>
				For Respondents
				<lb />
				:
			</extra>
			<respondent_lawyer>
				Mr.S.Karthikei Balan
				<lb />
			</respondent_lawyer>
			<extra>
				--------
				<lb />
			</extra>
			<document_type>
				O R D E R
				<lb />
			</document_type>
		</front>
	</text>
</tei>
