<?xml version="1.0"?>
<tei xml:space="preserve">
	<teiHeader>
		<fileDesc xml:id="86bb3fd158f11c6d76d7c0a9199ccf27" />
	</teiHeader>
	<text xml:lang="en">
		<front>
			<page>
				1
			</page>
			<lb />
			<court>
				BEFORE THE MADURAI BENCH OF MADRAS HIGH COURT
			</court>
			<lb />
			<judgement_date>
				DATED : 05.04.2016
			</judgement_date>
			<lb />
			<judge>
				CORAM :
				<lb />
				THE HONOURABLE MR.JUSTICE S.MANIKUMAR
				<lb />
				and
				<lb />
				THE HONOURABLE MR.JUSTICE C.T.SELVAM
			</judge>
			<lb />
			<case_number>
				Writ Petition(MD)No.5898 of 2016
			</case_number>
			<lb />
			<extra>
				and
			</extra>
			<lb />
			<case_number>
				W.M.P(MD)No.5231 of 2016
			</case_number>
			<lb />
			<petitioner>
				Senthil Kumar
				<lb />
				.... Petitioner
			</petitioner>
			<lb />
			<extra>
				vs.
			</extra>
			<lb />
			<respondent>
				1)The District Collector,
				<lb />
				Virudhunagar,
				<lb />
				Virudhunagar District.
			</respondent>
			<lb />
			<respondent>
				2)The Superintendent of Police,
				<lb />
				Virudhunagar,
				<lb />
				Virudhunagar District.
			</respondent>
			<lb />
			<respondent>
				3)The Tahsildar,
				<lb />
				Rajapalayam Taluk,
				<lb />
				Virudhunagar District.
				<lb />
				.... Respondents
			</respondent>
			<lb />
			<extra>
				Petition filed under Article 226 of the Constitution of India, for issuance of
				<lb />
				a Writ of Mandamus, forbearing the respondents from undertaking any
			</extra>
			<page>
				2
			</page>
			<lb />
			<extra>
				construction activity at Survey No.50/2, Chettiyarpatti Village, Thalavaipuram,
				<lb />
				which has been earmarked as Kalam Poromboke.
				<lb />
				For Petitioner
				<lb />
				:
			</extra>
			<petitioner_lawyer>
				Mr.R.Anand
			</petitioner_lawyer>
			<extra>
				for Mr.L.Bhagath Singh
				<lb />
				For Respondents
				<lb />
				:
			</extra>
			<respondent_lawyer>
				Mr.M.Alagadevan,
			</respondent_lawyer>
			<lb />
			<extra>
				Special Government Pleader
			</extra>
			<lb />
			<document_type>
				ORDER
			</document_type>
		</front>
	</text>
</tei>
