<?xml version="1.0"?>
<tei xml:space="preserve">
	<teiHeader>
		<fileDesc xml:id="870718" />
	</teiHeader>
	<text xml:lang="en">
		<front>
			<lb />
			<court>
				IN THE HIGH COURT OF JUDICATURE AT MADRAS
				<lb />
			</court>
			<judgement_date>
				Dated : 08.06.2021
				<lb />
			</judgement_date>
			<judge>
				CORAM:
				<lb />
				THE HONOURABLE Mr.JUSTICE M.SUNDAR
				<lb />
			</judge>
			<case_number>
				G.W.O.P.No.352 of 2020
				<lb />
				and
				<lb />
				A.Nos.1643 and 1644 of 2020
				<lb />
			</case_number>
			<petitioner>
				Akku Titus George @ Rebecca
				<lb />
			</petitioner>
			<extra>
				... Petitioner
				<lb />
			</extra>
			<extra>
				Vs.
				<lb />
			</extra>
			<respondent>
				Ajeet George B
				<lb />
			</respondent>
			<extra>
				... Respondent
				<lb />
			</extra>
			<extra>
				Prayer:
				Petition filed under Sections 3, 7-10 and Section 25 of the
				<lb />
				Guardians and Wards Act, 1890 read with Order XXI Rules 2, 3 and 11
				<lb />
				of O.S.Rules to appoint the petitioner as the Guardian of the person of
				<lb />
				the minor child Aandrea George, born on 12.10.2010, now aged 9 years
				<lb />
				and grant permanent custody of the person of the minor child, Aandrea
				<lb />
				George, born on 12.10.2010 now aged 9 years to the petitioner.
				<lb />
			</extra>
			<extra>
				For Petitioner
				<lb />
				:
				<lb />
			</extra>
			<petitioner_lawyer>
				Ms.B.Poongkhulali
				<lb />
			</petitioner_lawyer>
			<extra>
				For Respondent :
			</extra>
			<respondent_lawyer>
				Ms.V.Kamala Kumar
			</respondent_lawyer>
			<document_type>
				ORDER
				<lb />
			</document_type>
		</front>
	</text>
</tei>
