<?xml version="1.0"?>
<tei xml:space="preserve">
	<teiHeader>
		<fileDesc xml:id="893415" />
	</teiHeader>
	<text xml:lang="en">
		<front>
			<lb />
			<page>
				Page 1 of
				
				50
				<lb />
			</page>
			<court>
				*
				<lb />
				IN THE HIGH COURT OF DELHI AT NEW DELHI
				<lb />
			</court>
			<case_number>
				+
				<lb />
				C.R.P No.969/2001
				<lb />
			</case_number>
			<judgement_date>
				%
				<lb />
				Date of Decision: 06.05.2011
				<lb />
			</judgement_date>
			<petitioner>
				Sh. Amit Gupta &amp; Ors.
				<lb />
			</petitioner>
			<extra>
				…. Petitioners
				<lb />
			</extra>
			<extra>
				Through
				<lb />
			</extra>
			<petitioner_lawyer>
				Mr. Sheetesh Khanna,
				<lb />
			</petitioner_lawyer>
			<extra>
				Advocate.
				<lb />
			</extra>
			<extra>
				Versus
				<lb />
			</extra>
			<respondent>
				Sh.Dwarka Nath @ Mast Ram Through his
				<lb />
				LRs &amp; Ors.
				<lb />
			</respondent>
			<extra>
				…. Respondents
				<lb />
			</extra>
			<extra>
				Through
				<lb />
			</extra>
			<respondent_lawyer>
				Mr. Anuj Gupta
				<lb />
			</respondent_lawyer>
			<extra>
				, Advocate for the
				<lb />
				respondent No. 2
				<lb />
			</extra>
			<judge>
				CORAM:
				<lb />
				HON&apos;BLE MR. JUSTICE ANIL KUMAR
			</judge>
		</front>
	</text>
</tei>
