<?xml version="1.0"?>
<tei xml:space="preserve">
	<teiHeader>
		<fileDesc xml:id="902041" />
	</teiHeader>
	<text xml:lang="en">
		<front>
			<lb />
			<extra>
				$~S~
				<lb />
				*
				<lb />
			</extra>
			<court>
				IN THE HIGH COURT OF DELHI AT NEW DELHI
				<lb />
			</court>
			<judgement_date>
				Date of decision:
				20th December, 2021
				<lb />
			</judgement_date>
			<case_number>
				+
				<lb />
				CRL.A. 37/2020
				<lb />
			</case_number>
			<petitioner>
				KAMAL
				<lb />
			</petitioner>
			<extra>
				…. Appellant
				<lb />
			</extra>
			<extra>
				Through:
				<lb />
			</extra>
			<petitioner_lawyer>
				Mr. C. K. Chaturvedi
				<lb />
			</petitioner_lawyer>
			<extra>
				, Advocate.
				<lb />
			</extra>
			<extra>
				versus
				<lb />
			</extra>
			<respondent>
				STATE
				<lb />
			</respondent>
			<extra>
				…. Respondent
				<lb />
			</extra>
			<extra>
				Through:
				<lb />
			</extra>
			<respondent_lawyer>
				Mr. Ashish Dutta
				<lb />
			</respondent_lawyer>
			<extra>
				, APP for the State.
				<lb />
			</extra>
			<case_number>
				+
				<lb />
				CRL.A. 140/2020
				<lb />
			</case_number>
			<petitioner>
				&apos;A&apos;
				<lb />
			</petitioner>
			<extra>
				…. Appellant
				<lb />
			</extra>
			<extra>
				Through:
			</extra>
			<petitioner_lawyer>
				Mr. Chinmoy Pradeep Sharma
				<lb />
			</petitioner_lawyer>
			<extra>
				, Senior
				<lb />
				Advocate with
			</extra>
			<petitioner_lawyer>
				Ms. Rakhi Dubey and
				<lb />
				Mr. Himanshu Gera
				<lb />
			</petitioner_lawyer>
			<extra>
				, Advocates.
				<lb />
			</extra>
			<extra>
				versus
				<lb />
			</extra>
			<respondent>
				STATE
				<lb />
			</respondent>
			<extra>
				…. Respondent
				<lb />
			</extra>
			<extra>
				Through:
				<lb />
			</extra>
			<respondent_lawyer>
				Mr. Ashish Dutta
				<lb />
			</respondent_lawyer>
			<extra>
				, APP for the State.
				<lb />
			</extra>
			<judge>
				CORAM:
				<lb />
				HON&apos;BLE MR. JUSTICE SIDDHARTH MRIDUL
				<lb />
				HON&apos;BLE MR. JUSTICE ANUP JAIRAM BHAMBHANI
				<lb />
			</judge>
			<document_type>
				J U D G M E N T
				<lb />
			</document_type>
		</front>
	</text>
</tei>
