<?xml version="1.0"?>
<tei xml:space="preserve">
	<teiHeader>
		<fileDesc xml:id="902858" />
	</teiHeader>
	<text xml:lang="en">
		<front>
			<lb />
			<court>
				IN THE HIGH COURT OF DELHI AT NEW DELHI
				<lb />
			</court>
			<judgement_date>
				Date of decision: 26 th APRIL, 2022
				<lb />
			</judgement_date>
			<extra>
				IN THE MATTER OF:
				<lb />
			</extra>
			<case_number>
				+
				<lb />
				CRL.REV.P. 126/2022
				<lb />
			</case_number>
			<petitioner>
				JITENDRA KUMAR GARG
				<lb />
			</petitioner>
			<extra>
				..... Petitioner
				<lb />
			</extra>
			<extra>
				Through
				<lb />
			</extra>
			<petitioner_lawyer>
				Mr. Rajinder Mathur and Akshat
				<lb />
				Singhal,
			</petitioner_lawyer>
			<extra>
				Advocates
				<lb />
			</extra>
			<extra>
				Versus
				<lb />
			</extra>
			<respondent>
				MANJU GARG
				<lb />
			</respondent>
			<extra>
				..... Respondent
				<lb />
			</extra>
			<extra>
				Through None
				<lb />
			</extra>
			<judge>
				CORAM:
				<lb />
				HON&apos;BLE MR. JUSTICE SUBRAMONIUM PRASAD
			</judge>
		</front>
	</text>
</tei>
