<?xml version="1.0"?>
<tei xml:space="preserve">
    <teiHeader>
        <fileDesc xml:id="904030" />
    </teiHeader>
    <text xml:lang="en">
        <front>
            <lb />
            <extra>
                $~
                <lb />
                *
            </extra>
            <lb />
            <court>IN THE HIGH COURT OF DELHI AT NEW DELHI</court>
            <lb />
            <judgement_date>
                Reserved on: 16 th November, 2021
                <lb />
                Decided on: 6 th April, 2022
            </judgement_date>
            <lb />
            <case_number>
                +
                <lb />
                O.M.P. (COMM) 433/2020, IA 4775/2020 and IA 8408/2021
            </case_number>
            <lb />
            <petitioner>
                M/S GMR POCHANPALLI
                <lb />
                EXPRESSWAYS LTD
            </petitioner>
            <lb />
            <extra>
                ..... Petitioner
                <lb />
                Through
            </extra>
            <lb />
            <petitioner_lawyer>Mr. Atul Sharma,</petitioner_lawyer>
            <petitioner_lawyer>
                Ms. Milanka
                <lb />
                Chaudhury,
            </petitioner_lawyer>
            <petitioner_lawyer>Mr. Abhinav Agnihotri</petitioner_lawyer>
            <extra> and </extra>
            <petitioner_lawyer>
                Ms.
                <lb />
                Harshita Agarwal,
            </petitioner_lawyer>
            <extra>
                Advs.
                <lb />
                versus
            </extra>
            <lb />
            <respondent>
                NATIONAL HIGHWAY
                <lb />
                AUTHORITY OF INDIA
            </respondent>
            <lb />
            <extra>
                ..... Respondent
                <lb />
                Through
            </extra>
            <lb />
            <respondent_lawyer>Mr. Dayan Krishnan,</respondent_lawyer>
            Sr.
            <lb />
            Advocate with
            <respondent_lawyer>Mr. Ankur Mittal,</respondent_lawyer>
            <respondent_lawyer>
                Mr. Abhay
                <lb />
                Gupta
            </respondent_lawyer>
            <extra> and </extra>
            <respondent_lawyer>Ms. Sukrit,</respondent_lawyer>
            <extra>Advs.</extra>
            <lb />
            <case_number>
                +
                <lb />
                O.M.P. (COMM) 449/2020, I.A. 6682/2020 and I.A. 6683/2020
            </case_number>
            <lb />
            <petitioner>
                NATIONAL HIGHWAY
                <lb />
                AUTHORITY OF INDIA
            </petitioner>
            <lb />
            <extra>
                ..... Petitioner
                <lb />
                Through
            </extra>
            <lb />
            <petitioner_lawyer>Mr. Dayan Krishnan,</petitioner_lawyer>
            Sr.
            <lb />
            Advocate with
            <petitioner_lawyer>Mr. Ankur Mittal,</petitioner_lawyer>
            <petitioner_lawyer>
                Mr. Abhay
                <lb />
                Gupta
            </petitioner_lawyer>
            <extra> and </extra>
            <petitioner_lawyer>Ms.Sukrit,</petitioner_lawyer>
            <extra>
                Advs.
                <lb />
                versus
            </extra>
            <lb />
            <respondent>
                M/S GMR POCHANPALLI
                <lb />
                EXPRESSWAYS LTD
            </respondent>
            <lb />
            <extra>
                ..... Respondent
                <lb />
                Through
            </extra>
            <lb />
            <respondent_lawyer>Mr. Atul Sharma,</respondent_lawyer>
            <respondent_lawyer>
                Ms. Milanka
                <lb />
                Chaudhury,
            </respondent_lawyer>
            <respondent_lawyer>Mr. Abhinav Agnihotri</respondent_lawyer>
            <extra>and </extra>
            <respondent_lawyer>
                Ms.
                <lb />
                Harshita Agarwal,
            </respondent_lawyer>
            <extra>
                Advs.
                <lb />
                O.M.P. (COMM) 433/2020 &amp; contd. matters
            </extra>
            <lb />
            <page>Page 2 of 72</page>
            <lb />
            <judge>
                CORAM:
                <lb />
                HON&apos;BLE MR. JUSTICE C. HARI SHANKAR
            </judge>
            <lb />
            <extra>%</extra>
            <lb />
            <document_type>J U D G M E N T</document_type>
        </front>
    </text>
</tei>