<?xml version="1.0" ?>
<tei xml:space="preserve">
	<teiHeader>
		<fileDesc xml:id="972390"/>
	</teiHeader>
	<text xml:lang="en">
		<front>
<lb/>
	<note type="doctype">, &apos;</note>

	1<lb/>
	<meeting>BEFORE THE SPECIAL COURT AT BOMBAY<lb/> CONSTITUTED UNDER THE SPECIAL COURT (TRIAL OF OFFENCES<lb/> RELATING TO TRANSACTJONS IN SECURITIES) ACT, 1992<lb/> SPECIAL CASE NO. 3 OF 1996<lb/></meeting>

	Central Bureau of Investigation<lb/> ..... Complainant.<lb/> V/s<lb/> 1.
	<editor>Saranathan Mohan<lb/> .... Accused No.1.<lb/> 2. N. Balasubramani.am<lb/> .... Accused No.2.<lb/> 3. B.R. Acharya<lb/> . ... Accused No.3.<lb/> 4. Mr P.J. Subbarao<lb/> .... Accused No.4.<lb/> 5. Hiten P. Dalal<lb/> . ... Accused No.5.<lb/> 6. S.K. Jhaveri<lb/> . ... Accused No.6.<lb/> 7. Pallav Seth<lb/> .... Accused No. 7<lb/> 8. M.K. Ashok Kumar<lb/> .... Accused No.8<lb/> 9. Ketan V. Parekh<lb/> . ... Accused No. 9<lb/> 10. Navinchandra N. Parekh<lb/> .... Accused No.10<lb/> 11. B. V. Srinivasan<lb/> .... Accused No.11.<lb/></editor>

	<byline>
	<docAuthor>Mr. V.G. Pradhan with Mr. R.S. Mhamane,</docAuthor>
	</byline>

	Special Public Prosecutors<lb/> for C.B.I. 2<lb/>
	<div type="abstract">Mr. A.Z. Mookhtiar, advocate (Legal Aid) for accused No.l.<lb/> Mr. Gi.rish Kulkarni, advocate for accused No.2.<lb/> Mrs. B.A. Jakhade (Legal Aid), advocate for accused No.3.<lb/> Mr. P .D. Sawardekar, advocate for accused No.4.<lb/> Mr. Sunil Kale, advocate for accused No.S.<lb/> Mr. Shailesh Shah with Ms. Mamta Sadh i/b Dhru Leeladhar &amp; Co,<lb/> advocates for accused No.6.<lb/> Mr. Purandhare with Mr. Vivek Sharma &amp; Ms.<lb/> Reshma Ruparel,<lb/> advocates for accused No.7.<lb/></div>

	<byline>
	<docAuthor>Mr. Mr. Amit Desai with Ms. Maya Sarkar i/b Madhukar Munim &amp;<lb/></docAuthor>
	</byline>

	Co., advocates for accused No.8.<lb/>
	<byline>
	<docAuthor>Mr. Mahesh Jethmalani with Mr. Arnol Chougule &amp; Mr. Ajit Karwande,<lb/></docAuthor>
	</byline>

	advocates for accused No.9 and 10.<lb/>
	<reference>Mr. D.R. Pinge, advocate (Legal Aid) for accused No.11.<lb/> CORAM: V.M. KANADE, J.<lb/> Judge, Special Court<lb/> DATE<lb/> : 7th March, 2008 &amp; 1st April, 2008</reference>

		</front>
	</text>
</tei>
