<?xml version="1.0"?>
<tei xml:space="preserve">
	<teiHeader>
		<fileDesc xml:id="a95cdf5bde52ca08ae7063697d597244" />
	</teiHeader>
	<text xml:lang="en">
		<front>
			<lb />
			<extra>
				$~S~
				<lb />
				*
			</extra>
			<lb />
			<court>
				IN THE HIGH COURT OF DELHI AT NEW DELHI
			</court>
			<lb />
			<judgement_date>
				Date of decision: 15 June 2021
			</judgement_date>
			<lb />
			<case_number>
				+
				<lb />
				CRL.A. 39/2021
			</case_number>
			<lb />
			<petitioner>
				ASIF IQBAL TANHA
				<lb />
				.....Appellant
			</petitioner>
			<lb />
			<extra>
				Through:
			</extra>
			<petitioner_lawyer>
				Mr. Siddharth Aggarwal, Advocate
				<lb />
				with Ms. Sowjhanya Shankaran, Mr.
				<lb />
				Siddharth Satija, Mr. Abhinav Sekhri
				<lb />
				&amp; Ms. Nitika Khaitan,
			</petitioner_lawyer>
			<extra>
				Advocates
				<lb />
				versus
			</extra>
			<lb />
			<respondent>
				STATE OF NCT OF DELHI
				<lb />
				.....Respondent
			</respondent>
			<lb />
			<extra>
				Through:
			</extra>
			<respondent_lawyer>
				Mr. Aman Lekhi, ASG alongwith Mr.
				<lb />
				Amit Mahajan, Mr. Rajat Nair and
				<lb />
				Mr. Amit Prasad, SPPs with Mr.
				<lb />
				Ujjwal Sinha, Mr. Aniket Seth, Mr.
				<lb />
				Ritwiz Rishabh, Ms. Riya
				<lb />
				Krishnamurthy and Mr. Dhruv Pande,
			</respondent_lawyer>
			<lb />
			<extra>
				Advocates.
				<lb />
				Sh. P. S. Kushwaha, DCP with Sh.
				<lb />
				Alok Kumar, Addl. DCP, Special
				<lb />
				Cell, Insp. Lokesh Kumar Sharma and
				<lb />
				Insp. Anil Kumar.
			</extra>
			<lb />
			<judge>
				CORAM:
				<lb />
				HON&apos;BLE MR. JUSTICE SIDDHARTH MRIDUL
				<lb />
				HON&apos;BLE MR. JUSTICE ANUP JAIRAM BHAMBHANI
			</judge>
			<lb />
			<document_type>
				J U D G M E N T
			</document_type>
			<lb />
		</front>
	</text>
</tei>
