<?xml version="1.0"?>
<tei xml:space="preserve">
	<teiHeader>
		<fileDesc xml:id="b4223e7720195a9ace544c3f31eae5b6" />
	</teiHeader>
	<text xml:lang="en">
		<front>
			<court>
				IN THE HIGH COURT OF DELHI AT NEW DELHI
				<lb />
			</court>
			<judgement_date>
				Reserved on: 29 th August, 2016
				<lb />
				Pronounced on : 08 th February, 2017
				<lb />
			</judgement_date>
			<case_number>
				+
				<lb />
				CRL.A. 1284/2015
				<lb />
			</case_number>
			<petitioner>
				SUSHIL ARORA
				<lb />
				.....
				
				Appellant
			</petitioner>
			<lb />
			<extra>
				Through:
			</extra>
			<petitioner_lawyer>
				Mr. Vikas Arora and Ms. Radhika
				<lb />
				Arora,
			</petitioner_lawyer>
			<extra>
				Advocates
			</extra>
			<extra>
				Versus
				<lb />
			</extra>
			<respondent>
				STATE
				<lb />
				.....
				
				Respondent
				<lb />
			</respondent>
			<extra>
				Through:
			</extra>
			<respondent_lawyer>
				Ms. Aasha Tiwari,
			</respondent_lawyer>
			<extra>
				APP for State
			</extra>
			<lb />
			<case_number>
				+
				<lb />
				CRL.A. 53/2016
				<lb />
			</case_number>
			<petitioner>
				RAJESH PANDEY
				<lb />
				.....
				
				Appellant
				<lb />
			</petitioner>
			<extra>
				Through:
			</extra>
			<petitioner_lawyer>
				Mr. Vivek Sood, Sr. Advocate with
				<lb />
				Mr. Ashim Shridhar,
			</petitioner_lawyer>
			<extra>
				Advocate
			</extra>
			<extra>
				Versus
			</extra>
			<lb />
			<respondent>
				STATE (GOVT. OF NCT OF DELHI)
				<lb />
				.....
				
				Respondent
			</respondent>
			<lb />
			<extra>
				Through:
			</extra>
			<respondent_lawyer>
				Ms. Aasha Tiwari,
			</respondent_lawyer>
			<extra>
				APP for State
			</extra>
			<lb />
			<case_number>
				+
				<lb />
				CRL.A. 190/2016
			</case_number>
			<lb />
			<petitioner>
				HEMANT GARG
				<lb />
				.....
				
				Appellant
			</petitioner>
			<lb />
			<extra>
				Through:
			</extra>
			<petitioner_lawyer>
				Mr. K. Singhal,
			</petitioner_lawyer>
			<extra>
				Advocate
			</extra>
			<extra>
				Versus
			</extra>
			<lb />
			<respondent>
				STATE NCT OF DELHI
				<lb />
				.....
				
				Respondent
			</respondent>
			<lb />
			<extra>
				Through:
			</extra>
			<respondent_lawyer>
				Ms. Aasha Tiwari,
			</respondent_lawyer>
			<extra>
				APP for State
			</extra>
			<lb />
			<page>
				Page  1 of 140
			</page>
			<lb />
			<case_number>
				CRL.A. 1338/2015
			</case_number>
			<lb />
			<petitioner>
				VISHNU S/O PANCHU RAM
				<lb />
				.....
				
				Appellant
			</petitioner>
			<lb />
			<extra>
				Through:
			</extra>
			<petitioner_lawyer>
				Mr. M.N. Dudeja and Mr. Rajesh
				<lb />
				Kaushik,
			</petitioner_lawyer>
			<extra>
				Advocates
			</extra>
			<lb />
			<extra>
				Versus
			</extra>
			<lb />
			<respondent>
				STATE NCT OF DELHI
				<lb />
				.....
				
				Respondent
			</respondent>
			<lb />
			<extra>
				Through:
			</extra>
			<respondent_lawyer>
				Ms. Aasha Tiwari,
			</respondent_lawyer>
			<extra>
				APP for State
			</extra>
			<lb />
			<case_number>
				+
				<lb />
				CRL.A. 283/2016
			</case_number>
			<lb />
			<petitioner>
				SONVEER alias PINKU
				<lb />
				.....
				
				Appellant
			</petitioner>
			<lb />
			<extra>
				Through:
			</extra>
			<petitioner_lawyer>
				Mr. Rajeev Mohan, Advocate
			</petitioner_lawyer>
			<lb />
			<extra>
				Versus
			</extra>
			<lb />
			<respondent>
				STATE
				<lb />
				.....
				
				Respondent
			</respondent>
			<lb />
			<extra>
				Through:
			</extra>
			<respondent_lawyer>
				Ms. Aasha Tiwari,
			</respondent_lawyer>
			<extra>
				APP for State
			</extra>
			<lb />
			<judge>
				CORAM:
				<lb />
				HON&apos;BLE MS. JUSTICE GITA MITTAL
				<lb />
				HON&apos;BLE MR. JUSTICE R.K.GAUBA
			</judge>
			<document_type>
				JUDGMENT
			</document_type>
			<lb />
		</front>
	</text>
</tei>
