<?xml version="1.0"?>
<tei xml:space="preserve">
	<teiHeader>
		<fileDesc xml:id="B4YDABR650ATEPI" />
	</teiHeader>
	<text xml:lang="en">
		<front>
			<lb />
			<page>
				Page 1 of 51
				<lb />
			</page>
			<court>
				IN THE HIGH COURT OF DELHI AT NEW DELHI
				<lb />
				Reserved on
			</court>
			<judgement_date>
				Reserved on: 24.01.2019.
				<lb />
				Date of decision: 15.03.2019.
				<lb />
			</judgement_date>
			<petitioner>
				SHRI SANDEEP SILAS
				<lb />
			</petitioner>
			.....
			<extra>
				petitioner
				<lb />
			</extra>
			<extra>
				Through:
				<lb />
			</extra>
			<petitioner_lawyer>
				Mr. Arvind K. Nigam, Sr. Adv. with
				<lb />
				Mr. Manish Bishnoi, Mr.Mikhil
				<lb />
				Sharma, Mr.Mehtaab Singh Sandhu &amp;
				<lb />
				Mr.Pratishth Kaushal, Advs.
				<lb />
			</petitioner_lawyer>
			<extra>
				Versus
				<lb />
			</extra>
			<respondent>
				CBI &amp; ORS.
			</respondent>
			..
			<extra>
				Respondents
				<lb />
			</extra>
			<extra>
				Through:
			</extra>
			<petitioner_lawyer>
				Mr.Nikhil Goel, Spl.P.P.
				<lb />
			</petitioner_lawyer>
			<extra>
				with
				<lb />
			</extra>
			<petitioner_lawyer>
				Mr.Gurpreet Hora, Adv. for CBI.
				<lb />
				Mr.Ravinder Agarwal, Adv. for CVC.
				<lb />
				Mr.V.S.R.Krishna, Adv. for Railways.
				<lb />
			</petitioner_lawyer>
			<petitioner>
				SH. MS. CHALIA
				<lb />
				<lb />
			</petitioner>
			.....
			<extra>
				petitioner
				<lb />
			</extra>
			<extra>
				Through:
			</extra>
			<petitioner_lawyer>
				Mr. Vikas Pahwa, Sr. Adv.
				<lb />
			</petitioner_lawyer>
			<extra>
				with
				<lb />
			</extra>
			<petitioner_lawyer>
				Mr. Manish Bishnoi, Mr. Karan
				<lb />
				Khanuja, Mr. Shadman Ahmed &amp;
				<lb />
				Mr.Tushar Agarwal, Advs.
				<lb />
			</petitioner_lawyer>
			<extra>
				Versus
				<lb />
			</extra>
			<respondent>
				CBI &amp; ORS.
			</respondent>
			..
			<extra>
				Respondents
				<lb />
			</extra>
			<extra>
				Through:
			</extra>
			<petitioner_lawyer>
				Mr.Nikhil Goel, Spl.P.P.
				<lb />
			</petitioner_lawyer>
			<extra>
				with
				<lb />
			</extra>
			<petitioner_lawyer>
				Mr.Gurpreet Hora, Adv. for CBI.
				<lb />
				Mr.Ravinder Agarwal, Adv. for CVC.
				<lb />
				Mr.V.S.R.Krishna, Adv. for Railways.
				<lb />
			</petitioner_lawyer>
			<petitioner>
				SH. MS. CHALIA
				<lb />
				<lb />
			</petitioner>
			.....
			<extra>
				petitioner
				<lb />
			</extra>
			<extra>
				Through:
				<lb />
			</extra>
			<petitioner_lawyer>
				Mr. Vikas Pahwa, Sr. Adv. with
				<lb />
				Mr. Manish Bishnoi, Mr. Karan
				<lb />
				Khanuja, Mr. Shadman Ahmed &amp;
				<lb />
				Mr.Tushar Agarwal, Advs.
				<lb />
			</petitioner_lawyer>
			<extra>
				Versus
				<lb />
			</extra>
			<respondent>
				CBI &amp; ORS.
			</respondent>
			..
			<extra>
				Respondents
				<lb />
			</extra>
			<extra>
				Through:
			</extra>
			<petitioner_lawyer>
				Mr.Ashutosh Ghade with Mr.Nikhil,
				<lb />
			</petitioner_lawyer>
			<extra>
				Advs.
				<lb />
				for CBI.
				<lb />
			</extra>
			<petitioner_lawyer>
				Mr.Ravinder Agarwal, Adv. for CVC.
				<lb />
				Mr.V.S.R.Krishna, Adv. for Railways.
				<lb />
				Mr.Anil
				<lb />
				Soni,
				<lb />
				CGSC
				<lb />
				with
				<lb />
				Mr.Abhinav Tyagi, Adv. for UOI.
				<lb />
			</petitioner_lawyer>
			<petitioner>
				SHRI SANDEEP SILAS
				<lb />
			</petitioner>
			.....
			<extra>
				petitioner
				<lb />
			</extra>
			<extra>
				Through:
			</extra>
			<petitioner_lawyer>
				Mr. Manish Bishnoi, Mr.Archit Gupta
				<lb />
				&amp; Mr.Abhijit Das, Advs.
				<lb />
			</petitioner_lawyer>
			<extra>
				Versus
				<lb />
			</extra>
			<respondent>
				CBI &amp; ORS.
			</respondent>
			..
			<extra>
				Respondents
				<lb />
			</extra>
			<extra>
				Through:
				<lb />
			</extra>
			<respondent_lawyer>
				Mr.Nikhil Goel, Spl.P.P. with
				<lb />
				Mr.Gurpreet Hora, Adv. for CBI.
				<lb />
				Mr.Ravinder Agarwal, Adv. for CVC.
				<lb />
				Mr.V.S.R.Krishna, Adv. for Railways.
				<lb />
			</respondent_lawyer>
			<judge>
				CORAM:
				<lb />
				HON&apos;BLE MS. JUSTICE REKHA PALLI
				<lb />
			</judge>
		</front>
	</text>
</tei>
