<?xml version="1.0"?>
<tei xml:space="preserve">
	<teiHeader>
		<fileDesc xml:id="BAIL APPLN.-2085-2021" />
	</teiHeader>
	<text xml:lang="en">
		<front>
			<lb />
			<page>
				Page 1 of 7
				<lb />
			</page>
			<court>
				IN THE HIGH COURT OF DELHI AT NEW DELHI
				<lb />
			</court>
			<judgement_date>
				Reserved on : 08.03.2022
				<lb />
				Pronounced on : 27.04.2022
				<lb />
			</judgement_date>
			<extra>
				BAIL APPLN. 2085/2021
				<lb />
			</extra>
			<petitioner>
				DHRUV JYOTI GOEL
				<lb />
			</petitioner>
			.....
			<extra>
				petitioner
				<lb />
			</extra>
			<extra>
				Through:
				<lb />
			</extra>
			<petitioner_lawyer>
				Ms. Kiran Suri, Sr. Advocate with
				<lb />
				Mr. Dhruva Bhagat, Mr. Kunal gosain
				<lb />
				and Mr. Mohit Gulati, Advocates.
			</petitioner_lawyer>
			<extra>
				versus
				<lb />
			</extra>
			<respondent>
				STATE &amp; ANR.
				<lb />
			</respondent>
			....
			<extra>
				Respondent
				<lb />
			</extra>
			<extra>
				Through:
				<lb />
			</extra>
			<respondent_lawyer>
				Mr. Amit Ahlawat, APP for the State
				<lb />
				with SI Raghuveer.
				<lb />
				Mr. Jatan Singh and Mr. Chrag
				<lb />
				Mudgal,
			</respondent_lawyer>
			<extra>
				Advocates for the
				<lb />
				complainant.
				<lb />
			</extra>
			<judge>
				CORAM:
				<lb />
				HON&apos;BLE MR. JUSTICE RAJNISH BHATNAGAR
				<lb />
			</judge>
			<document_type>
				ORDER
				<lb />
			</document_type>
		</front>
	</text>
</tei>
