<?xml version="1.0"?>
<tei xml:space="preserve">
	<teiHeader>
		<fileDesc xml:id="BAIL APPLN.-2011-2007" />
	</teiHeader>
	<text xml:lang="en">
		<front>
			<lb />
			<page>
				Page 1 of 5
				<lb />
			</page>
			<court>
				IN THE HIGH COURT OF DELHI AT NEW DELHI
				<lb />
			</court>
			<extra>
				Bail Appl. No.2011/2007
				<lb />
			</extra>
			<judgement_date>
				Date of Decision: 04.09.2008
				<lb />
			</judgement_date>
			<petitioner>
				Sh.Rohtash Sharma &amp; Others
				<lb />
			</petitioner>
			….
			<extra>
				petitioner
				<lb />
			</extra>
			<extra>
				Through
				<lb />
			</extra>
			<petitioner_lawyer>
				Mr.Narinder Kumar Saraswat, Advocate
				<lb />
			</petitioner_lawyer>
			<extra>
				versus
				<lb />
			</extra>
			<respondent>
				State
				<lb />
			</respondent>
			….
			<extra>
				Respondent
				<lb />
			</extra>
			<extra>
				Through
				<lb />
			</extra>
			<respondent_lawyer>
				Mr.Amit Sharma, APP for the State.
				<lb />
				Mr.R.K.Sharma, Advocate for the
				<lb />
				respondent No.2.
				<lb />
				SI Narsingh, P.S.Dabri.
				<lb />
			</respondent_lawyer>
			<judge>
				CORAM:
				<lb />
				HON&apos;BLE MR. JUSTICE ANIL KUMAR
				<lb />
			</judge>
		</front>
	</text>
</tei>
