<?xml version="1.0"?>
<tei xml:space="preserve">
	<teiHeader>
		<fileDesc xml:id="BAIL APPLN.-839-2010" />
	</teiHeader>
	<text xml:lang="en">
		<front>
			<lb />
			<page>
				Page 1 of 9
				<lb />
			</page>
			<court>
				IN THE HIGH COURT OF DELHI AT NEW DELHI
				<lb />
			</court>
			<extra>
				Bail Application No. 839/2010 and Crl. M.A. No.718/2010
				<lb />
			</extra>
			<judgement_date>
				%
				<lb />
				Reserved on: 3 rd June, 2010
				<lb />
				Decided on: 4 th June, 2010
				<lb />
			</judgement_date>
			<petitioner>
				Dr. Ketan Desai
				<lb />
			</petitioner>

			<extra>
				S/o Sh. Dhirajlal Desai
				<lb />
				&quot;Ashirvas&quot;, 7, Friends Avenue,
				<lb />
				Sindhu Bhavan Road, Badakdev,
				<lb />
				Ahmedabad (Gujrat).
				<lb />
				..... petitioner
				<lb />
				Through:
				<lb />
			</extra>
			<petitioner_lawyer>
				Mr. Sidharth Luthra
				<lb />
				, Sr. Advocate with 
				<lb />
				Mr. Pramod Dubey, Mr. J.S. Bhasin,
				<lb />
				Mr. Vivek Jain and Ms. Misha Narayan,
				<lb />
			</petitioner_lawyer>
			<extra>
				Advocates
				<lb />
			</extra>
			<extra>
				Versus
				<lb />
			</extra>
			<respondent>
				The State
				<lb />
				(Throgh C.B.I.)
				<lb />
			</respondent>
			.....
			<extra>
				Respondent
				<lb />
			</extra>
			<extra>
				Through:
				<lb />
			</extra>
			<respondent_lawyer>
				Ms. Sonia Mathur and Mr. Sushil Kumar
				<lb />
				Dubey, Advocates with I.O. Satender
				<lb />
				Goswami.
				<lb />
			</respondent_lawyer>
			<judge>
				Coram:
				<lb />
				HON&apos;BLE MS. JUSTICE MUKTA GUPTA
				<lb />
			</judge>
		</front>
	</text>
</tei>
