<?xml version="1.0"?>
<tei xml:space="preserve">
	<teiHeader>
		<fileDesc xml:id="BAIL APPLN.-141-2010" />
	</teiHeader>
	<text xml:lang="en">
		<front>
			<lb />
			<page>
				Page 1 of 5
				<lb />
			</page>
			<court>
				IN THE HIGH COURT OF DELHI AT NEW DELHI
				<lb />
			</court>
			<judgement_date>
				%
				<lb />
				Order delivered on: 10 th May, 2010
				<lb />
			</judgement_date>
			<reference>
				BAIL APPLN. 141/2010
				<lb />
			</reference>
			<petitioner>
				KULSHRESTHA DHINGRA &amp; ANR.
				<lb />
			</petitioner>
			.....
			<extra>
				Appellants
				<lb />
			</extra>
			<extra>
				Through:
				<lb />
			</extra>
			<petitioner_lawyer>
				Mr. K.K. Sud, Sr. Advocate with
				<lb />
				Mr. Shishir Pinaki, Mr. Anwesh Madhukar
				<lb />
				&amp; Mr. Kunal Malhotra, Advocates
				<lb />
			</petitioner_lawyer>
			<extra>
				Versus
				<lb />
			</extra>
			<respondent>
				THE STATE
				<lb />
			</respondent>
			....
			<extra>
				Respondent
				<lb />
			</extra>
			<extra>
				Through:
				<lb />
			</extra>
			<respondent_lawyer>
				Mr. Pawan Behl, APP.
				<lb />
			</respondent_lawyer>
			<judge>
				CORAM:
				<lb />
				HON&apos;BLE MR. JUSTICE P.K.BHASIN
				<lb />
			</judge>
		</front>
	</text>
</tei>
