<?xml version="1.0"?>
<tei xml:space="preserve">
	<teiHeader>
		<fileDesc xml:id="BAIL APPLN.-278-2021" />
	</teiHeader>
	<text xml:lang="en">
		<front>
			<lb />
			<page>
				Page 1 of 6
				<lb />
			</page>
			<court>
				*
				<lb />
				IN THE HIGH COURT OF DELHI AT NEW DELHI
				<lb />
			</court>
			<judgement_date>
				Date of decision: 28 th APRIL, 2021
				<lb />
			</judgement_date>
			IN THE MATTER OF:
			<lb />
			<reference>
				BAIL APPLN. 278/2021
				<lb />
			</reference>
			<petitioner>
				ZAHID@ MOHD JAHID
				<lb />
			</petitioner>
			.....
			<extra>
				petitioner
				<lb />
			</extra>
			<extra>
				Through
				<lb />
			</extra>
			<petitioner_lawyer>
				Mr. Firoz Iqbal Khan
				<lb />
			</petitioner_lawyer>
			<extra>
				, Advocate
			</extra>
			<extra>
				Versus
				<lb />
			</extra>
			<respondent>
				STATE OF NCT OF DELHI
				<lb />
			</respondent>
			.....
			<extra>
				Respondent
				<lb />
			</extra>
			<extra>
				Through
				<lb />
			</extra>
			<respondent_lawyer>
				Ms. Meenakshi Chauhan, APP along
				<lb />
				with ASI Pawan Kumar, P.S. Gandhi
				<lb />
				Nagar.
			</respondent_lawyer>
			<judge>
				CORAM:
				<lb />
				HON&apos;BLE MR. JUSTICE SUBRAMONIUM PRASAD
				<lb />
			</judge>
		</front>
	</text>
</tei>
