<?xml version="1.0"?>
<tei xml:space="preserve">
	<teiHeader>
		<fileDesc xml:id="BAIL APPLN.-2577-2014" />
	</teiHeader>
	<text xml:lang="en">
		<front>
			<lb />
			<page>
				Page 1 of 6
				<lb />
			</page>
			<court>
				*
				<lb />
				IN THE HIGH COURT OF DELHI AT NEW DELHI
				<lb />
			</court>
			<judgement_date>
				Date of hearing and order : December 07, 2015
				<lb />
			</judgement_date>
			<extra>
				BAIL APPLN. 2577/2014
				<lb />
			</extra>
			<petitioner>
				DEEPAK KUMAR
				<lb />
			</petitioner>
			.....
			<extra>
				petitioner
				<lb />
			</extra>
			<extra>
				Through:
				<lb />
			</extra>
			<petitioner_lawyer>
				Mr.Satish Tamta, Advocate.
			</petitioner_lawyer>
			<extra>
				versus
				<lb />
			</extra>
			<respondent>
				STATE
				<lb />
			</respondent>
			.....
			<extra>
				Respondent
				<lb />
			</extra>
			<extra>
				Through:
				<lb />
			</extra>
			<respondent_lawyer>
				Mr. Vinod Diwakar, Additional
				<lb />
				Public Prosecutor for the State
				<lb />
				Ms.Manjeet Kaur, Advocate for the
				<lb />
				Complainant.
			</respondent_lawyer>
			<judge>
				CORAM:
				<lb />
				HON&apos;BLE MR. JUSTICE P.S.TEJI
				<lb />
			</judge>
			<document_type>
				ORDER
				<lb />
			</document_type>
		</front>
	</text>
</tei>
