<?xml version="1.0"?>
<tei xml:space="preserve">
	<teiHeader>
		<fileDesc xml:id="d36d0ca50a428d21e9d8d036090dfd62" />
	</teiHeader>
	<text xml:lang="en">
		<front>
			<lb />
			<extra>
				REPORTABLE
			</extra>
			<lb />
			<court>
				IN THE SUPREME COURT OF INDIA
			</court>
			<lb />
			<extra>
				CIVIL ORIGINAL JURISDICTION
			</extra>
			<lb />
			<case_number>
				WRIT PETITION (CIVIL) NO. 13 OF 2015
			</case_number>
			<lb />
			<petitioner>
				Supreme Court Advocates-on-Record -
				<lb />
				Association and another
				<lb />
				... Petitioner(s)
			</petitioner>
			<lb />
			<extra>
				versus
			</extra>
			<lb />
			<respondent>
				Union of India
				<lb />
				... Respondent(s)
			</respondent>
			<lb />
			<extra>
				With
			</extra>
			<lb />
			<case_number>
				WRIT PETITION (C) NO. 14 OF 2015
			</case_number>
			<lb />
			<case_number>
				WRIT PETITION (C) NO. 18 OF 2015
			</case_number>
			<lb />
			<case_number>
				WRIT PETITION (C) NO. 23 OF 2015
			</case_number>
			<lb />
			<case_number>
				WRIT PETITION (C) NO. 24 OF 2015
			</case_number>
			<lb />
			<case_number>
				WRIT PETITION (C) NO. 70 OF 2015
			</case_number>
			<lb />
			<case_number>
				WRIT PETITION (C) NO. 83 OF 2015
			</case_number>
			<lb />
			<case_number>
				WRIT PETITION (C) NO. 108 OF 2015
			</case_number>
			<lb />
			<case_number>
				WRIT PETITION (C) NO. 124 OF 2015
			</case_number>
			<lb />
			<case_number>
				WRIT PETITION (C) NO. 209 OF 2015
			</case_number>
			<lb />
			<case_number>
				WRIT PETITION (C) NO. 309 OF 2015
			</case_number>
			<lb />
			<case_number>
				WRIT PETITION (C) NO. 310 OF 2015
			</case_number>
			<lb />
			<case_number>
				WRIT PETITION (C) NO. 323 OF 2015
			</case_number>
			<lb />
			<case_number>
				WRIT PETITION (C) NO. 341 OF 2015
			</case_number>
			<lb />
			<case_number>
				TRANSFER PETITION(C) NO. 391 OF 2015
			</case_number>
			<lb />
			<case_number>
				TRANSFER PETITION (C) NO. 971 OF 2015
				<lb />
			</case_number>
			<document_type>
				J U D G M E N T
			</document_type>
			<lb />
		</front>
	</text>
</tei>
