<?xml version="1.0"?>
<tei xml:space="preserve">
	<teiHeader>
		<fileDesc xml:id="cdd68d12b166aa20ea360b0d7c6bdd51" />
	</teiHeader>
	<text xml:lang="en">
		<front>
			<lb />
			<court>
				BEFORE THE MADURAI BENCH OF MADRAS HIGH COURT
			</court>
			<lb />
			<judgement_date>
				DATE: 21.01.2022
			</judgement_date>
			<lb />
			<judge>
				CORAM
				<lb />
				THE HON&apos;BLE MRS.JUSTICE V.BHAVANI SUBBAROYAN
			</judge>
			<case_number>
				S.A.(MD) No.118 of 2017
				<lb />
				and
				<lb />
				M.P.(MD).No.2011 of 2017
			</case_number>
			<petitioner>
				1.B.K.Kumaranath
				<lb />
				2.B.K.Ravindranath
				<lb />
				3.B.K.Vatsala Bal
				<lb />
				.... Appellants
				<lb />
			</petitioner>
			<extra>
				vs.
			</extra>
			<lb />
			<respondent>
				1.R.G.Suriyakala
				<lb />
				2.K.N.R.Ramila
				<lb />
				.. Respondents
				<lb />
			</respondent>
			<extra>
				PRAYER: The Second Appeal is filed under Section 100 of  the Code of
				<lb />
				Civil Procedure against the judgment and decree dated 18.01.2016
				<lb />
				passed in A.S.No.35 of 2015 on the file of the Fourth Additional District
				<lb />
				Judge, Madurai, confirming the judgment and decree dated 25.02.2015
				<lb />
				passed in O.S.No.1102 of 2012 on the file of the Fifth Additional
				<lb />
				Subordinate Judge, Madurai.
				<lb />
			</extra>
			<lb />
			<page>
				1/24
			</page>
			<lb />
			<extra>
				For Appellants
				<lb />
				:
			</extra>
			<petitioner_lawyer>
				Mr.J.Barathan
			</petitioner_lawyer>
			<lb />
			<extra>
				For Respondents :
			</extra>
			<respondent_lawyer>
				Mr.M.Rajaraman
			</respondent_lawyer>
			<lb />
			<document_type>
				J U D G M E N T
			</document_type>
		</front>
	</text>
</tei>
