<?xml version="1.0"?>
<tei xml:space="preserve">
	<teiHeader>
		<fileDesc xml:id="CHS15032019CW43742018" />
	</teiHeader>
	<text xml:lang="en">
		<front>
			<lb />
			<page>
				Page 1 of 173
				<lb />
			</page>
			<court>
				IN THE HIGH COURT OF DELHI AT NEW DELHI
				<lb />
			</court>
			<judgement_date>
				Reserved on: 31 st January, 2019
				<lb />
				Pronounced on: 15 th March, 2019
				<lb />
			</judgement_date>
			<petitioner>
				ACTION COMMITTEE UNAIDED RECOGNIZED
				<lb />
				PRIVATE SCHOOLS
				<lb />
			</petitioner>
			.....
			<extra>
				petitioner
				<lb />
			</extra>
			<extra>
				Through:
				<lb />
			</extra>
			<petitioner_lawyer>
				Mr. Sunil Gupta,
				<lb />
			</petitioner_lawyer>
			<extra>
				Sr. Adv. with Mr.
				<lb />
			</extra>
			<petitioner_lawyer>
				Kamal Gupta and Ms. Pragya
				<lb />
			</petitioner_lawyer>
			<extra>
				Agrawal, Advs.
				<lb />
			</extra>
			<extra>
				versus
				<lb />
			</extra>
			<respondent>
				DIRECTORATE OF EDUCATION AND ANR
			</respondent>
			..
			<extra>
				Respondents
				<lb />
			</extra>
			<extra>
				Through:
				<lb />
			</extra>
			<respondent_lawyer>
				Mr. Ramesh Singh
				<lb />
			</respondent_lawyer>
			<extra>
				SC for
				<lb />
				GNCTD with
			</extra>
			<respondent_lawyer>
				Mr. Chirayu Jain and
				<lb />
				Ms. N. Goyal, Advs.
				<lb />
				Mr. Khagesh B. Jha, Ms. Shikha
				<lb />
				Sharma Bagga
				<lb />
			</respondent_lawyer>
			<extra>
				, Advs. for Justice
				<lb />
				for All
				<lb />
			</extra>
			<judgement_date>
				Reserved on: 6 th February, 2019
				<lb />
				Pronounced on: 15 th March, 2019
				<lb />
			</judgement_date>
			<petitioner>
				MOUNT CARMEL SCHOOL SOCIETY
				<lb />
				AND ANR
				<lb />
			</petitioner>
			....
			<extra>
				petitioner
				<lb />
			</extra>
			<extra>
				Through:
				<lb />
			</extra>
			<petitioner_lawyer>
				Mr. Sunil Gupta, Sr. Adv. with Mr.
				<lb />
				Romy Chacko, Mr. Vedanta
				<lb />
				Varma, Mr. Chandan Kumar
				<lb />
				Mandal, Mr. Akhil Kumar Gola
				<lb />
				and Ms. Mannat Sandhu, Advs.
			</petitioner_lawyer>
			<extra>
				versus
				<lb />
			</extra>
			<respondent>
				DIRECTOR OF EDUCATION AND ORS.
				<lb />
			</respondent>
			.....
			<extra>
				Respondents
				<lb />
			</extra>
			<extra>
				Through:
				<lb />
			</extra>
			<respondent_lawyer>
				Mr. Ramesh Singh, SC with Mr.
				<lb />
				Santosh Kumar Tripathi, ASC for
				<lb />
				GNCTD, Mr. Chirayu Jain and Ms.
				<lb />
				Nikita Goyal, Advs. for R-DOE
				<lb />
				Mr. Rajiv Bansal, Sr. Adv. with
				<lb />
				Mr. Anuj Chaturvedi, Ms. Vaishali
				<lb />
				Rawat and Ms. Parul Panthi, Advs.
				<lb />
				for DDA
			</respondent_lawyer>
			<judge>
				CORAM:
				<lb />
				HON&apos;BLE MR. JUSTICE C. HARI SHANKAR
				<lb />
			</judge>
			<document_type>
				J U D G M E N T
				<lb />
			</document_type>
		</front>
	</text>
</tei>
