<?xml version="1.0"?>
<tei xml:space="preserve">
	<teiHeader>
		<fileDesc xml:id="d13abe186b45c171746b2673a6e39963" />
	</teiHeader>
	<text xml:lang="en">
		<front>
			*
			<court>
				IN THE HIGH COURT OF DELHI AT NEW DELHI
				<lb />
			</court>
			<judgement_date>
				Reserved on: 24 th December, 2014
				<lb />
				%
				<lb />
				Date of Decision: 06 th February, 2015
			</judgement_date>
			<lb />
			<case_number>
				+
				<lb />
				CRL.A.910/2008
			</case_number>
			<lb />
			<petitioner>
				VIKAS YADAV
				<lb />
				.....
				
				Appellant
			</petitioner>
			<lb />
			<extra>
				Through:
			</extra>
			<petitioner_lawyer>
				Mr.Sumeet Verma,
			</petitioner_lawyer>
			<extra>
				Adv. with
			</extra>
			<lb />
			<petitioner_lawyer>
				Mr.Amit Kala,
			</petitioner_lawyer>
			<extra>
				Adv.
				<lb />
				versus
			</extra>
			<lb />
			<respondent>
				STATE OF UP
				<lb />
				.....
				
				Respondent
			</respondent>
			<lb />
			<extra>
				Through :
			</extra>
			<respondent_lawyer>
				Mr.Rajesh Mahajan,
			</respondent_lawyer>
			<extra>
				Adv. with
			</extra>
			<lb />
			<respondent_lawyer>
				Ms. Shinjan Jain,
			</respondent_lawyer>
			<extra>
				Adv. for State.
			</extra>
			<lb />
			<respondent_lawyer>
				Mr.P.K. Dey,
			</respondent_lawyer>
			<extra>
				Adv. with
			</extra>
			<lb />
			<respondent_lawyer>
				Mr.Kaushik Dey, Mr. Abhijeet,
				<lb />
				Mr. Vijay Pal Singh and Mr.
				<lb />
				Andleeb Naqvi, Advs.
			</respondent_lawyer>
			<extra>
				for
				<lb />
				complainant.
			</extra>
			<lb />
			<case_number>
				+
				<lb />
				CRL.A.741/2008
			</case_number>
			<lb />
			<petitioner>
				VISHAL YADAV
				<lb />
				.....
				
				Petitioner
			</petitioner>
			<lb />
			<extra>
				Through:
			</extra>
			<petitioner_lawyer>
				Mr. Sanjay Jain
			</petitioner_lawyer>
			<extra>
				and
			</extra>
			<petitioner_lawyer>
				Mr. Vinay
				<lb />
				Arora,
			</petitioner_lawyer>
			<extra>
				Advs.
				<lb />
				versus
			</extra>
			<lb />
			<respondent>
				STATE GOVT. OF UP
				<lb />
				....
				
				Respondents
			</respondent>
			<lb />
			<extra>
				Through :
			</extra>
			<respondent_lawyer>
				Mr.Rajesh Mahajan,
			</respondent_lawyer>
			<extra>
				Adv. with
			</extra>
			<respondent_lawyer>
				Ms.
				<lb />
				Shinjan Jain,
			</respondent_lawyer>
			<extra>
				Adv. for State.
			</extra>
			<lb />
			<respondent_lawyer>
				Mr.P.K. Dey,
				Adv. with
				<lb />
				Mr.Kaushik Dey, Mr. Abhijeet,
				<lb />
				Mr. Vijay Pal Singh and Mr.
				<lb />
				Andleeb Naqvi, Advs.
			</respondent_lawyer>
			<extra>
				for
				<lb />
				complainant.
			</extra>
			<lb />
			<page>
				pg. 1
			</page>
			<lb />
			<case_number>
				+ CRL.A.958/2008
			</case_number>
			<lb />
			<petitioner>
				STATE
				<lb />
				.....
				
				Appellant
			</petitioner>
			<lb />
			<extra>
				Through :
			</extra>
			<petitioner_lawyer>
				Mr.Rajesh Mahajan, Adv. with Ms.
				<lb />
				Shinjan
				<lb />
				Jain,
				<lb />
			</petitioner_lawyer>
			Adv.
			<lb />
			for
			<lb />
			State.
			<petitioner_lawyer>
				<lb />
				Ms. Ritu Gauba,
			</petitioner_lawyer>
			<extra>
				APP for State.
				
				versus
			</extra>
			<lb />
			<respondent>
				VIKAS YADAV and ANR.
				<lb />
				....
				
				Respondents
			</respondent>
			<lb />
			<extra>
				Through:
			</extra>
			<respondent_lawyer>
				Mr.Sumeet Verma, and Mr.Amit
				<lb />
				Kala, Advs.
			</respondent_lawyer>
			<extra>
				for Mr.Vikas Yadav.
			</extra>
			<lb />
			<respondent_lawyer>
				Mr.P.K. Dey, Adv. with
				<lb />
				Mr.Kaushik Dey, Mr. Abhijeet,
				<lb />
				Mr. Vijay Pal Singh and Mr.
				<lb />
				Andleeb Naqvi,
			</respondent_lawyer>
			<extra>
				Advs. for
				<lb />
				complainant.
			</extra>
			<lb />
			<case_number>
				+
				<lb />
				CRL.REV.P.
				<lb />
				No.369/2008
				<lb />
				and
				<lb />
				Crl.M.A.Nos.
				<lb />
				1168/2012, 1313/2012, 4073/2012, 13951/2012 and
				<lb />
				13952/2012
				<lb />
			</case_number>
			<petitioner>
				NILAM KATARA
				<lb />
				.....
				
				Appellant
			</petitioner>
			<lb />
			<extra>
				Through :
			</extra>
			<petitioner_lawyer>
				Mr.P.K. Dey, Adv. with
				<lb />
				Mr.Kaushik Dey, Mr. Abhijeet,
				<lb />
				Mr. Vijay Pal Singh and Mr.
				<lb />
				Andleeb Naqvi,
			</petitioner_lawyer>
			<extra>
				Advs. for
				<lb />
				complainant.
				<lb />
				versus
			</extra>
			<lb />
			<respondent>
				STATE GOVT. OF NCT OF DELHI &amp; ORS.
				
				
				..
				
				Respondents
			</respondent>
			<lb />
			<extra>
				Through:
			</extra>
			<respondent_lawyer>
				Mr.Rajesh Mahajan,
			</respondent_lawyer>
			<extra>
				Adv. with
			</extra>
			<respondent_lawyer>
				Ms.
				<lb />
				Shinjan Jain,
			</respondent_lawyer>
			<extra>
				Adv. for State.
			</extra>
			<lb />
			<respondent_lawyer>
				Ms. Ritu Gauba,
			</respondent_lawyer>
			<extra>
				APP for State.
			</extra>
			<lb />
			<page>
				pg. 2
			</page>
			<lb />
			<respondent_lawyer>
				Mr.Sumeet Verma with Mr.Amit
				<lb />
				Kala,
			</respondent_lawyer>
			<extra>
				Advs. for Mr.Vikas Yadav.
			</extra>
			<lb />
			<respondent_lawyer>
				Mr. Sanjay Jain,
			</respondent_lawyer>
			<extra>
				Adv. for Mr.
				<lb />
				Vishal Yadav.
			</extra>
			<lb />
			<case_number>
				+ CRL.A. 1322/2011
			</case_number>
			<lb />
			<petitioner>
				STATE
				<lb />
				.....
				
				Appellant
			</petitioner>
			<lb />
			<extra>
				Through:
			</extra>
			<petitioner_lawyer>
				Mr.Rajesh Mahajan,
			</petitioner_lawyer>
			<extra>
				Adv. with
			</extra>
			<petitioner_lawyer>
				Ms.
				<lb />
				Shinjan Jain,
			</petitioner_lawyer>
			<extra>
				Adv. for State.
			</extra>
			<lb />
			<petitioner_lawyer>
				Ms. Ritu Gauba,
			</petitioner_lawyer>
			<extra>
				APP for State.
				
				versus
			</extra>
			<lb />
			<respondent>
				SUKHDEV YADAV ALIAS PEHLWAN
				
				
				.....
				
				Respondent
			</respondent>
			<lb />
			<extra>
				Through:
			</extra>
			<respondent_lawyer>
				Mr.Chaman Sharma,
			</respondent_lawyer>
			<extra>
				Adv. for
				<lb />
				Mr.Sukhdev Yadav.
			</extra>
			<lb />
			<case_number>
				+ CRL.A. 145/2012
			</case_number>
			<lb />
			<petitioner>
				SUKHDEV YADAV
				<lb />
				.....
				
				Appellant
			</petitioner>
			<lb />
			<extra>
				Through:
			</extra>
			<petitioner_lawyer>
				Mr.Chaman Sharma,
			</petitioner_lawyer>
			<extra>
				Adv.
				versus
			</extra>
			<lb />
			<respondent>
				STATE and ANR.
				<lb />
				....
				
				Respondents
			</respondent>
			<lb />
			<respondent_lawyer>
				Through: Mr.Rajesh Mahajan,
			</respondent_lawyer>
			<extra>
				Adv. with
			</extra>
			<respondent_lawyer>
				Ms.
				<lb />
				Shinjan Jain,
			</respondent_lawyer>
			<extra>
				Adv. for State.
			</extra>
			<lb />
			<respondent_lawyer>
				Ms. Ritu Gauba,
			</respondent_lawyer>
			<extra>
				APP for State.
			</extra>
			<lb />
			<judge>
				CORAM:
				<lb />
				HON&apos;BLE MS. JUSTICE GITA MITTAL
				<lb />
				HON&apos;BLE MR. JUSTICE J.R. MIDHA
				<lb />
			</judge>
		</front>
	</text>
</tei>
