<?xml version="1.0"?>
<tei xml:space="preserve">
	<teiHeader>
		<fileDesc xml:id="d7374de2d74f9908c9e2b4b034c5f8e2" />
	</teiHeader>
	<text xml:lang="en">
		<front>
			<lb />
			<court>
				IN THE HIGH COURT OF JUDICATURE AT MADRAS
			</court>
			<lb />
			<judgement_date>
				RESERVED ON
				<lb />
				: 24.09.2019
				<lb />
				PRONOUNCED ON : 04.10.2019
			</judgement_date>
			<judge>
				CORAM
				<lb />
				THE HONOURABLE Mr.JUSTICE P.N.PRAKASH
			</judge>
			<lb />
			<case_number>
				Criminal Appeal Nos.17, 18, 22 and 23 of 2015
			</case_number>
			<lb />
			<petitioner>
				Venkat
			</petitioner>
			<lb />
			<extra>
				.. Appellant in
			</extra>
			<lb />
			<case_number>
				C.A.No.17 of 2015/A2
			</case_number>
			<lb />
			<petitioner>
				G.Kumar
			</petitioner>
			<lb />
			<extra>
				.. Appellant in
			</extra>
			<lb />
			<case_number>
				C.A.No.18 of 2015/A3
			</case_number>
			<lb />
			<petitioner>
				M.Kanniappan
			</petitioner>
			<lb />
			<extra>
				.. Appellant in
			</extra>
			<lb />
			<case_number>
				C.A.No.22 of 2015/A4
			</case_number>
			<lb />
			<petitioner>
				B.Murali
			</petitioner>
			<lb />
			<extra>
				.. Appellant in
			</extra>
			<lb />
			<case_number>
				C.A.No.23 of 2015/A1
			</case_number>
			<extra>
				Vs
			</extra>
			<lb />
			<respondent>
				State rep. by
				<lb />
				Inspector of Police,
				<lb />
				Prevention of Counterfeit Currency Wing,
				<lb />
				C.B.C.I.D.,
				<lb />
				V-5 Thirumangalam Police Station,
				<lb />
				Chennai.
				<lb />
				.. Respondent/
			</respondent>
			<lb />
			<extra>
				Complainant in all C.A.s
			</extra>
			<lb />
			<extra>
				Criminal Appeals filed under Section 374(2) Cr.P.C against the
				<lb />
				judgment and order dated 15.12.2014 passed by the VI Additional Sessions
				<lb />
				Judge, Chennai in S.C.No.394 of 2007.
			</extra>
			<lb />
			<page>
				1/32
			</page>
			<lb />
			<extra>
				For Appellant in C.A.No.23 of 2015/A1 :
			</extra>
			<petitioner_lawyer>
				Mr.Kumar Tarejaa -Amicus Curiae
			</petitioner_lawyer>
			<lb />
			<extra>
				For Appellant in C.A.No.17 of 2015/A2 :
			</extra>
			<petitioner_lawyer>
				Mr.V.Gopinath,
			</petitioner_lawyer>
			Sr. Counsel
			<lb />
			<extra>
				for Mr.S.Suresh
			</extra>
			<lb />
			<extra>
				For Appellant in C.A.No.18 of 2015/A3 :
			</extra>
			<petitioner_lawyer>
				Mr.Sunder Mohan
			</petitioner_lawyer>
			<lb />
			<extra>
				Appellant in C.A.No.22 of 2015/A4
				<lb />
				: Died
			</extra>
			<lb />
			<extra>
				For Respondent in all C.A.s
				<lb />
				:
			</extra>
			<respondent_lawyer>
				Mrs.P.Kritika Kamal,
			</respondent_lawyer>
			<lb />
			<extra>
				Govt. Advocate (Crl. Side)
			</extra>
			<lb />
			<document_type>
				COMMON JUDGEMENT
			</document_type>
		</front>
	</text>
</tei>
