<?xml version="1.0"?>
<tei xml:space="preserve">
	<teiHeader>
		<fileDesc xml:id="f1ffc190c0729c0fb403c63f77dfe2b5" />
	</teiHeader>
	<text xml:lang="en">
		<front>
			<lb />
			<extra>
				$~S~
				<lb />
				*
			</extra>
			<lb />
			<court>
				IN THE HIGH COURT OF DELHI AT NEW DELHI
			</court>
			<lb />
			<judgement_date>
				Date of decision: 15 June 2021
				<lb />
			</judgement_date>
			<lb />
			<case_number>
				+
				<lb />
				CRL.A. 82/2021
			</case_number>
			<lb />
			<petitioner>
				NATASHA NARWAL
				<lb />
				.....Appellant
			</petitioner>
			<lb />
			<extra>
				Through:
			</extra>
			<petitioner_lawyer>
				Mr. Adit S. Pujari, Ms. Tusharika
				<lb />
				Mattoo and Mr.Kunal Negi,
			</petitioner_lawyer>
			<lb />
			<extra>
				Advocates.
				<lb />
				versus
			</extra>
			<lb />
			<respondent>
				STATE OF DELHI NCT
				<lb />
				.....Respondent
			</respondent>
			<lb />
			<extra>
				Through:
			</extra>
			<respondent_lawyer>
				Mr. Amit Mahajan, Mr. Amit Prasad,
				<lb />
				and Mr. Rajat Nair,
			</respondent_lawyer>
			<extra>
				SPPs for the State
				<lb />
				alongwith
			</extra>
			<respondent_lawyer>
				Mr. Dhruv Pande and Mr.
				<lb />
				Shantanu Sharma,
			</respondent_lawyer>
			<extra>
				Advocates.
			</extra>
			<lb />
			<judge>
				CORAM:
				<lb />
				HON&apos;BLE MR. JUSTICE SIDDHARTH MRIDUL
				<lb />
				HON&apos;BLE MR. JUSTICE ANUP JAIRAM BHAMBHANI
			</judge>
			<lb />
			<document_type>
				J U D G M E N T
			</document_type>
			<lb />
		</front>
	</text>
</tei>
