<?xml version="1.0"?>
<tei xml:space="preserve">
	<teiHeader>
		<fileDesc xml:id="f52c6d1bc86f373b4ec0ef5c8b9ec8b5" />
	</teiHeader>
	<text xml:lang="en">
		<front>
			<lb />
			<page>
				1
			</page>
			<lb />
			<court>
				BEFORE THE SPECIAL COURT AT BOMBAY
			</court>
			<lb />
			<extra>
				CONSTITUTED UNDER THE SPECIAL COURT (TRIAL OF OFFENCES
				<lb />
				RELATING TO TRANSACTJONS IN SECURITIES) ACT, 1992
			</extra>
			<lb />
			<case_number>
				SPECIAL CASE NO. 3 OF 1996
			</case_number>
			<lb />
			<petitioner>
				Central Bureau of Investigation
				<lb />
				....
				. Complainant.
			</petitioner>
			<lb />
			<extra>
				V/s
			</extra>
			<lb />
			<respondent>
				1. Saranathan Mohan
				<lb />
				.... Accused No.1.
				<lb />
				2. N. Balasubramani.am
				<lb />
				.... Accused No.2.
				<lb />
				3. B.R. Acharya
				<lb />
				. ... Accused No.3.
				<lb />
				4. Mr P.J. Subbarao
				<lb />
				.... Accused No.4.
				<lb />
				5. Hiten P. Dalal
				<lb />
				. ... Accused No.5.
				<lb />
				6. S.K. Jhaveri
				<lb />
				. ... Accused No.6.
				<lb />
				7. Pallav Seth
				<lb />
				.... Accused No. 7
				<lb />
				8. M.K. Ashok Kumar
				<lb />
				.... Accused No.8
				<lb />
				9. Ketan V. Parekh
				<lb />
				. ... Accused No. 9
				<lb />
				10. Navinchandra N. Parekh
				<lb />
				.... Accused No.10
				<lb />
				11. B. V. Srinivasan
				<lb />
				.... Accused No.11.
			</respondent>
			<lb />
			<petitioner_lawyer>
				Mr. V.G. Pradhan with Mr. R.S. Mhamane,
			</petitioner_lawyer>
			<extra>
				Special Public Prosecutors
				<lb />
				for C.B.I.
			</extra>
			<page>
				2
			</page>
			<lb />
			<respondent_lawyer>
				Mr. A.Z. Mookhtiar,
			</respondent_lawyer>
			<extra>
				advocate (Legal Aid) for accused No.l.
			</extra>
			<lb />
			<respondent_lawyer>
				Mr. Girish Kulkarni,
			</respondent_lawyer>
			<extra>
				advocate for accused No.2.
			</extra>
			<lb />
			<respondent_lawyer>
				Mrs. B.A. Jakhade (Legal Aid),
			</respondent_lawyer>
			<extra>
				advocate for accused No.3.
			</extra>
			<lb />
			<respondent_lawyer>
				Mr. P .D. Sawardekar,
			</respondent_lawyer>
			<extra>
				advocate for accused No.4.
			</extra>
			<lb />
			<respondent_lawyer>
				Mr. Sunil Kale,
			</respondent_lawyer>
			<extra>
				advocate for accused No.S.
			</extra>
			<lb />
			<respondent_lawyer>
				Mr. Shailesh Shah with Ms. Mamta Sadh i/b Dhru Leeladhar &amp; Co,
			</respondent_lawyer>
			<lb />
			<extra>
				advocates for accused No.6.
			</extra>
			<lb />
			<respondent_lawyer>
				Mr. Purandhare with Mr. Vivek Sharma &amp; Ms.
				<lb />
				Reshma Ruparel,
			</respondent_lawyer>
			<lb />
			<extra>
				advocates for accused No.7.
			</extra>
			<lb />
			<respondent_lawyer>
				Mr. Mr. Amit Desai with Ms. Maya Sarkar i/b Madhukar Munim &amp;
				<lb />
				Co.,
			</respondent_lawyer>
			<extra>
				advocates for accused No.8.
			</extra>
			<lb />
			<respondent_lawyer>
				Mr. Mahesh Jethmalani with Mr. Arnol Chougule &amp; Mr. Ajit Karwande,
			</respondent_lawyer>
			<lb />
			<extra>
				advocates for accused No.9 and 10.
			</extra>
			<lb />
			<respondent_lawyer>
				Mr. D.R. Pinge,
			</respondent_lawyer>
			<extra>
				advocate (Legal Aid) for accused No.11.
			</extra>
			<lb />
			<judge>
				CORAM: V.M. KANADE, J.
			</judge>
			<lb />
			<extra>
				Judge, Special Court
			</extra>
			<lb />
			<judgement_date>
				DATE
				<lb />
				: 7th March, 2008 &amp; 1st April, 2008
			</judgement_date>
			<lb />
			<page>
				3
			</page>
			<lb />
			<document_type>
				ORAL JUDGEMENT:
			</document_type>
		</front>
	</text>
</tei>
