<?xml version="1.0"?>
<tei xml:space="preserve">
	<teiHeader>
		<fileDesc xml:id="FAO(OS) (COMM)-124-2020" />
	</teiHeader>
	<text xml:lang="en">
		<front>
			<lb />
			<page>
				Page 1 of 9
				<lb />
			</page>
			<court>
				IN THE HIGH COURT OF DELHI AT NEW DELHI
				<lb />
			</court>
			<judgement_date>
				Date of Decision: 13 th December, 2021
				<lb />
			</judgement_date>
			<extra>
				FAO(OS) (COMM) 124/2020 &amp; CM Nos.32948/2020,
				<lb />
				22546/2021
				<lb />
			</extra>
			<petitioner>
				EZEN AVIATION PTY LIMITED &amp; ANR.
				<lb />
			</petitioner>
			.....
			<extra>
				Appellants
				<lb />
			</extra>
			<extra>
				Through
				<lb />
			</extra>
			<petitioner_lawyer>
				Mr.Pai Amit, Mr.Prashant
				<lb />
				Popat,
				<lb />
				Mr.Rahat
				<lb />
				Bansal,
				<lb />
				Mr.Nikit Bala, Ms.Karishma
				<lb />
				Naghnoor, Mr.Souvik Paul
				<lb />
				Mazumdar, Advs.
			</petitioner_lawyer>
			<extra>
				versus
				<lb />
			</extra>
			<respondent>
				BIG CHARTER PRIVATE LIMITED
				<lb />
			</respondent>
			.....
			<extra>
				Respondent
				<lb />
			</extra>
			<extra>
				Through
				<lb />
			</extra>
			<respondent_lawyer>
				Mr.Saurabh Kirpal, Sr. Adv,
				<lb />
				Mr.Pardeep Dhingra, Mr.Varun
				<lb />
				Chandiok, Mr.Nishant Kumar,
				<lb />
				Ms.Shagun Sharma, Advs.
				<lb />
				+
				<lb />
			</respondent_lawyer>
			<extra>
				FAO(OS) (COMM) 154/2020 &amp; CM Nos.30285-87/2020,
				<lb />
				32908/2020, 9746-47/2021, 22548/2021, 44630-31/2021
				<lb />
			</extra>
			<petitioner>
				EZEN AVIATION PTY LIMITED &amp; ANR.
				<lb />
			</petitioner>
			.....
			<extra>
				Appellants
				<lb />
			</extra>
			<extra>
				Through
				<lb />
			</extra>
			<petitioner_lawyer>
				Mr.Pai Amit, Mr.Prashant
				<lb />
				Popat,
				<lb />
				Mr.Rahat
				<lb />
				Bansal,
				<lb />
				Mr.Nikit Bala, Ms.Karishma
				<lb />
				Naghnoor, Mr.Souvik Paul
				<lb />
				Mazumdar, Advs.
			</petitioner_lawyer>
			<extra>
				versus
				<lb />
			</extra>
			<respondent>
				BIG CHARTER PRIVATE LIMITED
				<lb />
			</respondent>
			.....
			<extra>
				Respondent
				<lb />
			</extra>
			<extra>
				Through
				<lb />
			</extra>
			<respondent_lawyer>
				Mr.Saurabh Kirpal, Sr. Adv,
				<lb />
				Mr.Pardeep Dhingra, Mr.Varun
				<lb />
				Chandiok, Mr.Nishant Kumar,
				<lb />
				Ms.Shagun Sharma, Advs.
				<lb />
			</respondent_lawyer>
			<judge>
				CORAM:
				<lb />
				HON&apos;BLE MR. JUSTICE MANMOHAN
				<lb />
				HON&apos;BLE MR. JUSTICE NAVIN CHAWLA
				<lb />
			</judge>
		</front>
	</text>
</tei>
