<?xml version="1.0"?>
<tei xml:space="preserve">
	<teiHeader>
		<fileDesc xml:id="GMI08022017CRLA12842015" />
	</teiHeader>
	<text xml:lang="en">
		<front>
			<lb />
			<page>
				Page 1 of 140
				<lb />
			</page>
			<court>
				IN THE HIGH COURT OF DELHI AT NEW DELHI
				<lb />
			</court>
			<judgement_date>
				Reserved on: 29 th August, 2016
				<lb />
				Pronounced on: 08 th February, 2017
				<lb />
			</judgement_date>
			<petitioner>
				SUSHIL ARORA
				<lb />
			</petitioner>
			.....
			<extra>
				Appellant
				<lb />
			</extra>
			<extra>
				Through:
				<lb />
			</extra>
			<petitioner_lawyer>
				Mr. Vikas Arora and Ms. Radhika
				<lb />
				Arora, Advocates
			</petitioner_lawyer>
			<extra>
				versus
				<lb />
			</extra>
			<respondent>
				STATE
				<lb />
			</respondent>
			.....
			<extra>
				Respondent
				<lb />
			</extra>
			<extra>
				Through:
				<lb />
			</extra>
			<respondent_lawyer>
				Ms. Aasha Tiwari, APP for State
				<lb />
			</respondent_lawyer>
			<petitioner>
				RAJESH PANDEY
				<lb />
			</petitioner>
			.....
			<extra>
				Appellant
				<lb />
			</extra>
			<extra>
				Through:
				<lb />
			</extra>
			<petitioner_lawyer>
				Mr. Vivek Sood, Sr. Advocate with
				<lb />
				Mr. Ashim Shridhar, Advocate
			</petitioner_lawyer>
			<extra>
				versus
				<lb />
			</extra>
			<petitioner>
				STATE (GOVT. OF NCT OF DELHI)
				<lb />
			</petitioner>
			.....
			<extra>
				Respondent
				<lb />
			</extra>
			<extra>
				Through:
				<lb />
			</extra>
			<respondent_lawyer>
				Ms. Aasha Tiwari, APP for State
				<lb />
			</respondent_lawyer>
			<petitioner>
				HEMANT GARG
				<lb />
			</petitioner>
			.....
			<extra>
				Appellant
				<lb />
			</extra>
			<petitioner_lawyer>
				Through: Mr. K. Singhal, Advocate
			</petitioner_lawyer>
			<extra>
				versus
				<lb />
			</extra>
			<respondent>
				STATE NCT OF DELHI
				<lb />
			</respondent>
			.....
			<extra>
				Respondent
				<lb />
			</extra>
			<extra>
				Through:
				<lb />
			</extra>
			<respondent_lawyer>
				Ms. Aasha Tiwari, APP for State
				<lb />
			</respondent_lawyer>
			<petitioner>
				VISHNU S/O PANCHU RAM
				<lb />
			</petitioner>
			.....
			<extra>
				Appellant
				<lb />
			</extra>
			<extra>
				Through:
				<lb />
			</extra>
			<petitioner_lawyer>
				Mr. M.N. Dudeja and Mr. Rajesh
				<lb />
				Kaushik, Advocates
			</petitioner_lawyer>
			<extra>
				versus
				<lb />
			</extra>
			<respondent>
				STATE NCT OF DELHI
				<lb />
			</respondent>
			.....
			<extra>
				Respondent
				<lb />
			</extra>
			<extra>
				Through:
				<lb />
			</extra>
			<respondent_lawyer>
				Ms. Aasha Tiwari, APP for State
				<lb />
			</respondent_lawyer>
			<petitioner>
				SONVEER alias PINKU
				<lb />
			</petitioner>
			.....
			<extra>
				Appellant
				<lb />
			</extra>
			<extra>
				Through:
				<lb />
			</extra>
			<petitioner_lawyer>
				Mr. Rajeev Mohan, Advocate
			</petitioner_lawyer>
			<extra>
				versus
				<lb />
			</extra>
			<respondent>
				STATE
				<lb />
			</respondent>
			.....
			<extra>
				Respondent
				<lb />
			</extra>
			<extra>
				Through:
				<lb />
			</extra>
			<respondent_lawyer>
				Ms. Aasha Tiwari, APP for State
				<lb />
			</respondent_lawyer>
			<judge>
				CORAM:
				<lb />
				HON&apos;BLE MS. JUSTICE GITA MITTAL
				<lb />
				HON&apos;BLE MR. JUSTICE R.K.GAUBA
				<lb />
			</judge>
			<document_type>
				JUDGMENT
				<lb />
			</document_type>
		</front>
	</text>
</tei>
