<?xml version="1.0"?>
<tei xml:space="preserve">
	<teiHeader>
		<fileDesc xml:id="O.M.P. (COMM)-376-2021" />
	</teiHeader>
	<text xml:lang="en">
		<front>
			<lb />
			<page>
				Page 1 of 23
				<lb />
				$~9 (2021)
				<lb />
			</page>
			<court>
				IN THE HIGH COURT OF DELHI AT NEW DELHI
				<lb />
			</court>
			<judgement_date>
				Date of Decision: 21 st December, 2021
				<lb />
			</judgement_date>
			<extra>
				O.M.P.(COMM) 376/2021 &amp; IA Nos. 17159/2021, 17160/ 2021
				<lb />
			</extra>
			<petitioner>
				INDIAN HIGHWAYS MANAGEMENT
				<lb />
				COMPANY LIMITED
				<lb />
			</petitioner>
			.....
			<extra>
				petitioner
				<lb />
			</extra>
			<extra>
				Through:
				<lb />
			</extra>
			<petitioner_lawyer>
				Ms Padma Priya and Ms Shreya
				<lb />
				Sethi, Advocates.
			</petitioner_lawyer>
			<respondent>
				SOWiL LIMITED
			</respondent>
			<extra>
				Through:
				<lb />
			</extra>
			<respondent_lawyer>
				Ms Manmeet Arora, Ms Pavitra
				<lb />
				Kaur and Mr Kartikeya Sharma,
				<lb />
				Advocates.
				<lb />
			</respondent_lawyer>
			<judge>
				CORAM:
				<lb />
				HON&apos;BLE MR. JUSTICE VIBHU BAKHRU
				<lb />
			</judge>
		</front>
	</text>
</tei>
