<?xml version="1.0"?>
<tei xml:space="preserve">
	<teiHeader>
		<fileDesc xml:id="O.M.P. (COMM)-547-2020" />
	</teiHeader>
	<text xml:lang="en">
		<front>
			<lb />
			<page>
				Page 1 of 16
				<lb />
			</page>
			<court>
				IN THE HIGH COURT OF DELHI AT NEW DELHI
				<lb />
			</court>
			<judgement_date>
				Reserved on: 27 th October, 2021
				<lb />
				Pronounced on: 08 th April, 2022
				<lb />
			</judgement_date>
			<extra>
				O.M.P.(COMM) 547/2020 &amp; I.As. 10708/2020, 3593/2021
				<lb />
			</extra>
			<petitioner>
				NATIONAL INSURANCE COMPANY LIMITED
				<lb />
			</petitioner>
			.....
			<extra>
				petitioner
				<lb />
			</extra>
			<extra>
				Through:
				<lb />
			</extra>
			<petitioner_lawyer>
				Mr. Niraj Singh and Mr.
				<lb />
				Deepak Jaiswal, Advocates.
			</petitioner_lawyer>
			<respondent>
				DIGITAL WORLD &amp; ANR.
				<lb />
			</respondent>
			.....
			<extra>
				Respondents
				<lb />
			</extra>
			<extra>
				Through:
				<lb />
			</extra>
			<respondent_lawyer>
				Mr. Naveen Kumar Chaudhary,
				<lb />
				Advocate for Respondent No.1.
				<lb />
			</respondent_lawyer>
			<judge>
				CORAM:
				<lb />
				HON&apos;BLE MR. JUSTICE SANJEEV NARULA
				<lb />
			</judge>
			<document_type>
				JUDGMENT
				<lb />
			</document_type>
		</front>
	</text>
</tei>
