<?xml version="1.0"?>
<tei xml:space="preserve">
	<teiHeader>
		<fileDesc xml:id="O.M.P. (COMM)-359-2021" />
	</teiHeader>
	<text xml:lang="en">
		<front>
			<lb />
			<page>
				Page 1 of 17
				<lb />
			</page>
			<court>
				IN THE HIGH COURT OF DELHI AT NEW DELHI
				<lb />
			</court>
			<extra>
				O.M.P. (COMM) 359/2021, I.A. 16339/2021 &amp; I.A.16340/2021
				<lb />
			</extra>
			<petitioner>
				SNG DEVELOPERS LIMITED
				<lb />
			</petitioner>
			.....
			<extra>
				petitioner
				<lb />
			</extra>
			<extra>
				Through:
				<lb />
			</extra>
			<petitioner_lawyer>
				Mr. Dharmesh Mishra &amp; Mr.
				<lb />
				Prateek Gupta, Advs.
			</petitioner_lawyer>
			<respondent>
				VARDHMAN BUILDTECH PRIVATE LIMITED
				<lb />
			</respondent>
			.....
			<extra>
				Respondent
				<lb />
			</extra>
			<extra>
				Through:
				<lb />
			</extra>
			<respondent_lawyer>
				Mr. Sanjeev Kumar Dubey, Sr.
				<lb />
				Adv. with Mr. Ashish Khurana,
				<lb />
				Mr. Amit Bhatia, Mr. Manmay
				<lb />
				Sarawagi &amp; Mr. E Krishna
				<lb />
				Dass, Advs.
				<lb />
			</respondent_lawyer>
			<judge>
				CORAM:
				<lb />
				HON&apos;BLE MR. JUSTICE C. HARI SHANKAR
				<lb />
			</judge>
			<document_type>
				J U D G M E N T (ORAL)
				<lb />
			</document_type>
			<judgement_date>
				09.12.2021
				<lb />
			</judgement_date>
		</front>
	</text>
</tei>
