<?xml version="1.0"?>
<tei xml:space="preserve">
	<teiHeader>
		<fileDesc xml:id="PNJ12092012FAOOS4292012" />
	</teiHeader>
	<text xml:lang="en">
		<front>
			<lb />
			<page>
				Page 1 of 59
				<lb />
			</page>
			<court>
				IN THE HIGH COURT OF DELHI AT NEW DELHI
				<lb />
			</court>
			<judgement_date>
				Judgment Reserved on: September 06, 2012
				<lb />
				Judgment Pronounced on: September 12, 2012
				<lb />
			</judgement_date>
			<petitioner>
				BHARAT HEAVY ELECTRICALS LTD.
				<lb />
			</petitioner>
			.....
			<extra>
				Appellant
				<lb />
			</extra>
			<extra>
				Represented by:
				<lb />
			</extra>
			<petitioner_lawyer>
				Mr.A.S.Chandhiok, Sr.Adv.,
				<lb />
				Mr.Sandeep Sethi, Sr.Adv. instructed by
				<lb />
				Mr.Kamaljeet Singh, Mr.Bhagat Singh, Mr.Vidit
				<lb />
				Gupta, Ms.Harleen Singh, Mr.Akshay Palavi,
				<lb />
				Mr.Prashant Mehta, Advs.
			</petitioner_lawyer>
			<respondent>
				MASS GLOBAL INVESTMENT CO &amp; ORS
				<lb />
			</respondent>
			.....
			<extra>
				Respondents
				<lb />
			</extra>
			<extra>
				Represented by:
				<lb />
			</extra>
			<respondent_lawyer>
				Mr.C.A.Sundaram, Sr.Adv.,
				<lb />
				Mr.Neeraj Kishan Kaul
				<lb />
			</respondent_lawyer>
			<extra>
				, Sr.Adv. instructed by
				<lb />
			</extra>
			<respondent_lawyer>
				Ms.Divya Kapur, Ms.Manjira Dasgupta
				<lb />
			</respondent_lawyer>
			<extra>
				, Adv. for
				<lb />
				respondent No.1.
				<lb />
			</extra>
			<respondent_lawyer>
				Mr.S.L.Gupta
				<lb />
			</respondent_lawyer>
			<extra>
				, Adv. for State Bank of India.
				<lb />
			</extra>
			<extra>
				AND
				<lb />
			</extra>
			<petitioner>
				BHARAT HEAVY ELECTRICALS LTD.
				<lb />
			</petitioner>
			.....
			<extra>
				Appellant
				<lb />
			</extra>
			<extra>
				Represented by:
				<lb />
			</extra>
			<petitioner_lawyer>
				Mr.A.S.Chandhiok, Sr.Adv.,
				<lb />
				Mr.Sandeep Sethi, Sr.Adv. instructed by
				<lb />
				Mr.Kamaljeet Singh, Mr.Bhagat Singh, Mr.Vidit
				<lb />
				Gupta, Ms.Harleen Singh, Mr.Akshay Palavi,
				<lb />
				Mr.Prashant Mehta, Advs.
			</petitioner_lawyer>
			<respondent>
				MASS GLOBAL INVESTMENT CO &amp; ORS
				<lb />
			</respondent>
			.....
			<extra>
				Respondents
				<lb />
			</extra>
			<extra>
				Represented by:
				<lb />
			</extra>
			<respondent_lawyer>
				Mr.C.A.Sundaram, Sr.Adv.,
				<lb />
				Mr.Neeraj Kishan Kaul, Sr.Adv. instructed by
				<lb />
				Ms.Divya Kapur, Ms.Manjira Dasgupta
				<lb />
			</respondent_lawyer>
			<extra>
				, Adv. for
				<lb />
				respondent No.1.
			</extra>
			<respondent_lawyer>
				Mr.S.L.Gupta
				<lb />
			</respondent_lawyer>
			<extra>
				, Adv. for State Bank of India.
				<lb />
			</extra>
			<judge>
				CORAM:
				<lb />
				HON&apos;BLE MR. JUSTICE PRADEEP NANDRAJOG
				<lb />
				HON&apos;BLE MS. JUSTICE MANMOHAN SINGH
				<lb />
			</judge>
		</front>
	</text>
</tei>
