<?xml version="1.0"?>
<tei xml:space="preserve">
	<teiHeader>
		<fileDesc xml:id="SUG29082018CW61752018" />
	</teiHeader>
	<text xml:lang="en">
		<front>
			<lb />
			<page>
				Page 1 of 2
				<lb />
			</page>
			<court>
				THE HIGH COURT OF DELHI AT NEW DELHI
				<lb />
			</court>
			<judgement_date>
				Date of Order: August 29, 2018
				<lb />
			</judgement_date>
			<petitioner>
				SMT. KASTURI
				<lb />
			</petitioner>
			.....
			<extra>
				petitioner
				<lb />
			</extra>
			<extra>
				Through:
				<lb />
			</extra>
			<petitioner_lawyer>
				Mr. N.S. Dalal Mr. Amit
				<lb />
				Dhankhar, Advocates
			</petitioner_lawyer>
			<extra>
				Versus
				<lb />
			</extra>
			<respondent>
				LAND AND BUILDING DEPARTMENT
				<lb />
			</respondent>
			.....
			<extra>
				Respondents
				<lb />
			</extra>
			<extra>
				Through:
				<lb />
			</extra>
			<respondent_lawyer>
				Mr. Yeeshu Jain, Standing Counsel
				<lb />
				Ms. Jyoti Tyagi, Advocate
				<lb />
			</respondent_lawyer>
			<judge>
				CORAM:
				<lb />
				HON&apos;BLE MR. JUSTICE SUNIL GAUR
				<lb />
			</judge>
			<document_type>
				O R D E R
				<lb />
				(ORAL)
			</document_type>
		</front>
	</text>
</tei>
