<?xml version="1.0"?>
<tei xml:space="preserve">
	<teiHeader>
		<fileDesc xml:id="XY0L737WO34034O" />
	</teiHeader>
	<text xml:lang="en">
		<front>
			<lb />
			<page>
				Page 1 of 72
				<lb />
			</page>
			<court>
				IN THE HIGH COURT OF DELHI AT NEW DELHI
				<lb />
			</court>
			<judgement_date>
				Date of Decision: 20 th December, 2017
				<lb />
			</judgement_date>
			<petitioner>
				BRIJESH KUMAR VERMA
			</petitioner>
			......
			<extra>
				Appellant
				<lb />
			</extra>
			<extra>
				Through:
				<lb />
			</extra>
			<petitioner_lawyer>
				Mr. Harvinder Singh, Mr.Jatin
				<lb />
				Kumar, Advocates
				<lb />
			</petitioner_lawyer>
			<extra>
				Versus
				<lb />
			</extra>
			<respondent>
				AURANGJEB &amp; ANR.
				<lb />
			</respondent>
			.....
			<extra>
				Respondents
				<lb />
			</extra>
			<extra>
				Through:
				<lb />
			</extra>
			<respondent_lawyer>
				Ms. Pratima N. Chauhan,
				<lb />
				Advocate for respondent no.1.
				<lb />
				Mr.Sanjoy Ghose, ASC for
				<lb />
				GNCTD.
			</respondent_lawyer>
			<judge>
				CORAM:
				<lb />
				HON&apos;BLE MR. JUSTICE J.R. MIDHA
				<lb />
			</judge>
			<document_type>
				J U D G M E N T
				<lb />
			</document_type>
		</front>
	</text>
</tei>
