<?xml version="1.0" ?>
<tei xml:space="preserve">
	<teiHeader>
		<fileDesc xml:id="0"/>
	</teiHeader>
	<text xml:lang="en">
			<p>Himachal Pradesh Power Corporation &amp; Ors.<lb/> …..Respondents.<lb/> Coram:<lb/> The Hon&apos;ble Mr. Justice Sureshwar Thakur, Judge<lb/> Whether approved for reporting? 1<lb/></p>

			<p>For the petitioner:<lb/></p>

			<p>Mr. C.N. Singh,<lb/> Advocate.<lb/> For the respondents:<lb/> None.<lb/> Sureshwar Thakur, Judge Oral<lb/> The learned counsel appearing for the petitioner submits<lb/> that he may be permitted to withdraw the instant petition. Permission<lb/> granted. Accordingly, the instant writ petition is dismissed as<lb/> withdrawn, with liberty to the writ petitioner to raise an industrial<lb/> dispute, in respect of grievances ventilated, in, the writ petition.<lb/></p>

			<p>2.<lb/> Pending application(s), if any, also stand disposed of<lb/> accordingly.<lb/></p>

			<p>(Sureshwar Thakur)<lb/> Vacation Judge<lb/> January 31, 2019<lb/> (Bhatt/Rohit)<lb/> 1 Whether the reporters of the local papers may be allowed to see the<lb/> Judgment?<lb/></p>

			<p>2</p>


	</text>
</tei>
