<?xml version="1.0"?>
<tei xml:space="preserve">
    <teiHeader>
        <fileDesc xml:id="0" />
    </teiHeader>
    <text xml:lang="en">
        <p>
            1.
            <lb />
            Challenge in this appeal is to the judgment of conviction and
            <lb />
            sentence dated 17.05.2013 passed by the First Additional
            <lb />
            Sessions Judge, Balodabazar in Sessions Trial No.56/2012,
            <lb />
            whereby the learned Additional Sessions Judge has convicted
            <lb />
            and sentenced the Appellant as under:
            <lb />
        </p>
        <table>
            Sl.
            <lb />
            No.
            <lb />
            Conviction
            <lb />
            Sentence
            <lb />
            1 Under Section 323 IPC Rigorous Imprisonment for
            <lb />
            3 months and fine of Rs.
            <lb />
            200/-,
            <lb />
            in
            <lb />
            default
            <lb />
            of
            <lb />
            payment of fine, to further
            <lb />
            undergo
            <lb />
            rigorous
            <lb />
            imprisonment for 1 month
            <lb />
            2 Under Section 363 IPC Rigorous Imprisonment for
            <lb />
            3 years and fine of Rs.
            <lb />
            200/-,
            <lb />
            in
            <lb />
            default
            <lb />
            of
            <lb />
            payment of fine, to further
            <lb />
            undergo
            <lb />
            rigorous
            <lb />
            imprisonment for 1 month
            <lb />
            3 Under Section 366 IPC Rigorous Imprisonment for
            <lb />
            4 years and fine of Rs.
            <lb />
            300/-,
            <lb />
            in
            <lb />
            default
            <lb />
            of
            <lb />
            payment of fine, to further
            <lb />
            undergo
            <lb />
            rigorous
            <lb />
            imprisonment for 2 months
            <lb />
            4 Under Section 376 IPC Rigorous Imprisonment for
            <lb />
            7 years and fine of Rs.
            <lb />
            500/-,
            <lb />
            in
            <lb />
            default
            <lb />
            of
            <lb />
            payment of fine, to further
            <lb />
            undergo
            <lb />
            rigorous
            <lb />
            imprisonment for 3 months
            <lb />
            All the sentences are
            <lb />
            directed
            <lb />
            to
            <lb />
            run
            <lb />
            concurrently
            <lb />
        </table>

        <p>
            2. Case of the prosecution, in brief, is that prosecutrix (PW-1),
            <lb />
            before lodging First Information Report (Ex.P-2), had made a
            <lb />
            written complaint dated 30.10.2012 (Ex.P-1) in Police Station
            <lb />
            Palari that one year prior to 30.10.2012 she was studying in Xth
            <lb />
            Standard in the school situated in her village Risda.
            <lb />
            The
            <lb />
            Appellant, who was a resident of Village Bharuwadih, used to
            <lb />
            visit her Village Risda. The prosecutrix and the Appellant were,
            <lb />
            therefore, acquainted with each other. One year prior to lodging
            <lb />
            of the written complaint (Ex.P-1), i.e., in the month of June, the
            <lb />
            prosecutrix went to Village Bharuwadih. The Appellant met with
            <lb />
            the prosecutrix there. He told her that he loved her and he will
            <lb />
            keep her as his wife and saying this he took her to his house and
            <lb />
            committed forcible sexual intercourse with her there without her
            <lb />
            consent. He continued to commit forcible sexual intercourse
            <lb />
            with her for about 1 year. When the prosecutrix wanted to return
            <lb />
            her maternal house, he threatened her of life. He used to quarrel
            <lb />
            with her. The prosecutrix gave birth to a child (son) as a result of
            <lb />
            the sexual intercourse committed with her by the Appellant. The
            <lb />
            age of the son, on the date of making the written complaint
            <lb />
            (Ex.P-1), was 1 month. As per the written complaint, the
            <lb />
            Appellant again committed marpeet with the prosecutrix on
            <lb />
            29.10.2012. Therefore, the prosecutrix anyhow fled from the
            <lb />
            house of the Appellant and went to her father&apos;s house at Village
            <lb />
            Risda. Thereafter, she along with her father and other village
            <lb />
            residents went to Police Station Palari and lodged the written
            <lb />
            complaint (Ex.P-1). On the basis of her written complaint, Crime
            <lb />
            No.348 of 2012 was registered against the Appellant under
            <lb />
            Sections 363, 366, 376, 506, 323 IPC. After obtaining consent
            <lb />
            (Ex.P-3) from the prosecutrix, her medical examination was
            <lb />
            conducted and the reports of which are Ex.P-13 and Ex.P-16.
            <lb />
            Spot maps (Ex.P-4 and Ex.P-5) were prepared. On submitting by
            <lb />
            the prosecutrix, a photocopy of her mark-sheet of middle school
            <lb />
            examination (Ex.P-12C) was seized vide Ex.P-7. Underwear of the
            <lb />
            Appellant was seized vide Ex.P-8. The Appellant was arrested
            <lb />
            vide Ex.P-9. He was medically examined by Dr. F.R. Nirala (PW-5)
            <lb />
            and report of the medical examination is Ex.P-10. Vaginal slides
            <lb />
            of the prosecutrix were prepared and sent to the Forensic
            <lb />
            Science Laboratory for chemical examination and the report of
            <lb />
            the FSL is Ex.C1.
            <lb />
        </p>

        <p>
            3. After completion of the investigation, a charge sheet was
            <lb />
            filed against the Appellant in the Court of Judicial Magistrate First
            <lb />
            Class, Balodabazar, in turn, the Judicial Magistrate First Class
            <lb />
            committed the case to the Court of Session at Raipur from where
            <lb />
            the First Additional Sessions Judge, Balodabazar received the
            <lb />
            case on transfer.
            <lb />
        </p>

        <p>
            4. The First Additional Sessions Judge framed charges against
            <lb />
            the Appellant under Sections 363, 366, 376, 323 and 506 Part II
            <lb />
            IPC. The Appellant denied the guilt and claimed trial. Statements
            <lb />
            of witnesses were recorded. In his statement under Section 313
            <lb />
            CrPC, the Appellant defended himself that he is innocent and has
            <lb />
            been falsely implicated in the case and he has performed
            <lb />
            marriage with the prosecutrix in his society.
            <lb />
        </p>

        <p>
            5. After appreciation of the evidence available on record, the
            <lb />
            First Additional Sessions Judge acquitted the Appellant of the
            <lb />
            charge under Section 506 Part II IPC, but convicted him under
            <lb />
            Sections 323, 363, 366, 376 IPC and sentenced him thereunder
            <lb />
            as mentioned in the first paragraph of this judgment. Hence, this
            <lb />
            appeal.
            <lb />
        </p>

        <p>
            6. Learned Counsel appearing for the Appellant argued that the
            <lb />
            conviction and sentence imposed upon the Appellant is contrary
            <lb />
            to the facts and law. The prosecutrix has not stated anything
            <lb />
            about any injury sustained by her. She has only stated that the
            <lb />
            Appellant committed marpeet with her. The prosecutrix had
            <lb />
            accompanied and gone with the Appellant with her own consent.
            <lb />
            The prosecution has not been able to prove that the age of the
            <lb />
            prosecutrix on the date of incident was below 16 years. The
            <lb />
            finding arrived at by the Trial Court in this regard is not correct.
            <lb />
            The prosecutrix resided with the Appellant as his wife voluntarily.
            <lb />
            The written complaint was lodged by the prosecutrix against the
            <lb />
            Appellant only after a dispute arose between them after Chhatti
            <lb />
            ceremony of their son. The impugned judgment of conviction and
            <lb />
            sentence is not sustainable in the eyes of law. Therefore, the
            <lb />
            conviction and sentence imposed upon the Appellant may be set
            <lb />
            aside and the Appellant may be acquitted of the charges framed
            <lb />
            against him.
            <lb />
        </p>

        <p>
            7. Learned Counsel appearing for the State submitted that the
            <lb />
            impugned judgment of conviction and sentence is impeccable
            <lb />
            and does not warrant any interference by this Court.
            <lb />
        </p>

        <p>
            8. To bring home the offence, the prosecution examined the
            <lb />
            prosecutrix (PW-1), Rajkumar (PW-2), Panchram (PW-3),
            <lb />
            Bhupendra (PW-4), Dr. F.R. Nirala (PW-5), Santosh (PW-6),
            <lb />
            Rukhmani (PW-7), Narendra Borse (PW-8), Dr. Anita Verma (PW-9)
            <lb />
            and Paurush Purre (PW-10). The Appellant has not examined any
            <lb />
            witness in his defence.
            <lb />
        </p>

        <p>
            9. The prosecutrix (PW-1) has deposed that her age on the date
            <lb />
            of her deposition in the Court, i.e., 11.2.2013 was 16½ years.
            <lb />
            One year prior to the incident, she was studying in Xth Standard
            <lb />
            in the school situated in her Village Risda. The Appellant, who
            <lb />
            was a resident of Village Bharuwadih, used to visit the house of
            <lb />
            his relative in Village Risda, therefore, she was acquainted with
            <lb />
            him. One year prior to lodging of the written complaint (Ex.P-1),
            <lb />
            she had gone to Village Bharuwadih. The Appellant met with her
            <lb />
            there. He told her that he loved her and he will keep her as his
            <lb />
            wife and saying this he had committed forcible sexual
            <lb />
            intercourse with her there without her consent. The Appellant
            <lb />
            had kept her at his house. If she wanted to go out of the house
            <lb />
            of the Appellant, he threatened her of life. She has given birth to
            <lb />
            a child (son) because of the forcible sexual intercourse
            <lb />
            committed by the Appellant with her. She further deposed that
            <lb />
            after one week of the Chhatti ceremony of their son, the
            <lb />
            Appellant committed marpeet with her, then she fled from the
            <lb />
            house of the Appellant and came to her maternal house at
            <lb />
            Village Risda and narrated the incident to her parents. This
            <lb />
            witness has admitted the lodging of written complaint (Ex.P-1).
            <lb />
            Which part of the body of the prosecutrix was injured in the
            <lb />
            marpeet committed by the Appellant is not mentioned by her in
            <lb />
            her written complaint (Ex.P-1) nor is it stated in her Court
            <lb />
            statement. The written complaint (Ex.P-1) also does not contain
            <lb />
            the date of birth of the prosecutrix. The prosecutrix has stated
            <lb />
            that she had given a photo copy of her school mark-sheet to the
            <lb />
            police, which was seized by the police vide Ex.P-7. The witness
            <lb />
            has stated her date of birth to be 14.5.1996, but she has not
            <lb />
            stated the correct date of incident in her written complaint (Ex.P-
            <lb />
            1) nor has mentioned it in her statement too. The written
            <lb />
            complaint (Ex.P-1) only discloses that the incident took place one
            <lb />
            year prior to its lodging. What were the actual circumstances at
            <lb />
            the time of incident is not clear from the evidence of the
            <lb />
            prosecutrix. According to the prosecutrix, the incident took place
            <lb />
            one year prior to her lodging of the written complaint (Ex.P-1)
            <lb />
            and at the time of incident her age was 15½ years.
            <lb />
        </p>

        <p>
            10. The father of the prosecutrix Santosh (PW-6) has stated the
            <lb />
            age of the prosecutrix to be 16½ years. He has not deposed the
            <lb />
            date of birth of her daughter (the prosecutrix) before the Court.
            <lb />
            In cross-examination, he has stated that he had recorded the
            <lb />
            date of birth of the prosecutrix in his diary. This diary has not
            <lb />
            been seized by the police nor has it been produced before the
            <lb />
            Court by the witness at the time of his deposition.
            <lb />
        </p>

        <p>
            11. Rukhmani (PW-7), the mother of the prosecutrix, had
            <lb />
            produced the original school mark-sheet of the prosecutrix
            <lb />
            before the Court whose photo copy is placed on record as Ex.P-
            <lb />
            12C. Rukhmani (PW-7) also does not remember the date of birth
            <lb />
            of her daughter (the prosecutrix). This witness has admitted that
            <lb />
            at the time of admission of the prosecutrix in the school her age
            <lb />
            was 7 years. According to the prosecutrix, at the time of
            <lb />
            incident, she was studying in Xth Standard.
            <lb />
            In these
            <lb />
            circumstances, the age of the prosecutrix, at the time of
            <lb />
            incident, would be 17 years.
            <lb />
        </p>

        <p>
            12. The prosecution has not produced the relevant school
            <lb />
            admission register before the Court nor has examined the
            <lb />
            Principal of the concerned school in respect of age of the
            <lb />
            prosecutrix. No Kotwar Register or Panchayat Register has been
            <lb />
            seized by the police nor has any relevant witness been examined
            <lb />
            in the Court with regard to age of the prosecutrix.
            <lb />
        </p>

        <p>
            13. Dr. Anita Verma (PW-9) has deposed in para 6 of her
            <lb />
            deposition that X-ray of joint of right wrist was done for
            <lb />
            ascertaining the age of the prosecutrix. It was found in the X-ray
            <lb />
            report that joint of the right wrist of the prosecutrix was not fully
            <lb />
            joined. Dr. Anita Verma (PW-9), in her report (Ex.P-13), has
            <lb />
            opined the age of the prosecutrix to be 16 to 18 years with a
            <lb />
            margin of error of two years on either side. For determination of
            <lb />
            age of the prosecutrix, no other examination has been performed
            <lb />
            except the X-ray examination. In this regard, Learned Counsel
            <lb />
            appearing for the Appellant has placed reliance on para 10 of the
            <lb />
            judgment in Kanhaiya v. State of C.G., 2006 (1) CGLJ 453,
            <lb />
            which reads as under:
            <lb />
        </p>

        <item>
            &quot;10. The
            <lb />
            only
            <lb />
            point
            <lb />
            which
            <lb />
            requires
            <lb />
            consideration now is the age of the prosecutrix on
            <lb />
            the date of occurrence. Dr. Smt. S. Sawant P.W.
            <lb />
            14 has stated that on examination of the
            <lb />
            prosecutrix, she found that all 32 teeth had
            <lb />
            erupted and the prosecutrix was a fully developed
            <lb />
            lady. Learned counsel for the appellant has
            <lb />
            placed reliance on page 49 of the Medical
            <lb />
            Jurisprudence and Toxicology by Modi 22 nd
            <lb />
            edition to argue that the third molars or wisdom
            <lb />
            teeth erupt in the 17 th to 25 th years of age. This
            <lb />
            shows that the prosecutrix was at least 17 years
            <lb />
            of age on the date of occurrence. The observation
            <lb />
            of Modi is of definit significance in this case. The
            <lb />
            Ossification test conducted by Dr. A.K. Sahu P.W.
            <lb />
            8 also shows that the estimated age of the
            <lb />
            prosecutrix was opined to be about 15 years. It is
            <lb />
            settled law that a legally permissible margin of
            <lb />
            error of 2 years on either side has to be given in
            <lb />
            the estimation of age given in the report of
            <lb />
            Ossification test.&quot;
            <lb />
        </item>

        <p>
            14. As far as the date of birth mentioned in the school mark-
            <lb />
            sheet of the prosecutrix produced in the Trial Court is concerned,
            <lb />
            this date of birth has no importance because the Principal of the
            <lb />
            concerned school or the concerned clerk who made the entry of
            <lb />
            the date of birth of the prosecutrix in the school admission
            <lb />
            register has not been examined in the Court. For proving the
            <lb />
            date of birth of the prosecutrix, no Kotwar Register or Panchayat
            <lb />
            Register has been produced in the Court by the prosecution nor
            <lb />
            has any relevant person been examined in the Court in this
            <lb />
            regard. Santosh (PW-6) and Rukhmani (PW-7), who are father
            <lb />
            and mother of the prosecutrix, have also deposed that they do
            <lb />
            not remember the date of birth of their daughter (the
            <lb />
            prosecutrix).
            <lb />
            Therefore, if date of birth of a child is got
            <lb />
            registered in the school admission register on the basis of mere
            <lb />
            assumption, that may serve the purpose of admission of the
            <lb />
            child in the school, but that cannot be admissible in evidence
            <lb />
            and arriving at a finding by a Court on the basis of such date of
            <lb />
            birth would not be safe.
            <lb />
            In this regard, Learned Counsel
            <lb />
            appearing for the Appellant has placed reliance on paragraphs
            <lb />
            42 to 49 of the judgment in Alamelu and another v. State
            <lb />
            Represented by Inspector of Police, (2011) 2 SCC 385,
            <lb />
            which read as under:
            <lb />
        </p>

        <item>
            &quot;42. Considering the manner in which the facts
            <lb />
            recorded in a document may be proved, this
            <lb />
            Court in Birad Mal Singhvi v. Anand Purohit,
            <lb />
            1988 Supp SCC 604 observed as follows: (SCC
            <lb />
            pp. 61819, para 14)
            <lb />
        </item>

        <item>
            &quot;14. ….. The date of birth mentioned in
            <lb />
            the scholars&apos; register has no evidentiary
            <lb />
            value unless the person who made the
            <lb />
            entry or who gave the date of birth is
            <lb />
            examined.
            <lb />
        </item>

        <item>
            …..
            <lb />
            Merely because the
            <lb />
            documents Exts. 8, 9, 10, 11 and 12 were
            <lb />
            proved, it does not mean that the
            <lb />
            contents of documents were also proved.
            <lb />
            Mere proof of the documents Exts. 8, 9,
            <lb />
            10, 11 and 12 would not tantamount to
            <lb />
            proof of all the contents or the
            <lb />
            correctness of date of birth stated in the
            <lb />
            documents. Since the truth of the fact,
            <lb />
            namely, the date of birth of Hukmi
            <lb />
            Chand and Suraj Prakash Joshi was in
            <lb />
            issue, mere proof of the documents as
            <lb />
            produced by the aforesaid two witnesses
            <lb />
            does not furnish evidence of the truth of
            <lb />
            the facts or contents of the documents.
            <lb />
            The truth or otherwise of the facts in
            <lb />
            issue, namely, the date of birth of the two
            <lb />
            candidates as mentioned in the
            <lb />
            documents could be proved by admissible
            <lb />
            evidence i.e. by the evidence of those
            <lb />
            persons who could vouchsafe for the
            <lb />
            truth of the facts in issue. No evidence of
            <lb />
            any such kind was produced by the
            <lb />
            respondent to prove the truth of the
            <lb />
            facts, namely, the date of birth of Hukmi
            <lb />
            Chand and of Suraj Prakash Joshi. In
            <lb />
            the circumstances the dates of birth as
            <lb />
            mentioned in the aforesaid documents
            <lb />
            have no probative value and the dates of
            <lb />
            birth as mentioned therein could not be
            <lb />
            accepted.&quot;
            <lb />
            (emphasis supplied)
            <lb />
        </item>

        <item>
            43.
            <lb />
            The same proposition of law is reiterated
            <lb />
            by this Court in Narbada Devi Gupta v. Birendra
            <lb />
            Kumar Jaiswal, (2003) 8 SCC 745, where this
            <lb />
            Court observed as follows: (SCC p. 751, para 16)
            <lb />
        </item>

        <item>
            &quot;16. ….. The legal position is not in
            <lb />
            dispute that mere production and
            <lb />
            marking of a document as exhibit by the
            <lb />
            court cannot be held to be a due proof of
            <lb />
            its contents. Its execution has to be
            <lb />
            proved by admissible evidence, that is,
            <lb />
            by the &apos;evidence of those persons who
            <lb />
            can vouchsafe for the truth of the facts
            <lb />
            in issue&apos;.&quot;
            <lb />
        </item>

        <item>
            44.
            <lb />
            In our opinion, the aforesaid burden of
            <lb />
            proof has not been discharged by the prosecution.
            <lb />
            The father says nothing about the transfer
            <lb />
            certificate in his evidence. The Headmaster has
            <lb />
            not been examined at all. Therefore, the entry in
            <lb />
            the transfer certificate cannot be relied upon to
            <lb />
            definitely fix the age of the girl.
            <lb />
        </item>

        <item>
            45.
            <lb />
            In fixing the age of the girl as below 18
            <lb />
            years, the High Court relied solely on the
            <lb />
            certificate issued by PW 8 Dr. Gunasekaran.
            <lb />
            However, the High Court failed to notice that in
            <lb />
            his evidence before the court, PW 8, the xray
            <lb />
            expert had clearly stated in the cross
            <lb />
            examination that on the basis of the medical
            <lb />
            evidence, generally, the age of an individual
            <lb />
            could be fixed approximately. He had also stated
            <lb />
            that it is likely that the age may vary from
            <lb />
            individual to individual. The doctor had also
            <lb />
            stated that in view of the possible variations in
            <lb />
            age, the certificate mentioned the possible age
            <lb />
            between one specific age to another specific age.
            <lb />
            On the basis of the above, it would not be
            <lb />
            possible to give a firm opinion that the girl was
            <lb />
            definitely below 18 years of age.
            <lb />
        </item>

        <item>
            46.
            <lb />
            In addition, the High Court failed to
            <lb />
            consider the expert evidence given by PW 13 Dr.
            <lb />
            Manimegalaikumar,
            <lb />
            who
            <lb />
            had
            <lb />
            medically
            <lb />
            examined the victim. In his crossexamination,
            <lb />
            he had clearly stated that a medical examination
            <lb />
            would only point out the age approximately with
            <lb />
            a variation of two years. He had stated that in
            <lb />
            this case, the age of the girl could be from 17 to
            <lb />
            19 years. This margin of error in age has been
            <lb />
            judicially recognised by this Court in Jaya Mala
            <lb />
            v. Govt. of J&amp;K, (1982) 2 SCC 538. In the
            <lb />
            aforesaid judgment, it is observed as follows:
            <lb />
            (SCC p. 541, para 9)
            <lb />
        </item>

        <item>
            &quot;9. ….. However, it is notorious and one
            <lb />
            can take judicial notice that the margin
            <lb />
            of error in age ascertained by
            <lb />
            radiological examination is two years on
            <lb />
            either side.&quot;
            <lb />
        </item>

        <item>
            47.
            <lb />
            We are of the opinion, in the facts of this
            <lb />
            case, the age of the girl could not have been fixed
            <lb />
            on the basis of the transfer certificate. There
            <lb />
            was no reliable evidence to vouchsafe the
            <lb />
            correctness of the date of birth as recorded in the
            <lb />
            transfer certificate. The expert evidence does not
            <lb />
            rule out the possibility of the girl being a major.
            <lb />
            In our opinion, the prosecution has failed to
            <lb />
            prove that the girl was a minor, at the relevant
            <lb />
            date.
            <lb />
        </item>

        <item>
            48.
            <lb />
            We may further notice that even with
            <lb />
            reference to Section 35 of the Evidence Act, a
            <lb />
            public document has to be tested by applying the
            <lb />
            same standard in civil as well as criminal
            <lb />
            proceedings.
            <lb />
            In this context, it would be
            <lb />
            appropriate to notice the observations made by
            <lb />
            this Court in Ravinder Singh Gorkhi v. State of
            <lb />
            U.P., (2006) 5 SCC 584 which held as follows:
            <lb />
            (SCC p. 595, para 38)
            <lb />
        </item>

        <item>
            &quot;38. The age of a person as recorded in
            <lb />
            the school register or otherwise may be
            <lb />
            used for various purposes, namely, for
            <lb />
            obtaining admission; for obtaining an
            <lb />
            appointment; for contesting election;
            <lb />
            registration of marriage; obtaining a
            <lb />
            separate unit under the ceiling laws; and
            <lb />
            even for the purpose of litigating before a
            <lb />
            civil forum e.g. necessity of being
            <lb />
            represented in a court of law by a
            <lb />
            guardian or where a suit is filed on the
            <lb />
            ground that the plaintiff being a minor
            <lb />
            he was not appropriately represented
            <lb />
            therein or any transaction made on his
            <lb />
            behalf was void as he was a minor. A
            <lb />
            court of law for the purpose of
            <lb />
            determining the age of a party to the lis,
            <lb />
            having regard to the provisions of
            <lb />
            Section 35 of the Evidence Act will have
            <lb />
            to apply the same standard. No different
            <lb />
            standard can be applied in case of an
            <lb />
            accused as in a case of abduction or rape,
            <lb />
            or similar offence where the victim or the
            <lb />
            prosecutrix
            <lb />
            although
            <lb />
            might
            <lb />
            have
            <lb />
            consented with the accused, if on the
            <lb />
            basis of the entries made in the register
            <lb />
            maintained by the school, a judgment of
            <lb />
            conviction is recorded, the accused would
            <lb />
            be deprived of his constitutional right
            <lb />
            under Article 21 of the Constitution, as
            <lb />
            in that case the accused may unjustly be
            <lb />
            convicted.&quot;
            <lb />
            (emphasis supplied)
            <lb />
        </item>

        <item>
            49.
            <lb />
            In such circumstances, we are constrained
            <lb />
            to hold that the High Court without examining
            <lb />
            the factual and legal issues has unnecessarily
            <lb />
            rushed to the conclusion that the girl was a
            <lb />
            minor at the time of the alleged abduction.
            <lb />
            There is no satisfactory evidence to indicate that
            <lb />
            she was a minor.&quot;
            <lb />
        </item>

        <p>
            15. Therefore, from the evidence of the prosecution, the actual
            <lb />
            age of the prosecutrix on the date of incident is not proved and it
            <lb />
            is also not proved that on the date of incident she was below 16
            <lb />
            or 18 years of age.
            <lb />
        </p>

        <p>
            16. From the evidence of the prosecutrix (PW-1) it is evident that
            <lb />
            the prosecutrix remained stayed with the Appellant at his house
            <lb />
            for about one year till she gave birth to a child (their son).
            <lb />
            According to the statement made by the prosecutrix (PW-1) in
            <lb />
            cross-examination at para 11, she was residing with the
            <lb />
            Appellant in his Village Bharuwadih and during her reside there
            <lb />
            she was also going to take bath in a pond situated in that village.
            <lb />
            Other village ladies were also taking bath in that pond. For
            <lb />
            attending the call of nature also, the prosecutrix was going in the
            <lb />
            village out of the house of the Appellant. Her friendship had also
            <lb />
            been developed with many girls of Village Bharuwadih. Despite
            <lb />
            these favouring circumstances, she never tried to come out of
            <lb />
            the clutches of the Appellant and continued to reside with the
            <lb />
            Appellant at his house at Village Bharuwadih till she gave birth to
            <lb />
            a child. In cross-examination, at para 12, she has further
            <lb />
            deposed that she along with the Appellant had visited her
            <lb />
            mother at Raipur where she was admitted in a hospital due to
            <lb />
            falling ill. On this occasion also, she did not make any effort to
            <lb />
            come out of the clutches of the Appellant. She has also admitted
            <lb />
            in her evidence that she along with the Appellant had gone to
            <lb />
            her maternal house at Village Risda from Village Bharuwadih.
            <lb />
            She has also admitted that the Appellant, after her giving birth to
            <lb />
            their son, had taken her and their son to the house of his sister-
            <lb />
            in-law (Bua) at Village Risda and left there. Parents of the
            <lb />
            prosecutrix were also residing in Village Risda. On this occasion
            <lb />
            also, despite her staying at Village Risda, the prosecutrix did not
            <lb />
            go to the house of her parents at Village Risda and make them
            <lb />
            any complaint against the Appellant nor did she lodge any
            <lb />
            complaint against the Appellant in police station.
            <lb />
        </p>

        <p>
            17. The prosecutrix (PW-1) has admitted in cross-examination
            <lb />
            that she was wearing Mangalsutra (necklace) and was filling in
            <lb />
            vermillion in the parting of her hair. She has further admitted in
            <lb />
            cross-examination at para 21 that on the date of her appearance
            <lb />
            for evidence in the Court also, i.e., 11.2.2013, she had worn
            <lb />
            Mangalsutra (necklace) and had filled in vermillion in the parting
            <lb />
            of her hair.
            <lb />
        </p>

        <p>
            18. Thus, from the evidence of the prosecutrix (PW-1), it is
            <lb />
            evident that the prosecutrix remained stayed with the Appellant
            <lb />
            with her consent till she gave birth to a child (their son) and she
            <lb />
            lodged the written complaint (Ex.P-1) against the Appellant only
            <lb />
            after a marpeet took place between them after one week of the
            <lb />
            Chhatti ceremony arranged on the birth of their son. Therefore,
            <lb />
            in this circumstance, presumption of forcible sexual intercourse
            <lb />
            by the Appellant with the prosecutrix cannot be drawn nor can it
            <lb />
            be presumed that the Appellant kidnapped the prosecutrix for
            <lb />
            the purpose of marrying her or for committing forcible sexual
            <lb />
            intercourse with her.
            <lb />
        </p>

        <p>
            19. Therefore, from the above evidence of the prosecution, the
            <lb />
            offences under Sections 323, 363, 366 and 376 of the Indian
            <lb />
            Penal Code alleged against the Appellant are not proved.
            <lb />
        </p>

        <p>
            20. Consequently, the appeal is allowed. The impugned
            <lb />
            judgment of conviction and sentence is set aside. The Appellant
            <lb />
            is acquitted of the charges framed against him.
            <lb />
        </p>

        <p>
            21. It is reported that the Appellant is in jail. He is directed to be
            <lb />
            set at liberty forthwith, if not required in any other case.
        </p>
        <lb />
        <p>
            Sd/-
            <lb />
            (Anil Kumar Shukla)
            <lb />
            Judge
        </p>

    </text>
</tei>