<?xml version="1.0" ?>
<tei xml:space="preserve">
	<teiHeader>
		<fileDesc xml:id="0"/>
	</teiHeader>
	<text xml:lang="en">
			<head>CORAM:<lb/> HON&apos;BLE MR. JUSTICE ARUP KUMAR GOSWAMI, CHIEF JUSTICE<lb/> HON&apos;BLE MRS. JUSTICE MEENAKSHI MADAN RAI, JUDGE<lb/> …<lb/></head>

			<p>(ARUP KUMAR GOSWAMI, CJ)<lb/> Heard Mr. Jorgay Namka, learned Counsel for the petitioner.<lb/> Also heard Mr. B.K Gupta and Ms. Sangita Pradhan, learned Counsel<lb/> appearing for the respondents.<lb/> By filing this I.A no.05/2020, the petitioner makes the following<lb/> prayer:-<lb/></p>

			<item>&quot;In the facts and circumstances stated herein above, it is<lb/> therefore, most respectfully prayed that this Hon&apos;ble Court may be<lb/> pleased to take on records the receipts for having deposited the<lb/> amount stipulated under Section 35F of the Central Excise Act, 1944<lb/> by the petitioner and thereafter pass necessary order/s directing the<lb/> Ld. Customs, Excise &amp; Service Tax Appellate Tribunal, Kolkata, Eastern<lb/> Zonal Bench, Kolkata to consider the issue of the petitioner having<lb/> deposited the pre-deposit amount of Rs.2,53,41,100/-as stipulated<lb/> under Section 35F of the Central excise Act, 1944 as this Hon&apos;ble Court<lb/> may deem fit and proper and/or pass any other order/s/direction as<lb/> your Lordships deem fit and proper for the ends of justice.&quot;<lb/></item>

			<p>The writ petition filed by the petitioner being W.P. (C) No.20/<lb/> 2018 was dismissed by an order dated 04.03.2019, taking a view that<lb/> HIGH COURT OF SIKKIM<lb/> Record of Proceedings through Video Conferencing<lb/> Page 2 of 2<lb/> the learned Customs, Excise and Service Tax Appellate Tribunal,<lb/> Kolkata was justified in dismissing the appeal filed by the petitioner on<lb/> the ground that while filing the appeal before the Appellate Tribunal,<lb/> the petitioner did not deposit the amount as required under Section<lb/> 35F of the Central Excise Act, 1944.<lb/> In view of the above position, we are of the opinion that this I.A<lb/> is misconceived. Accordingly, I.A no.05/2020 stands dismissed.<lb/></p>

			<p>Judge<lb/> Chief Justice</p>


	</text>
</tei>
