<?xml version="1.0" ?>
<tei xml:space="preserve">
	<teiHeader>
		<fileDesc xml:id="0"/>
	</teiHeader>
	<text xml:lang="en">
			<head> SIDDHARTH MRIDUL, J (ORAL) <lb/> </head>

			<p>1.<lb/> The present petition under Article 226 of the Constitution of India<lb/> prays as follows:-<lb/></p>
            
            <list>
            
            <item> &quot;In the facts and circumstances of the present case this<lb/> Hon&apos;ble Court may pleased to:<lb/></item>

			<item>a) Pass a writ of mandamus or any other appropriate<lb/> writ/order(s)/direction(s) against the respondent, thereby<lb/> directing or ordering the respondent to allow a period of<lb/> 15 days to the petitioner to remove his machines,<lb/> raw/furnished material out of the premises so sealed by<lb/> the respondent i.e. premises bearing Plot No.6, C<lb/> Extension Block, New Ashok Nagar, Delhi-110096.<lb/></item>

			<item>b) Any other relief may also be granted by the Hon&apos;ble Court<lb/> in favour of the petitioner as well as against the<lb/> respondent.&quot;<lb/></item>

            </list>

			<p>2.<lb/> Notice.<lb/></p>

			<p>3.<lb/> Mr. G.D. Mishra, learned counsel accepts notice on behalf of the<lb/> respondent.<lb/></p>

			<p>4.<lb/> Mr. Prashant Sharma, learned counsel appearing on behalf of the<lb/> petitioner limits the relief in the present petition to a direction to the East<lb/> Delhi Municipal Corporation, the respondent herein, to consider his<lb/> application seeking permission to remove his goods and belongings from the<lb/> subject premises bearing Plot No.6, C Extension Block, New Ashok Nagar,<lb/> Delhi-110096, that are lying sealed.<lb/></p>

			<p>5.<lb/> Learned counsel appearing on behalf of EDMC states that if a<lb/> representation is received in this behalf from the petitioner, the same shall be<lb/> disposed of, in accordance with law, within a period of two weeks thereafter,<lb/> under intimation to the petitioner.<lb/></p>

			<p>6.<lb/> With the above directions, the writ petition is disposed of.<lb/></p>

			<p>SIDDHARTH MRIDUL<lb/> (JUDGE)<lb/> </p>
            
            <p> AUGUST 06, 2018<lb/> dn</p>


	</text>
</tei>
