<?xml version="1.0" ?>
<tei xml:space="preserve">
	<teiHeader>
		<fileDesc xml:id="0"/>
	</teiHeader>
	<text xml:lang="en">
			
			<p>1.<lb/> Impugned order of 16 th October, 2017 (Annexure P-1) rejects<lb/> petitioner&apos;s application for allotment of alternate plot in lieu of acquired<lb/> land on the ground that the following requisite documents have not been<lb/> furnished:-<lb/></p>

			<list>
                
            <item>(i). Affidavit<lb/></item>
			
			<item> (ii). Complete revenue record<lb/></item>

			<item>(iii). Ownership status<lb/> </item>
			
			<item>(iv). R.D.(Relinquishment Deed)<lb/></item>

			</list>

			<p>2.<lb/> Counsel for petitioner submits that on the last date of hearing, copy<lb/> of Minutes of Meeting of the Recommendation Committee held on 17 th<lb/> September, 2014 was handed over to respondents&apos; counsel to clarify as to<lb/> how the impugned order can be justified, as the Recommendation<lb/> Committee had recommended the case of petitioner for allotment of<lb/> alternate plot way back in the year 2014.<lb/> documents, as afore-noted, have not been supplied and therefore, the<lb/> competent authority has rejected the case of petitioner. On the other hand,<lb/> petitioner&apos;s counsel maintains that aforesaid documents were appended to<lb/> the application seeking allotment of alternate plot.<lb/></p>

			<p>4.<lb/> Without going into this aspect any further, it is deemed appropriate<lb/> to dispose of this petition with direction to respondent to reconsider<lb/> petitioner&apos;s application (Annexure P-3) after the aforesaid documents are<lb/> supplied by petitioner within three weeks from today. Upon receipt of<lb/> such documents, petitioner&apos;s application (Annexure P-3) be considered<lb/> by respondent within twelve weeks and its fate be made known to<lb/> petitioner within three weeks thereafter, so that petitioner may avail of the<lb/> remedies, as available in law, if need be.<lb/></p>

			<p>5.<lb/> With aforesaid directions, this petition is disposed of.<lb/></p>

			<p>(SUNIL GAUR)<lb/> JUDGE<lb/> </p>
			
			<p>AUGUST 30, 2018<lb/> r</p>


	</text>
</tei>
