<?xml version="1.0" ?>
<tei xml:space="preserve">
	<teiHeader>
		<fileDesc xml:id="0"/>
	</teiHeader>
	<text xml:lang="en">
			<p> When the matter is taken up for hearing today, the learned counsel <lb/>appearing for the petitioner seeks permission of this Court to withdraw this <lb/>Writ Petition and he has also made an endorsement to that effect. <lb/></p>

			<p>2.In view of the endorsement made by the learned counsel appearing<lb/> for the petitioner, this Writ Petition is dismissed as withdrawn. No costs.<lb/> Consequently, connected miscellaneous petition is closed.<lb/> </p>
            
            <p> Index<lb/> :Yes/No<lb/> 14.02.2020<lb/> </p>
            <p> Internet : Yes/No<lb/> </p>
            
            <p> mm<lb/></p>
            
            <p>  W.P.(MD)No.9134 of 2019<lb/></p>


	</text>
</tei>
