<?xml version="1.0" ?>
<tei xml:space="preserve">
	<teiHeader>
		<fileDesc xml:id="0"/>
	</teiHeader>
	<text xml:lang="en">
			<head>Order<lb/> 12/05/2021<lb/></head>

			<p>Learned counsel for the applicant submits that the office has<lb/> wrongly registered the bail application all over again after<lb/> registering the same as S.B. Criminal Miscellaneous Bail<lb/> Application No. 6097/2021 and, therefore, the same may be<lb/> permitted to be withdrawn with liberty to pursue S.B. Criminal<lb/> Miscellaneous Bail Application No. 6097/2021.<lb/> In view of the submissions made, the present bail application<lb/> is dismissed as withdrawn with liberty as aforesaid.<lb/></p>

			<p>(ARUN BHANSALI),J<lb/></p>

			<p>52-PKS/-</p>


	</text>
</tei>
