<?xml version="1.0" ?>
<tei xml:space="preserve">
	<teiHeader>
		<fileDesc xml:id="0"/>
	</teiHeader>
	<text xml:lang="en">
			<head>Order<lb/> 12/05/2021<lb/></head>

			<p>Heard.<lb/> Issue notice to the respondents.<lb/> Learned Public Prosecutor accepts notice on behalf of the<lb/> respondent No.1-State.<lb/> Let notice be issued to respondent No.2 only, returnable on<lb/> 21.05.2021. Notice be served upon the respondent No.2 through<lb/> concerned SHO.<lb/> List this matter on 21.05.2021, as prayed.<lb/></p>

			<p>(MANOJ KUMAR GARG),J<lb/></p>

			<p>99-NK/-</p>


	</text>
</tei>
